-- phpMyAdmin SQL Dump
-- version 4.8.5
-- https://www.phpmyadmin.net/
--
-- Počítač: 127.0.0.1:3306
-- Vytvořeno: Úte 20. čen 2023, 14:39
-- Verze serveru: 5.7.26
-- Verze PHP: 7.2.18

SET SQL_MODE = "NO_AUTO_VALUE_ON_ZERO";
SET AUTOCOMMIT = 0;
START TRANSACTION;
SET time_zone = "+00:00";


/*!40101 SET @OLD_CHARACTER_SET_CLIENT=@@CHARACTER_SET_CLIENT */;
/*!40101 SET @OLD_CHARACTER_SET_RESULTS=@@CHARACTER_SET_RESULTS */;
/*!40101 SET @OLD_COLLATION_CONNECTION=@@COLLATION_CONNECTION */;
/*!40101 SET NAMES utf8mb4 */;

--
-- Databáze: `tanky`
--

DELIMITER $$
--
-- Procedury
--
DROP PROCEDURE IF EXISTS `tierUpdate`$$
CREATE DEFINER=`root`@`localhost` PROCEDURE `tierUpdate` ()  BEGIN
DECLARE name VARCHAR(100);
DECLARE tier1 VARCHAR(100);
DECLARE done INT DEFAULT FALSE;
DECLARE curs CURSOR FOR SELECT Nazev, Tier FROM `tanky`.`tank`;
DECLARE CONTINUE HANDLER FOR NOT FOUND SET done = TRUE;
	OPEN curs;
		label: LOOP
    		FETCH curs INTO name, tier1;
            IF done THEN
            	LEAVE label;
            END IF;
        	UPDATE tank SET Tier = (SELECT idTier FROM tier WHERE Tier = tier1) WHERE Nazev = name;
    	END LOOP;
	CLOSE curs;
END$$

DELIMITER ;

-- --------------------------------------------------------

--
-- Struktura tabulky `auth_group`
--

DROP TABLE IF EXISTS `auth_group`;
CREATE TABLE IF NOT EXISTS `auth_group` (
  `id` int(11) NOT NULL AUTO_INCREMENT,
  `name` varchar(150) NOT NULL,
  PRIMARY KEY (`id`),
  UNIQUE KEY `name` (`name`)
) ENGINE=MyISAM DEFAULT CHARSET=latin1;

-- --------------------------------------------------------

--
-- Struktura tabulky `auth_group_permissions`
--

DROP TABLE IF EXISTS `auth_group_permissions`;
CREATE TABLE IF NOT EXISTS `auth_group_permissions` (
  `id` bigint(20) NOT NULL AUTO_INCREMENT,
  `group_id` int(11) NOT NULL,
  `permission_id` int(11) NOT NULL,
  PRIMARY KEY (`id`),
  UNIQUE KEY `auth_group_permissions_group_id_permission_id_0cd325b0_uniq` (`group_id`,`permission_id`),
  KEY `auth_group_permissions_group_id_b120cbf9` (`group_id`),
  KEY `auth_group_permissions_permission_id_84c5c92e` (`permission_id`)
) ENGINE=MyISAM DEFAULT CHARSET=latin1;

-- --------------------------------------------------------

--
-- Struktura tabulky `auth_permission`
--

DROP TABLE IF EXISTS `auth_permission`;
CREATE TABLE IF NOT EXISTS `auth_permission` (
  `id` int(11) NOT NULL AUTO_INCREMENT,
  `name` varchar(255) NOT NULL,
  `content_type_id` int(11) NOT NULL,
  `codename` varchar(100) NOT NULL,
  PRIMARY KEY (`id`),
  UNIQUE KEY `auth_permission_content_type_id_codename_01ab375a_uniq` (`content_type_id`,`codename`),
  KEY `auth_permission_content_type_id_2f476e4b` (`content_type_id`)
) ENGINE=MyISAM AUTO_INCREMENT=121 DEFAULT CHARSET=latin1;

--
-- Vypisuji data pro tabulku `auth_permission`
--

INSERT INTO `auth_permission` (`id`, `name`, `content_type_id`, `codename`) VALUES
(1, 'Can add log entry', 1, 'add_logentry'),
(2, 'Can change log entry', 1, 'change_logentry'),
(3, 'Can delete log entry', 1, 'delete_logentry'),
(4, 'Can view log entry', 1, 'view_logentry'),
(5, 'Can add permission', 2, 'add_permission'),
(6, 'Can change permission', 2, 'change_permission'),
(7, 'Can delete permission', 2, 'delete_permission'),
(8, 'Can view permission', 2, 'view_permission'),
(9, 'Can add group', 3, 'add_group'),
(10, 'Can change group', 3, 'change_group'),
(11, 'Can delete group', 3, 'delete_group'),
(12, 'Can view group', 3, 'view_group'),
(13, 'Can add user', 4, 'add_user'),
(14, 'Can change user', 4, 'change_user'),
(15, 'Can delete user', 4, 'delete_user'),
(16, 'Can view user', 4, 'view_user'),
(17, 'Can add content type', 5, 'add_contenttype'),
(18, 'Can change content type', 5, 'change_contenttype'),
(19, 'Can delete content type', 5, 'delete_contenttype'),
(20, 'Can view content type', 5, 'view_contenttype'),
(21, 'Can add session', 6, 'add_session'),
(22, 'Can change session', 6, 'change_session'),
(23, 'Can delete session', 6, 'delete_session'),
(24, 'Can view session', 6, 'view_session'),
(25, 'Can add student', 7, 'add_student'),
(26, 'Can change student', 7, 'change_student'),
(27, 'Can delete student', 7, 'delete_student'),
(28, 'Can view student', 7, 'view_student'),
(29, 'Can add tank', 8, 'add_tank'),
(30, 'Can change tank', 8, 'change_tank'),
(31, 'Can delete tank', 8, 'delete_tank'),
(32, 'Can view tank', 8, 'view_tank'),
(33, 'Can add auth group', 9, 'add_authgroup'),
(34, 'Can change auth group', 9, 'change_authgroup'),
(35, 'Can delete auth group', 9, 'delete_authgroup'),
(36, 'Can view auth group', 9, 'view_authgroup'),
(37, 'Can add auth group permissions', 10, 'add_authgrouppermissions'),
(38, 'Can change auth group permissions', 10, 'change_authgrouppermissions'),
(39, 'Can delete auth group permissions', 10, 'delete_authgrouppermissions'),
(40, 'Can view auth group permissions', 10, 'view_authgrouppermissions'),
(41, 'Can add auth permission', 11, 'add_authpermission'),
(42, 'Can change auth permission', 11, 'change_authpermission'),
(43, 'Can delete auth permission', 11, 'delete_authpermission'),
(44, 'Can view auth permission', 11, 'view_authpermission'),
(45, 'Can add auth user', 12, 'add_authuser'),
(46, 'Can change auth user', 12, 'change_authuser'),
(47, 'Can delete auth user', 12, 'delete_authuser'),
(48, 'Can view auth user', 12, 'view_authuser'),
(49, 'Can add auth user groups', 13, 'add_authusergroups'),
(50, 'Can change auth user groups', 13, 'change_authusergroups'),
(51, 'Can delete auth user groups', 13, 'delete_authusergroups'),
(52, 'Can view auth user groups', 13, 'view_authusergroups'),
(53, 'Can add auth user user permissions', 14, 'add_authuseruserpermissions'),
(54, 'Can change auth user user permissions', 14, 'change_authuseruserpermissions'),
(55, 'Can delete auth user user permissions', 14, 'delete_authuseruserpermissions'),
(56, 'Can view auth user user permissions', 14, 'view_authuseruserpermissions'),
(57, 'Can add dela', 15, 'add_dela'),
(58, 'Can change dela', 15, 'change_dela'),
(59, 'Can delete dela', 15, 'delete_dela'),
(60, 'Can view dela', 15, 'view_dela'),
(61, 'Can add django admin log', 16, 'add_djangoadminlog'),
(62, 'Can change django admin log', 16, 'change_djangoadminlog'),
(63, 'Can delete django admin log', 16, 'delete_djangoadminlog'),
(64, 'Can view django admin log', 16, 'view_djangoadminlog'),
(65, 'Can add django content type', 17, 'add_djangocontenttype'),
(66, 'Can change django content type', 17, 'change_djangocontenttype'),
(67, 'Can delete django content type', 17, 'delete_djangocontenttype'),
(68, 'Can view django content type', 17, 'view_djangocontenttype'),
(69, 'Can add django migrations', 18, 'add_djangomigrations'),
(70, 'Can change django migrations', 18, 'change_djangomigrations'),
(71, 'Can delete django migrations', 18, 'delete_djangomigrations'),
(72, 'Can view django migrations', 18, 'view_djangomigrations'),
(73, 'Can add django session', 19, 'add_djangosession'),
(74, 'Can change django session', 19, 'change_djangosession'),
(75, 'Can delete django session', 19, 'delete_djangosession'),
(76, 'Can view django session', 19, 'view_djangosession'),
(77, 'Can add kategorie', 20, 'add_kategorie'),
(78, 'Can change kategorie', 20, 'change_kategorie'),
(79, 'Can delete kategorie', 20, 'delete_kategorie'),
(80, 'Can view kategorie', 20, 'view_kategorie'),
(81, 'Can add naboje', 21, 'add_naboje'),
(82, 'Can change naboje', 21, 'change_naboje'),
(83, 'Can delete naboje', 21, 'delete_naboje'),
(84, 'Can view naboje', 21, 'view_naboje'),
(85, 'Can add narod', 22, 'add_narod'),
(86, 'Can change narod', 22, 'change_narod'),
(87, 'Can delete narod', 22, 'delete_narod'),
(88, 'Can view narod', 22, 'view_narod'),
(89, 'Can add status', 23, 'add_status'),
(90, 'Can change status', 23, 'change_status'),
(91, 'Can delete status', 23, 'delete_status'),
(92, 'Can view status', 23, 'view_status'),
(93, 'Can add tier', 24, 'add_tier'),
(94, 'Can change tier', 24, 'change_tier'),
(95, 'Can delete tier', 24, 'delete_tier'),
(96, 'Can view tier', 24, 'view_tier'),
(97, 'Can add comparison', 25, 'add_comparison'),
(98, 'Can change comparison', 25, 'change_comparison'),
(99, 'Can delete comparison', 25, 'delete_comparison'),
(100, 'Can view comparison', 25, 'view_comparison'),
(101, 'Can add nabijeni', 26, 'add_nabijeni'),
(102, 'Can change nabijeni', 26, 'change_nabijeni'),
(103, 'Can delete nabijeni', 26, 'delete_nabijeni'),
(104, 'Can view nabijeni', 26, 'view_nabijeni'),
(105, 'Can add naboj', 27, 'add_naboj'),
(106, 'Can change naboj', 27, 'change_naboj'),
(107, 'Can delete naboj', 27, 'delete_naboj'),
(108, 'Can view naboj', 27, 'view_naboj'),
(109, 'Can add tank has gun', 28, 'add_tankhasgun'),
(110, 'Can change tank has gun', 28, 'change_tankhasgun'),
(111, 'Can delete tank has gun', 28, 'delete_tankhasgun'),
(112, 'Can view tank has gun', 28, 'view_tankhasgun'),
(113, 'Can add delo has naboj', 29, 'add_delohasnaboj'),
(114, 'Can change delo has naboj', 29, 'change_delohasnaboj'),
(115, 'Can delete delo has naboj', 29, 'delete_delohasnaboj'),
(116, 'Can view delo has naboj', 29, 'view_delohasnaboj'),
(117, 'Can add delo', 30, 'add_delo'),
(118, 'Can change delo', 30, 'change_delo'),
(119, 'Can delete delo', 30, 'delete_delo'),
(120, 'Can view delo', 30, 'view_delo');

-- --------------------------------------------------------

--
-- Struktura tabulky `auth_user`
--

DROP TABLE IF EXISTS `auth_user`;
CREATE TABLE IF NOT EXISTS `auth_user` (
  `id` int(11) NOT NULL AUTO_INCREMENT,
  `password` varchar(128) NOT NULL,
  `last_login` datetime(6) DEFAULT NULL,
  `is_superuser` tinyint(1) NOT NULL,
  `username` varchar(150) NOT NULL,
  `first_name` varchar(150) NOT NULL,
  `last_name` varchar(150) NOT NULL,
  `email` varchar(254) NOT NULL,
  `is_staff` tinyint(1) NOT NULL,
  `is_active` tinyint(1) NOT NULL,
  `date_joined` datetime(6) NOT NULL,
  PRIMARY KEY (`id`),
  UNIQUE KEY `username` (`username`)
) ENGINE=MyISAM DEFAULT CHARSET=latin1;

-- --------------------------------------------------------

--
-- Struktura tabulky `auth_user_groups`
--

DROP TABLE IF EXISTS `auth_user_groups`;
CREATE TABLE IF NOT EXISTS `auth_user_groups` (
  `id` bigint(20) NOT NULL AUTO_INCREMENT,
  `user_id` int(11) NOT NULL,
  `group_id` int(11) NOT NULL,
  PRIMARY KEY (`id`),
  UNIQUE KEY `auth_user_groups_user_id_group_id_94350c0c_uniq` (`user_id`,`group_id`),
  KEY `auth_user_groups_user_id_6a12ed8b` (`user_id`),
  KEY `auth_user_groups_group_id_97559544` (`group_id`)
) ENGINE=MyISAM DEFAULT CHARSET=latin1;

-- --------------------------------------------------------

--
-- Struktura tabulky `auth_user_user_permissions`
--

DROP TABLE IF EXISTS `auth_user_user_permissions`;
CREATE TABLE IF NOT EXISTS `auth_user_user_permissions` (
  `id` bigint(20) NOT NULL AUTO_INCREMENT,
  `user_id` int(11) NOT NULL,
  `permission_id` int(11) NOT NULL,
  PRIMARY KEY (`id`),
  UNIQUE KEY `auth_user_user_permissions_user_id_permission_id_14a6b632_uniq` (`user_id`,`permission_id`),
  KEY `auth_user_user_permissions_user_id_a95ead1b` (`user_id`),
  KEY `auth_user_user_permissions_permission_id_1fbb5f2c` (`permission_id`)
) ENGINE=MyISAM DEFAULT CHARSET=latin1;

-- --------------------------------------------------------

--
-- Struktura tabulky `delo`
--

DROP TABLE IF EXISTS `delo`;
CREATE TABLE IF NOT EXISTS `delo` (
  `idGun` int(11) NOT NULL AUTO_INCREMENT,
  `Nazev` varchar(100) NOT NULL,
  `GunTier` int(11) DEFAULT NULL,
  PRIMARY KEY (`idGun`),
  KEY `FK_delo_Tier` (`GunTier`)
) ENGINE=InnoDB AUTO_INCREMENT=697 DEFAULT CHARSET=utf8;

--
-- Vypisuji data pro tabulku `delo`
--

INSERT INTO `delo` (`idGun`, `Nazev`, `GunTier`) VALUES
(1, '3,7 cm Kw.K. 36 L/46.5', 1),
(2, '2 cm Breda (i)', 1),
(3, '3,7 cm Kw.K. 34 (t) L/40', 1),
(4, '3,7 cm Kw.K. 38 (t) L/47', 2),
(5, '2 cm Flak 38', 2),
(6, '3,7 cm SA 38 L/34', 1),
(7, '2 cm Kw.K. 30', 1),
(8, '2 cm Kw.K. 38', 1),
(9, 'Solothurn S-18/1000', 1),
(10, '40 mm 37/42 M. L/45', 3),
(11, '4,7 cm Kw.K. (t) L/43', 2),
(12, '7,92 mm Mauser E.W. 141', 2),
(13, '3 cm M.K. 103', 5),
(14, '5 cm Kw.K. 38 L/42', 3),
(15, '5 cm Kw.K. 39 L/60', 4),
(16, '3 cm M.K. 103A', 5),
(17, '5 cm Kw.K. 39 L/60L', 5),
(18, '7,5 cm Kw.K. 40 L/48L', 6),
(19, '90 mm D921 F1', 6),
(20, '90 mm Mecar', 7),
(21, '90 mm Mecar N', 8),
(22, '90/76 mm US-Kanone M 32', 7),
(23, '90 mm Rheinmetall DM1', 9),
(24, '105 mm Kanone', 10),
(25, '7,5 cm Kw.K. 37 L/24', 4),
(26, '4,7 cm SA 35 L/34', 2),
(27, '7,5 cm Kw.K. 40 L/43', 4),
(28, '7,5 cm Kw.K. 40 L/48', 5),
(29, '10,5 cm Kw.K. L/28', 5),
(30, '7,5 cm Škoda A18', 5),
(31, '75 mm 43 M. L/43', 5),
(32, '7,5 cm Kw.K. 44/1 L/70', 6),
(33, '7,5 cm Kw.K. 42 L/70', 6),
(34, '8,8 cm Kw.K. 36 L/56', 7),
(35, '7,5 cm Kw.K. L/100', 8),
(36, '8,8 cm Kw.K. 43 L/71', 8),
(37, '9 cm Kanone', 8),
(38, '8,8 cm Kw.K. L/100', 9),
(39, '8.8 cm Kw.K. 43 L/71 mod.Vlt', 8),
(40, '10,5 cm Kw.K. L/52 Ausf. B', 9),
(41, '10,5 cm L7A1', 10),
(42, '100 mm Panzerkanone D-10T2S L/56', 9),
(43, '10,5 cm Kw.K. L/52 Ausf. K', 10),
(44, '10,5 cm Bordkanone L7A3', 10),
(45, '7,5/5,5 cm Waffe 0725', 7),
(46, '10,5 cm Kw.K. L/70', 9),
(47, '10.5 cm KwsPz.K. L/52', 8),
(48, '10.5 cm KwsPz.K. L/68', 9),
(49, '10,5 cm Kw.K. L/52', 8),
(50, '12,8 cm Kw.K. L/50', 9),
(51, '12,8 cm Kw.K. L/50 A', 9),
(52, '12.8 cm Kw.K. Ausf. E', 10),
(53, '12,8 cm Kw.K. 44 L/55', 10),
(54, '10,5 cm Kw.K. L/68', 9),
(55, '15 cm Kw.K. L/38', 10),
(56, '12,8 cm Kw.K. 46 L/61', 10),
(57, '3,7 cm Pak (t) L/47', 2),
(58, '4,7 cm Pak (t) L/43', 2),
(59, '7,62 cm Pak 36 (r)', 4),
(60, '7,5 cm Pak 40/2 L/46', 5),
(61, '7,5 cm Stu.K. 40 L/43', 4),
(62, '7,5 cm Pak 39 L/48', 5),
(63, '10,5 cm Stu.H. 42 L/28', 5),
(64, '7,5 cm Pak 40/3 L/46', 5),
(65, '7,5 cm Kanone L/24', 4),
(66, '7,5 cm Flak L/60', 6),
(67, '8,8 cm Flak 37 L/56', 7),
(68, '8,8 cm Flak 41 L/74', 8),
(69, '7,5 cm Pak 42 L/70', 6),
(70, '7,5 cm Stu.K. 40 L/48', 5),
(71, '10,5 cm Kanone 18', 8),
(72, '8,8 cm Pak L/56', 7),
(73, '8,8 cm Pak 43 L/71', 8),
(74, '10,5 cm Pak L/52', 8),
(75, '12,8 cm Kanone 40', 9),
(76, '8,8 cm Pak 43 L/71A', 8),
(77, '12,8 cm Pak 44 L/55', 10),
(78, '12,8 cm Kanone 43 L/55', 9),
(79, '12,8 cm Kanone 44 L/55', 10),
(80, '15 cm Pak L/29.5', 10),
(81, '12,8 cm Pak L/66', 10),
(82, '12,8 cm Kanone L/61', 10),
(83, '15 cm Pak L/38', 10),
(84, '15 cm Pak L/63', 10),
(85, '17 cm Pak', 10),
(86, '10,5 cm le.F.H. 16 L/22', 3),
(87, '15 cm s.I.G. 33 L/11', 3),
(88, '10,5 cm le.F.H. 18 L/28', 4),
(89, '15 cm s.F.H. 13 L/17', 5),
(90, '15 cm s.F.H. 18 L/29.5', 6),
(91, '15 cm s.F.H. 43', 7),
(92, '17 cm Kanone 72', 8),
(93, '21 cm Mörser 18/1', 9),
(94, '21 cm Mörser 18/2', 10),
(95, '37 mm Hotchkiss', 1),
(96, '45 mm mod. 1932', 2),
(97, '37 mm B-3', 1),
(98, '20 mm TNSh', 1),
(99, '45 mm 20K', 2),
(100, '37 mm ZiS-19', 3),
(101, '45 mm 20KL', 2),
(102, '12.7 mm DShK', 1),
(103, 'QF 2-pdr Mk. IX-A', 4),
(104, '76 mm KT-28', 2),
(105, '37 mm M5', 2),
(106, '45 mm VT-42', 4),
(107, '37 mm Automatic SH-37', 5),
(108, '76 mm L-10', 3),
(109, '76 mm L-11', 4),
(110, '45 mm VT-43', 4),
(111, '45 mm 20KM', 4),
(112, '45 mm VT-43M', 5),
(113, '57 mm ZiS-4M', 5),
(114, '76 mm S-54M', 6),
(115, '85 mm ZiS-S-53M', 6),
(116, '85 mm D-5T-85BMU', 7),
(117, '85 mm D-10-85', 8),
(118, '100 mm D-10TM', 8),
(119, '100 mm D-10TM mod. 1945', 8),
(120, '100 mm T-100', 10),
(121, '76 mm L-10A', 3),
(122, '76 mm L-10U', 3),
(123, '57 mm ZiS-8', 4),
(124, '76 mm F-32', 4),
(125, '57 mm ZiS-4', 5),
(126, '85 mm F-30', 6),
(127, '76 mm F-96', 5),
(128, '76 mm F-34', 4),
(129, '76 mm S-54', 5),
(130, '76 mm F-34 (1943)', 5),
(131, '85 mm ZiS-S-53', 6),
(132, '85 mm D5T-85BM', 7),
(133, '122 mm U-11', 5),
(134, '107 mm ZiS-6', 7),
(135, '76 mm ZiS-5', 5),
(136, '85 mm D-5T', 6),
(137, '100 mm D10T', 7),
(138, '100 mm M-63', 9),
(139, '122 mm D-25TS', 8),
(140, '100 mm LB-1', 7),
(141, '122 mm D-25-44', 8),
(142, '100 mm D10T-K', 7),
(143, '122 mm D-25TSU', 9),
(144, '100 mm D-54U', 9),
(145, '100 mm D10T mod. 1945', 7),
(146, '100 mm D-54', 9),
(147, '100 mm D-10T2S', 9),
(148, '100 mm D-46T', 10),
(149, '100 mm U-8TS', 10),
(150, '122 mm M62-T2U', 10),
(151, '100 mm D-54TS', 10),
(152, 'QF 6-pdr Mk. V', 4),
(153, '57 mm project 413', 5),
(154, '85 mm S-31M', 6),
(155, '122 mm Howitzer S-41', 5),
(156, '152 mm M-10', 6),
(157, '100 mm S-34', 7),
(158, '122 mm D-2-5T', 7),
(159, '85 mm S-31', 6),
(160, '122 mm D-25T', 8),
(161, '122 mm BL-9', 9),
(162, '122 mm D-25TA', 8),
(163, '122 mm D-30', 8),
(164, '122 mm D-25BM', 9),
(165, '107 mm ZiS-24', 9),
(166, '107 mm M-75', 9),
(167, '107 mm ZiS-6M', 7),
(168, '122 mm BL-13', 9),
(169, '122 mm BL-13-1 A', 10),
(170, '130 mm S-70', 10),
(171, '122 mm M62-T2', 10),
(172, '122 mm BL-13-1', 10),
(173, '122 mm M62-T2A', 10),
(174, '152 mm M-51', 10),
(175, '45 mm 20KS', 2),
(176, '76 mm L-10S', 3),
(177, '57 mm ZiS-8S', 4),
(178, '76 mm ZiS-3', 5),
(179, '57 mm ZiS-2', 6),
(180, '85 mm D-5S-85A', 6),
(181, '85 mm LB-2S', 6),
(182, '76 mm S-54S', 5),
(183, '85 mm D-5S', 6),
(184, '122 mm M-30S', 5),
(185, '85 mm D5S-85BM', 7),
(186, '100 mm D10S', 7),
(187, '122 mm D-2-5S', 7),
(188, '130 mm B-13-S2', 8),
(189, '122 mm D-25S mod. 1944', 8),
(190, '100 mm D-10S mod. 1944', 7),
(191, '100 mm LB-1C', 7),
(192, '122 mm D-25S', 8),
(193, '152 mm ML-20 mod. 1931/37', 6),
(194, '122 mm A-19 mod. 1937', 7),
(195, '152 mm ML-20S', 6),
(196, '122 mm BL-9S', 9),
(197, '152 mm D-4S', 10),
(198, '100 mm D-54S', 9),
(199, '122 mm D-25-SU-101', 9),
(200, '122 mm M62-C2', 10),
(201, '130 mm M-65S', 10),
(202, '152 mm ML-20SM mod. 1944', 7),
(203, '152 mm BL-10', 10),
(204, '130 mm S-70A', 10),
(205, '122 mm D-49', 8),
(206, '152 mm M-64', 10),
(207, '152 mm M-53S', 10),
(208, '76 mm Regimental Gun mod. 1927', 2),
(209, '76 mm Gun mod. 1902/30 30 clb', 2),
(210, '76 mm Gun mod. 1902/30 40 clb', 3),
(211, '122 mm Howitzer mod. 1910/1930', 4),
(212, '152 mm Mortar NM mod. 1931', 5),
(213, '122 mm Howitzer M-30', 5),
(214, '152 mm Howitzer D-1', 6),
(215, '122 mm Howitzer A-19', 6),
(216, '152 mm Howitzer ML-20 mod. 1931', 6),
(217, '152 mm BR-2', 7),
(218, '203 mm B-4', 9),
(219, '180 mm B-1-P', 10),
(220, '37 mm Gun M1916', 1),
(221, '37 mm Semiautomatic Gun M1924', 1),
(222, 'Browning MG caliber .50 HB, M2', 1),
(223, '20 mm Hispano-Suiza Birkigt Gun', 2),
(224, '37 mm Gun M5', 2),
(225, '37 mm Semiautomatic Gun M1924A1', 1),
(226, '37 mm Gun M6', 3),
(227, '37 mm dual automatic cannon', 5),
(228, '37 mm Gun T16', 4),
(229, '75 mm Gun M6', 5),
(230, '75 mm Gun M17', 5),
(231, '75 mm Gun M2L', 4),
(232, 'QF 6-pdr Mk. III', 4),
(233, '75 mm Gun M3L', 4),
(234, '76 mm Gun T94', 6),
(235, '76 mm Gun T91', 6),
(236, '76 mm Gun M1A1L', 6),
(237, '76 mm Gun M1A2L', 6),
(238, '76 mm Gun T185E', 7),
(239, '76 mm Gun M32', 7),
(240, '76 mm Gun M32 late', 8),
(241, '76 mm Gun T185E1', 7),
(242, '90 mm Gun T132E3', 9),
(243, '152 mm Gun-Launcher XM81 (conventional)', 10),
(244, '105 mm Lightweight Gun', 10),
(245, '37 mm Browning Semiautomatic Gun', 2),
(246, '75 mm Howitzer M3', 3),
(247, '75 mm Gun M2', 4),
(248, '75 mm Gun M3', 4),
(249, '105 mm M4', 5),
(250, '76 mm Gun M1A1', 6),
(251, 'QF 6-pdr Mk. IIIA', 4),
(252, '76 mm Gun M1A2', 6),
(253, '90 mm Gun M3', 7),
(254, '90 mm Gun T15E2M2', 8),
(255, '90 mm Gun M3A1', 7),
(256, '90 mm Gun T7', 7),
(257, '90 mm Gun T15E1', 8),
(258, '76 mm Gun T185', 7),
(259, '90 mm Gun T178', 8),
(260, '90 mm Gun M41E1', 8),
(261, '90 mm Gun M36', 7),
(262, '105 mm Gun T5E1M2', 9),
(263, '105 mm Gun T140E2', 9),
(264, '105 mm Gun M68', 10),
(265, '120 mm Gun T123E6', 10),
(266, '3-inch Gun M7', 5),
(267, '105 mm Gun T5E1', 8),
(268, '105-mm Gun T5E1A', 8),
(269, '105 mm Gun T5E1E', 8),
(270, '90 mm Gun T7E1', 8),
(271, '90 mm Gun T15E2', 8),
(272, '105 mm Gun T5E1/45', 8),
(273, '120 mm Gun T53A1', 9),
(274, '120 mm Gun T122', 9),
(275, '120 mm Gun M58', 10),
(276, '120 mm Gun T179', 10),
(277, '37 mm AT Gun M3', 2),
(278, '75 mm AT Howitzer M1A1', 4),
(279, 'QF 2-pdr Mk. IX', 4),
(280, '3-inch AT Gun M7', 5),
(281, '57 mm Gun M1', 5),
(282, '75 mm AT Howitzer M3', 3),
(283, '75 mm AT Gun M3', 4),
(284, '3-inch AT Gun M1918', 4),
(285, '105 mm AT Howitzer M3', 5),
(286, '76 mm AT Gun M1A1', 6),
(287, '76 mm AT Gun M1A2', 6),
(288, '105 mm AT M4', 5),
(289, '90 mm AT Gun M3', 7),
(290, '90 mm Gun M54', 8),
(291, '90 mm AT Gun T15E2', 8),
(292, '105 mm AT Gun T5E1', 8),
(293, '105 mm Gun T5', 7),
(294, '120 mm AT Gun T53', 10),
(295, '155 mm AT Gun T7', 10),
(296, '155 mm AT Gun T7E2', 10),
(297, '75 mm Pack Howitzer M1', 2),
(298, '105 mm Howitzer M3', 3),
(299, '105 mm Howitzer M2A1', 4),
(300, '75 mm Howitzer M1A1', 4),
(301, '105 mm Howitzer M4', 5),
(302, '155 mm Howitzer M1', 5),
(303, '155 mm Howitzer M45', 6),
(304, '155 mm Gun M1918M1', 6),
(305, '155 mm Gun M1A1', 7),
(306, '8-inch Howitzer M1', 8),
(307, '155 mm Gun M46', 8),
(308, '8-inch Howitzer M47', 9),
(309, 'QF 2-pdr Mk. IX prototype', 1),
(310, '40 mm Pom-Pom prototype', 2),
(311, '15 mm Machine Gun BESA', 1),
(312, '40 mm Pom-Pom', 4),
(313, 'QF 40 mm Mk. VI Bofors', 4),
(314, 'QF 2-pdr Mk. X', 4),
(315, 'OQF 3-inch Howitzer Mk. I', 4),
(316, 'QF 6-pdr Mk. III early', 4),
(317, 'QF 6-pdr Gun Mk. V early', 5),
(318, 'QF 6-pdr LT Gun Mk. V', 5),
(319, '75 mm LT Gun Mk.V', 6),
(320, '75 mm HV L40', 7),
(321, '85 mm HV L40', 8),
(322, '90 mm Cockerill', 9),
(323, 'QF 105 mm Gun', 10),
(324, 'OQF 3-pdr Gun Mk. I', 1),
(325, 'QF 6-pdr 8 cwt Mk. II', 2),
(326, 'OQF 3-pdr Gun Mk. II', 2),
(327, 'QF 6-pdr 8 cwt Mk. I', 4),
(328, 'QF 2-pdr Mk. X-A', 4),
(329, 'QF 2-pdr Mk. X-B', 4),
(330, 'QF 6-pdr Gun Mk. V', 5),
(331, 'QF 6-pdr Mk. V A', 5),
(332, 'OQF 17-pdr Gun Mk. VII', 7),
(333, '3.7-inch Howitzer', 5),
(334, '75 mm Gun Mk. V', 5),
(335, '75 mm Vickers HV', 6),
(336, 'OQF 17-pdr Gun Mk. IV SH-SH', 6),
(337, 'OQF 77 mm Gun Mk. II', 7),
(338, 'OQF 20-pdr Gun Type A Barrel', 8),
(339, '105 mm Royal Ordnance L7A1', 10),
(340, '90 mm Gun T208 (rifled)', 8),
(341, 'QF 5-in. Gun', 8),
(342, 'OQF 20-pdr Gun Type B Barrel', 9),
(343, '105 mm Gun L7A2', 10),
(344, 'OQF 32-pdr Gun Mk. II', 8),
(345, '120 mm Gun L1A1', 10),
(346, '120 mm Gun L1A1 A', 10),
(347, '120 mm Tank Gun L11A1', 10),
(348, 'QF 2-pdr AT Gun Mk. IX', 2),
(349, 'QF 6-pdr 8 cwt AT Gun Mk. II', 2),
(350, 'QF 6-pdr 8 cwt AT Gun Mk. I', 4),
(351, 'QF 6-pdr AT Gun Mk. II', 4),
(352, '3.7-inch AT Howitzer', 5),
(353, 'QF 6-pdr AT Gun Mk. IV', 4),
(354, 'Q.F. 25-Pr. AT Gun/How. Mk. III', 5),
(355, 'OQF 17-pdr AT Gun Mk. II', 6),
(356, 'OQF 17-pdr AT Gun Mk. VII', 7),
(357, 'QF 6-pdr AT Gun Mk. III', 4),
(358, 'QF 6-pdr AT Gun Mk. V', 5),
(359, '75 mm AT Gun Mk. V', 5),
(360, 'OQF 77 mm AT Gun Mk. II', 7),
(361, '3-inch 20 cwt AT Gun Mk. III', 6),
(362, 'QF 3.7-inch AT Gun', 7),
(363, 'OQF 32-pdr AT Gun', 8),
(364, 'OQF 20-pdr AT Gun Type A Barrel', 8),
(365, 'OQF 32-pdr AT Gun Mk. II', 8),
(366, 'OQF 20-pdr AT Gun Type B Barrel', 9),
(367, '105 mm AT Gun L7', 10),
(368, '120 mm AT Gun L1A1', 10),
(369, 'B.L. 5.5-in. Gun', 10),
(370, '183 mm L4', 10),
(371, 'OQF 123 mm Mk. 1', 10),
(372, 'Q.F. 13-Pr. Mk. III', 2),
(373, 'Q.F. 25-Pr. Gun/How. Mk. II', 4),
(374, 'Q.F. 18-Pr.', 3),
(375, 'Q.F. 25-Pr. Gun/How.', 4),
(376, 'Q.F. 4.5-in. Howitzer', 5),
(377, 'Q.F. 6-in. Gun Mk. V', 8),
(378, 'B.L. 7.2-in. Howitzer Mk. 6', 9),
(379, 'B.L. 9.2-in. Howitzer Mk. II', 10),
(380, '37 mm APX SA18', 1),
(381, '37 mm KwK 36 L/46.5', 1),
(382, '47 mm Vickers QF', 2),
(383, '57 mm Gun Type 97', 2),
(384, '47 mm Gun Type 1', 4),
(385, '37 mm M6', 3),
(386, '57 mm 55-57FGA', 5),
(387, '76 mm 54-76T', 6),
(388, '85 mm Type 62', 7),
(389, '85 mm 62-85T', 7),
(390, '85 mm 64-85T', 8),
(391, '100 mm 59-100TA', 8),
(392, '100 mm 60-100TA', 9),
(393, '100 mm 62-100TA', 9),
(394, '105 mm L7A3C', 10),
(395, '57 mm 55-57FG', 5),
(396, '85 mm S-53', 6),
(397, '85 mm 56-85JT', 6),
(398, '100 mm 44-100JT', 7),
(399, '90 mm Gun M41', 8),
(400, '122 mm 371-122JTX', 8),
(401, '100 mm 59-100T', 8),
(402, '100 mm Type 59', 8),
(403, '100 mm 60-100T', 9),
(404, '100 mm 62-100T', 9),
(405, '122 mm 60-122T', 10),
(406, '122 mm 60-122TG', 10),
(407, '105 mm L7C', 10),
(408, '122 mm 37-122JT', 8),
(409, '130 mm 59-130T', 10),
(410, '130 mm 59-130TA', 10),
(411, '37 mm Pak', 2),
(412, '47 mm Gun Type 1G FT', 4),
(413, '85 mm 56-85TG FT', 6),
(414, '85 mm 62-85TG FT', 7),
(415, '100 mm 59-100TG FT', 7),
(416, '100 mm 60-100TG FT', 7),
(417, '122 mm D-25TG FT', 8),
(418, '122 mm 60-122TG FT', 9),
(419, '130 mm 59-130JG FT', 10),
(420, '122 mm 60-122TG FT A', 10),
(421, '152 mm 59-152JG FT', 10),
(422, '13 mm Autocannon Type Ho', 1),
(423, '37 mm Sogekihou', 1),
(424, '37 mm Gun Type 94', 1),
(425, '37 mm Gun Type 98', 2),
(426, '5.7 cm Gun Type 97', 2),
(427, '37 mm Gun Type 100', 3),
(428, '37 mm Gun Type 1', 3),
(429, 'Experimental 57 mm Tank Gun Shin', 4),
(430, '5.7 cm Gun Type 90', 2),
(431, '7.5 cm Tank Gun Type 99', 4),
(432, '7.5 cm Tank Gun Type 3', 4),
(433, '7.5 cm Tank Gun Type 5', 5),
(434, '7.5 cm Tank Gun Type 5 Model I', 6),
(435, '7.5 cm Autoloading Tank Gun Type 5', 6),
(436, '90 mm Rifled Gun', 8),
(437, '90 mm Gun Type 61', 9),
(438, '105 mm Rifled Gun', 10),
(439, '7 cm Gun Type 94', 3),
(440, '12 cm Short Barrel Gun', 5),
(441, '10 cm Cannon Type 92', 7),
(442, '15 cm Howitzer Type 96', 7),
(443, '10 cm Experimental Tank Gun', 8),
(444, '10 cm Experimental Tank Gun Kai', 8),
(445, '12.7 cm/50 3rd Year Type', 9),
(446, '15 cm/45 41st Year Type', 10),
(447, '14 cm/50 3rd Year Type', 10),
(448, '13.2 mm Hotchkiss mle. 1930', 1),
(449, '25 mm Canon Raccourci mle. 1934', 2),
(450, '47 mm SA34', 2),
(451, '37 mm SA38', 2),
(452, '47 mm SA35', 3),
(453, '75 mm SA32', 4),
(454, '75 mm SA32L', 4),
(455, '75 mm SA44L', 5),
(456, '90 mm D. 915', 6),
(457, '75 mm SA49', 5),
(458, '75 mm SA50', 6),
(459, '47 mm SA37B amélioré', 5),
(460, '75 mm Gun M6B', 5),
(461, '75 mm SA49 (EBR)', 6),
(462, '57 mm L/100', 6),
(463, 'Canon de 75 mm Vo 920 m/s (EBR)', 6),
(464, 'Canon de 75 mm Vo 1000 m/s (EBR)', 7),
(465, 'Canon de 75 mm Vo 920 m/s', 7),
(466, 'Canon de 75 mm Vo 1000 m/s', 8),
(467, '90 mm D. 919', 8),
(468, '75 mm SA50L', 7),
(469, '90 mm D. 921 F1', 8),
(470, '90 mm CN 90 F3', 8),
(471, '75 mm CN 75-50', 8),
(472, '90 mm F3M', 9),
(473, '90 mm D. 921', 9),
(474, '105 mm D. 1504', 10),
(475, '105 mm D. 1504 (EBR)', 10),
(476, '47 mm SA37', 3),
(477, '47 mm SA37 amélioré', 4),
(478, '75 mm SA44', 5),
(479, '105 mm court mle. 1934', 5),
(480, '90 mm AC DCA 45', 8),
(481, '100 mm SA47 A', 8),
(482, '105 mm D. 1504 L/51', 8),
(483, '90 mm F3', 7),
(484, '100 mm SA47', 8),
(485, '105 mm mle. F1', 10),
(486, 'Canon de 90 mm Vo 930 m/s', 8),
(487, '105 mm mle. 57 (D. 1504)', 10),
(488, '90 mm DCA 30', 7),
(489, '105 mm Canon 13TR', 7),
(490, '90 mm DCA 45', 8),
(491, '120 mm D. 1203', 9),
(492, '120 mm SA46', 10),
(493, '120 mm D. 1203 A', 10),
(494, '127 mm/54 Model 1948', 10),
(495, '120 mm D. 1203 B', 10),
(496, '130 mm/45 Model 1935', 10),
(497, '25 mm AC SA-L mle. 1937', 2),
(498, '47 mm SA-L mle. 1937', 3),
(499, '25 mm automatique mle. 1936', 2),
(500, '7,5 cm Pak 40/2', 4),
(501, '6-pdr AT Gun Mk. IV', 4),
(502, '75 mm APX mle. 1938', 3),
(503, '75 mm AC SA44', 5),
(504, '105 mm AC court mle. 1934 S', 5),
(505, '17-pdr AT Gun Mk. II', 6),
(506, '90 mm AC canon DCA 30', 7),
(507, '105 mm AC mle. 1930 S', 6),
(508, '100 mm AC SA47', 8),
(509, '120 mm AC SA46', 10),
(510, '105 mm CN 105', 10),
(511, '155 mm AC SA58', 10),
(512, '75 mm Blockhaus Schneider', 2),
(513, '105 mm court mle. 1935 B', 3),
(514, '105 mm court mle. 1934 S', 4),
(515, '105 mm D.E.F.A. 4767 modifié', 4),
(516, '105 mm obusier mle. 1950', 5),
(517, 'Obusier de 155 mm C mle. 1917', 5),
(518, 'Canon de 155 mm de 33 calibres', 6),
(519, 'Obusier de 155 mm mle. 1950', 7),
(520, 'Canon de 155 mm mle. 1917 G.P.F.', 8),
(521, 'Canon de 155 mm', 9),
(522, '37 mm Pěchotní dělo Škoda L/27', 1),
(523, '47 mm Rychlopalné dělo Vickers L/20', 2),
(524, '37 mm Škoda A3', 2),
(525, '37 mm Škoda A8', 2),
(526, '37 mm Škoda A7', 2),
(527, '37 mm Škoda A23', 4),
(528, '47 mm Škoda A9', 3),
(529, '47 mm Škoda A11', 4),
(530, '47 mm Škoda A11 vylepšený', 4),
(531, '75 mm Škoda A13', 4),
(532, '75 mm Škoda A18', 5),
(533, '75 mm Škoda A18 (s automatickým nabíjením)', 6),
(534, '8,8 cm vz. 37N', 7),
(535, '85 mm vz. 44S', 6),
(536, '100 mm vz. 44S', 7),
(537, '8,8 cm vz. 41N', 8),
(538, '10,5 cm vz. 39N', 8),
(539, '8,8 cm vz. 41N A', 8),
(540, '100 mm A20', 9),
(541, '100 mm R11', 9),
(542, '100 mm AK1', 10),
(543, '37 mm kan m/Škoda', 1),
(544, '20 mm akan m/Madsen', 2),
(545, '20 mm akan m/40', 2),
(546, '37 mm kan m/38 strv', 3),
(547, '37 mm kan m/38-49 strv', 4),
(548, '47 mm kan m/38 strv', 4),
(549, '57 mm pvkan m/43', 4),
(550, '7,5 cm kan m/41 strv', 4),
(551, '7,5 cm kan m/43 strv', 5),
(552, '7,5 cm lvkan m/36', 6),
(553, '7,5 cm kan strv 74', 6),
(554, '10 cm kan m/34', 7),
(555, '8,4 cm kan strv 81', 9),
(556, '9 cm Bofors strvkan L/43', 7),
(557, '9 cm Bofors strvkan L/53', 8),
(558, '10,5 cm strvkan L/45', 8),
(559, '10,5 cm strvkan L/51', 9),
(560, '12 cm strvkan L/40', 10),
(561, '10,5 cm lvkan m/42', 8),
(562, '10,5 cm TK 105-9', 9),
(563, '12 cm akan L/40', 10),
(564, '20 mm pvlvkan m/40', 2),
(565, '37 mm pvkan m/38', 3),
(566, '7,5 cm kan m/41 ikv', 4),
(567, '7,5 cm kan m/41 ikv L/50', 4),
(568, '7,5 cm kan m/02', 4),
(569, '7,5 cm kan m/41 ikv L/50 (neglkrut)', 4),
(570, '10,5 cm kan m/44 sav', 5),
(571, '10,5 cm kan ikv 102', 5),
(572, '10,5 cm kan ikv 103', 5),
(573, '9 cm Bofors L/43', 6),
(574, '9 cm Bofors L/53', 7),
(575, '9 cm kan m/F', 8),
(576, '10,5 cm kan strv 103 L/51', 10),
(577, '10,5 cm kan UDES 03', 9),
(578, '10,5 cm kan strv 103 L/62', 10),
(579, '20 mm wz.38 FK-A', 1),
(580, '47 mm QFSA', 2),
(581, '37 mm Bofors wz. 37', 2),
(582, '40 mm Działko czołgowe Dł.55', 3),
(583, '40 mm auto. Boforsa', 4),
(584, '47 mm armata wz. 39', 4),
(585, '75 mm wz. 1897', 5),
(586, '75 mm wz.36/37', 6),
(587, '75 mm wz 22/24', 5),
(588, '90 mm wz.39/90', 7),
(589, '105 mm Bofors wz. 34', 7),
(590, '122 mm wz.43/50', 9),
(591, '122 mm wz.53', 9),
(592, '130 mm R 14 wz.56', 10),
(593, '152 mm J 2', 10),
(594, 'Cannone da 37/20', 1),
(595, 'Cannone da 37/40', 1),
(596, 'Mitragliera Breda cal. 20 mod. 35', 2),
(597, 'Cannone da 47/32', 2),
(598, 'Cannone da 47/40', 3),
(599, 'Cannone da 75/32', 4),
(600, 'Cannone da 75/34', 4),
(601, 'Cannone da 75/46', 5),
(602, 'Cannone da 75/50 Skoda', 5),
(603, 'Cannone da 90/42', 6),
(604, 'Cannone da 90/53', 7),
(605, 'Cannone da 90/74', 8),
(606, 'Cannone da 90/50 T119E1', 8),
(607, 'Cannone da 90 Rh', 9),
(608, 'Cannone da 105 Rh V1', 10),
(609, 'Cannone da 105/51 M68', 10),
(610, '130 mm M-65', 10),
(611, 'OQF 17-pdr AT Gun Mk. V', 6),
(612, '105 mm Gun T140E3', 9),
(613, '10,5 cm Kw.K. L/73', 9),
(614, '120 mm Gun M58A', 10),
(615, '122 mm D-25E-A2', 8),
(616, '100 mm haubica wz. 14/19', 6),
(617, '90 mm armata wz. 39/44', 7),
(618, '90 mm armata wz. 46', 7),
(619, '100 mm armata wz. 49', 7),
(620, '100 mm armata wz. 53', 8),
(621, '100 mm armata wz. 58', 9),
(622, '100 mm armata wz. 62', 9),
(623, '105 mm armata wz. 59', 10),
(624, '105 mm armata wz. 64', 10),
(625, 'Canon 105 mm mle 57 (D.1504)', 9),
(626, '85 mm D-5TD', 7),
(627, '100 mm S-34D', 8),
(628, '122 mm S-34-2', 9),
(629, '122 mm BL-9-SD', 10),
(630, '122 mm M62-SD', 10),
(631, '90 mm Gun M3E', 7),
(632, 'Cannone da 88/47', 7),
(633, 'Cannone da 90/62', 8),
(634, 'Cannone da 105/53', 8),
(635, 'Cannone da 105/71', 8),
(636, 'Cannone da 105/76', 9),
(637, 'Cannone da 120/62', 10),
(638, '127 mm OTO Melara', 10),
(639, '120 mm TG', 9),
(640, '105 mm T140 Y IV', 8),
(641, 'QF 6-inch Caliban', 8),
(642, 'Bofors 120 mm', 8),
(643, '105 mm armata wz. 52', 8),
(644, '105 mm AT Gun L7A1', 10),
(645, '130 mm Škoda R 14', 10),
(646, '130 mm 59-130M', 10),
(647, '10,5 cm kan strv K L/52', 9),
(648, '76 mm Gun T91E5', 6),
(649, '90 mm Gun M41 P', 7),
(650, '90 mm Gun M41 Y', 7),
(651, '90 mm Gun T208 (rifled) HLY', 8),
(652, '105 mm Gun T254 Y III', 8),
(653, '105 mm Gun T254 Y VI', 9),
(654, '120 mm American British Gun', 9),
(655, '105 mm Gun T141', 10),
(656, '120 mm Gun T124', 10),
(657, '76 mm \'Excalibur\' Gun', 6),
(665, 'QF 20 pounder', 8),
(668, 'Cannone da 75/34 S.', 5),
(669, 'Cannone da 90/53 S.', 7),
(670, 'Cannone da 102/40', 7),
(671, 'Cannone da 105/25', 7),
(674, 'Cannone da 75/18', 4),
(675, 'Cannone da 75/27', 5),
(688, 'Cannone da 105/56', 8),
(689, 'Cannone da 90/60', 7),
(690, 'Cannone da 120/59', 8),
(691, 'Cannone da 105/73', 8),
(692, 'Cannone da 105/58', 8),
(693, 'Cannone da 127/58', 10),
(694, 'Cannone da 120/60', 9),
(695, 'Cannone da 130/45', 10),
(696, '130 mm 2A50', 10);

-- --------------------------------------------------------

--
-- Struktura tabulky `delo_has_naboj`
--

DROP TABLE IF EXISTS `delo_has_naboj`;
CREATE TABLE IF NOT EXISTS `delo_has_naboj` (
  `Delo_idDelo` int(11) NOT NULL,
  `Naboj_idNaboj` int(11) NOT NULL,
  `Prubojnost` int(11) NOT NULL,
  `Poskozeni` int(11) NOT NULL,
  `Poradi` int(11) NOT NULL,
  PRIMARY KEY (`Delo_idDelo`,`Naboj_idNaboj`,`Poradi`),
  KEY `fk_Gun_has_Náboj_Náboj1_idx` (`Naboj_idNaboj`),
  KEY `fk_Gun_has_Náboj_Gun1_idx` (`Delo_idDelo`)
) ENGINE=InnoDB DEFAULT CHARSET=utf8;

--
-- Vypisuji data pro tabulku `delo_has_naboj`
--

INSERT INTO `delo_has_naboj` (`Delo_idDelo`, `Naboj_idNaboj`, `Prubojnost`, `Poskozeni`, `Poradi`) VALUES
(1, 1, 40, 36, 1),
(1, 2, 74, 36, 2),
(1, 3, 18, 42, 3),
(2, 1, 30, 11, 1),
(2, 2, 47, 11, 2),
(3, 1, 40, 40, 1),
(3, 2, 69, 40, 2),
(3, 3, 18, 45, 3),
(4, 1, 42, 40, 1),
(4, 2, 74, 40, 2),
(4, 3, 18, 45, 3),
(5, 1, 39, 11, 1),
(5, 2, 51, 11, 2),
(6, 1, 41, 40, 1),
(6, 2, 64, 40, 2),
(6, 3, 18, 45, 3),
(7, 1, 23, 11, 1),
(7, 2, 46, 11, 2),
(8, 1, 23, 11, 1),
(8, 2, 46, 11, 2),
(9, 1, 40, 13, 1),
(9, 2, 51, 13, 2),
(10, 1, 64, 45, 1),
(10, 1, 80, 45, 2),
(10, 3, 20, 60, 3),
(11, 1, 62, 60, 1),
(11, 2, 115, 60, 2),
(11, 3, 24, 75, 3),
(12, 1, 33, 8, 1),
(12, 2, 43, 8, 2),
(13, 1, 95, 30, 1),
(13, 2, 110, 30, 2),
(13, 3, 15, 40, 3),
(14, 1, 60, 70, 1),
(14, 2, 96, 70, 2),
(14, 3, 25, 90, 3),
(15, 1, 67, 70, 1),
(15, 2, 130, 70, 2),
(15, 3, 25, 90, 3),
(16, 1, 95, 30, 1),
(16, 2, 110, 30, 2),
(16, 3, 15, 40, 3),
(17, 1, 100, 70, 1),
(17, 2, 130, 70, 2),
(17, 3, 25, 90, 3),
(18, 1, 132, 110, 1),
(18, 2, 158, 110, 2),
(18, 3, 38, 175, 3),
(19, 1, 145, 220, 1),
(19, 3, 45, 270, 3),
(19, 4, 210, 220, 2),
(20, 1, 158, 220, 1),
(20, 3, 45, 270, 3),
(20, 4, 210, 220, 2),
(21, 1, 180, 240, 1),
(21, 3, 45, 320, 3),
(21, 4, 250, 240, 2),
(22, 1, 182, 240, 1),
(22, 3, 102, 320, 3),
(22, 4, 250, 240, 2),
(23, 2, 215, 240, 1),
(23, 3, 102, 320, 3),
(23, 4, 250, 240, 2),
(24, 2, 242, 320, 1),
(24, 3, 120, 420, 3),
(24, 4, 280, 320, 2),
(25, 1, 43, 110, 1),
(25, 3, 38, 175, 3),
(25, 4, 87, 110, 2),
(26, 1, 55, 52, 1),
(26, 2, 90, 52, 2),
(26, 3, 24, 62, 3),
(27, 1, 103, 110, 1),
(27, 2, 139, 110, 2),
(27, 3, 38, 175, 3),
(28, 1, 110, 110, 1),
(28, 2, 158, 110, 2),
(28, 3, 38, 175, 3),
(29, 1, 64, 350, 1),
(29, 3, 53, 410, 3),
(29, 4, 104, 350, 2),
(30, 1, 116, 110, 1),
(30, 2, 167, 110, 2),
(30, 3, 38, 175, 3),
(31, 1, 113, 110, 1),
(31, 2, 160, 110, 2),
(31, 3, 38, 175, 3),
(32, 1, 150, 135, 1),
(32, 2, 194, 135, 2),
(32, 3, 38, 175, 3),
(33, 1, 150, 135, 1),
(33, 2, 194, 135, 2),
(33, 3, 38, 175, 3),
(34, 1, 145, 220, 1),
(34, 2, 194, 220, 2),
(34, 3, 44, 270, 3),
(35, 1, 198, 135, 1),
(35, 2, 244, 135, 2),
(35, 3, 38, 175, 3),
(36, 1, 203, 240, 1),
(36, 2, 237, 240, 2),
(36, 3, 44, 295, 3),
(37, 1, 218, 250, 1),
(37, 2, 259, 250, 2),
(37, 3, 90, 330, 3),
(38, 1, 223, 280, 1),
(38, 2, 261, 280, 2),
(38, 3, 44, 370, 3),
(39, 1, 203, 280, 1),
(39, 2, 237, 280, 2),
(39, 3, 44, 370, 3),
(40, 1, 230, 390, 1),
(40, 2, 270, 390, 2),
(40, 3, 60, 510, 3),
(41, 2, 278, 420, 1),
(41, 2, 323, 420, 2),
(41, 3, 105, 510, 3),
(42, 1, 221, 320, 1),
(42, 3, 50, 420, 3),
(42, 4, 330, 320, 2),
(43, 2, 270, 390, 1),
(43, 3, 60, 510, 3),
(43, 4, 330, 390, 2),
(44, 2, 278, 420, 1),
(44, 2, 323, 420, 2),
(44, 3, 105, 510, 3),
(45, 1, 157, 135, 1),
(45, 2, 221, 135, 2),
(46, 1, 234, 320, 1),
(46, 2, 294, 320, 2),
(46, 3, 60, 420, 3),
(47, 1, 200, 360, 1),
(47, 2, 244, 360, 2),
(47, 3, 60, 440, 3),
(48, 1, 225, 360, 1),
(48, 2, 285, 360, 2),
(48, 3, 60, 440, 3),
(49, 1, 200, 320, 1),
(49, 2, 244, 320, 2),
(49, 3, 60, 420, 3),
(50, 1, 220, 440, 1),
(50, 2, 260, 440, 2),
(50, 3, 65, 630, 3),
(51, 1, 220, 440, 1),
(51, 2, 260, 440, 2),
(51, 3, 65, 630, 3),
(52, 1, 246, 530, 1),
(52, 2, 311, 530, 2),
(52, 3, 65, 670, 3),
(53, 1, 246, 490, 1),
(53, 2, 311, 490, 2),
(53, 3, 65, 630, 3),
(54, 1, 225, 320, 1),
(54, 2, 285, 320, 2),
(54, 3, 60, 420, 3),
(55, 1, 246, 750, 1),
(55, 3, 85, 950, 3),
(55, 4, 334, 750, 2),
(56, 1, 258, 560, 1),
(56, 2, 315, 560, 2),
(56, 3, 65, 700, 3),
(57, 1, 42, 40, 1),
(57, 2, 74, 40, 2),
(57, 3, 18, 45, 3),
(58, 1, 62, 60, 1),
(58, 2, 115, 60, 2),
(58, 3, 24, 75, 3),
(59, 1, 96, 115, 1),
(59, 2, 166, 115, 2),
(59, 3, 38, 165, 3),
(60, 1, 108, 110, 1),
(60, 2, 154, 110, 2),
(60, 3, 38, 175, 3),
(61, 1, 103, 110, 1),
(61, 2, 139, 110, 2),
(61, 3, 38, 175, 3),
(62, 1, 110, 110, 1),
(62, 2, 158, 110, 2),
(62, 3, 38, 175, 3),
(63, 1, 64, 350, 1),
(63, 3, 53, 410, 3),
(63, 4, 104, 350, 2),
(64, 1, 108, 110, 1),
(64, 2, 154, 110, 2),
(64, 3, 38, 175, 3),
(65, 1, 43, 110, 1),
(65, 3, 38, 175, 3),
(65, 4, 87, 110, 2),
(66, 1, 139, 135, 1),
(66, 2, 174, 135, 2),
(66, 3, 38, 175, 3),
(67, 1, 145, 220, 1),
(67, 2, 194, 220, 2),
(67, 3, 44, 270, 3),
(68, 1, 194, 240, 1),
(68, 2, 237, 240, 2),
(68, 3, 44, 295, 3),
(69, 1, 150, 135, 1),
(69, 2, 194, 135, 2),
(69, 3, 38, 175, 3),
(70, 1, 110, 110, 1),
(70, 2, 158, 110, 2),
(70, 3, 38, 175, 3),
(71, 1, 169, 300, 1),
(71, 2, 227, 300, 2),
(71, 3, 53, 380, 3),
(72, 1, 145, 220, 1),
(72, 2, 194, 220, 2),
(72, 3, 44, 270, 3),
(73, 1, 203, 240, 1),
(73, 2, 237, 240, 2),
(73, 3, 44, 295, 3),
(74, 1, 200, 320, 1),
(74, 2, 244, 320, 2),
(74, 3, 60, 420, 3),
(75, 1, 231, 490, 1),
(75, 3, 65, 630, 2),
(76, 1, 212, 240, 1),
(76, 2, 237, 240, 2),
(76, 3, 44, 295, 3),
(77, 1, 246, 490, 1),
(77, 2, 311, 490, 2),
(77, 3, 65, 630, 3),
(78, 1, 246, 490, 1),
(78, 2, 311, 490, 2),
(78, 3, 65, 630, 3),
(79, 1, 246, 490, 1),
(79, 2, 311, 490, 2),
(79, 3, 65, 630, 3),
(80, 1, 215, 750, 1),
(80, 3, 85, 950, 3),
(80, 4, 334, 750, 2),
(81, 1, 276, 560, 1),
(81, 2, 352, 560, 2),
(81, 3, 65, 700, 3),
(82, 1, 276, 560, 1),
(82, 2, 352, 560, 2),
(82, 3, 65, 700, 3),
(83, 1, 246, 750, 1),
(83, 3, 85, 950, 3),
(83, 4, 334, 750, 2),
(84, 1, 279, 750, 1),
(84, 3, 75, 950, 3),
(84, 4, 334, 750, 2),
(85, 1, 299, 1050, 1),
(85, 3, 85, 1400, 3),
(85, 4, 420, 1050, 2),
(86, 3, 27, 410, 1),
(87, 3, 35, 350, 1),
(87, 3, 44, 450, 2),
(87, 4, 98, 300, 3),
(88, 3, 26, 410, 1),
(89, 3, 38, 480, 1),
(89, 3, 48, 580, 2),
(89, 4, 154, 340, 3),
(90, 3, 39, 600, 1),
(90, 3, 49, 730, 2),
(90, 4, 188, 400, 3),
(91, 3, 39, 600, 1),
(91, 3, 49, 730, 2),
(91, 4, 224, 400, 3),
(92, 1, 268, 500, 3),
(92, 3, 44, 750, 1),
(92, 3, 55, 950, 2),
(93, 1, 296, 640, 3),
(93, 3, 53, 900, 1),
(93, 3, 66, 1200, 2),
(94, 1, 372, 640, 3),
(94, 3, 53, 900, 1),
(94, 3, 66, 1200, 2),
(95, 1, 34, 30, 1),
(95, 3, 19, 36, 3),
(95, 4, 44, 30, 2),
(96, 1, 51, 47, 1),
(96, 2, 88, 47, 2),
(96, 3, 23, 62, 3),
(97, 1, 40, 36, 1),
(97, 2, 64, 36, 2),
(97, 3, 19, 40, 3),
(98, 1, 28, 10, 1),
(98, 2, 39, 10, 2),
(99, 1, 51, 47, 1),
(99, 2, 88, 47, 2),
(99, 3, 23, 62, 3),
(100, 1, 58, 40, 1),
(100, 2, 92, 40, 2),
(100, 3, 19, 50, 3),
(101, 1, 51, 47, 1),
(101, 2, 84, 47, 2),
(101, 3, 23, 62, 3),
(102, 1, 22, 8, 1),
(103, 1, 64, 45, 1),
(103, 2, 121, 45, 2),
(103, 3, 23, 60, 3),
(104, 1, 37, 110, 2),
(104, 3, 38, 164, 1),
(105, 1, 48, 40, 1),
(105, 2, 70, 40, 2),
(105, 3, 19, 50, 3),
(106, 1, 75, 55, 1),
(106, 2, 110, 55, 2),
(106, 3, 23, 65, 3),
(107, 1, 46, 40, 1),
(107, 2, 62, 40, 2),
(107, 3, 19, 50, 3),
(108, 1, 66, 110, 1),
(108, 3, 38, 164, 3),
(108, 4, 75, 110, 2),
(109, 1, 68, 110, 1),
(109, 3, 38, 156, 3),
(109, 4, 75, 110, 2),
(110, 1, 75, 55, 1),
(110, 2, 110, 55, 2),
(110, 3, 23, 65, 3),
(111, 1, 70, 47, 1),
(111, 2, 95, 47, 2),
(111, 3, 23, 62, 3),
(112, 1, 90, 70, 1),
(112, 2, 130, 70, 2),
(112, 3, 23, 85, 3),
(113, 1, 112, 85, 1),
(113, 2, 160, 85, 2),
(113, 3, 29, 95, 3),
(114, 1, 125, 115, 1),
(114, 2, 156, 110, 2),
(114, 3, 39, 165, 3),
(115, 1, 126, 160, 1),
(115, 2, 167, 160, 2),
(115, 3, 43, 280, 3),
(116, 1, 144, 180, 1),
(116, 2, 194, 180, 2),
(116, 3, 44, 300, 3),
(117, 1, 170, 180, 1),
(117, 2, 216, 180, 2),
(117, 3, 44, 300, 3),
(118, 1, 175, 250, 1),
(118, 2, 235, 250, 2),
(118, 3, 50, 330, 3),
(119, 2, 208, 250, 1),
(119, 2, 235, 250, 2),
(119, 3, 50, 330, 3),
(120, 1, 248, 300, 2),
(120, 2, 230, 300, 1),
(120, 3, 50, 360, 3),
(121, 1, 66, 110, 1),
(121, 3, 38, 164, 3),
(121, 4, 75, 110, 2),
(122, 1, 66, 110, 1),
(122, 1, 98, 110, 2),
(122, 3, 38, 164, 3),
(123, 1, 75, 75, 1),
(123, 2, 112, 75, 2),
(123, 3, 29, 95, 3),
(124, 1, 67, 110, 1),
(124, 3, 38, 156, 3),
(124, 4, 75, 110, 2),
(125, 1, 112, 85, 1),
(125, 2, 189, 85, 2),
(125, 3, 29, 95, 3),
(126, 1, 120, 160, 1),
(126, 2, 161, 160, 2),
(126, 3, 43, 280, 3),
(127, 1, 86, 110, 1),
(127, 2, 102, 110, 2),
(127, 3, 38, 156, 3),
(128, 1, 86, 110, 1),
(128, 2, 102, 110, 2),
(128, 3, 38, 156, 3),
(129, 1, 125, 115, 1),
(129, 2, 156, 110, 2),
(129, 3, 39, 165, 3),
(130, 2, 120, 110, 1),
(130, 2, 150, 110, 2),
(130, 3, 38, 156, 3),
(131, 1, 126, 160, 1),
(131, 2, 167, 160, 2),
(131, 3, 43, 280, 3),
(132, 1, 144, 180, 1),
(132, 2, 194, 180, 2),
(132, 3, 44, 300, 3),
(133, 3, 61, 450, 1),
(133, 4, 140, 370, 2),
(134, 1, 167, 300, 1),
(134, 2, 219, 300, 2),
(134, 3, 54, 360, 3),
(135, 1, 86, 110, 1),
(135, 2, 102, 110, 2),
(135, 3, 38, 156, 3),
(136, 1, 120, 160, 1),
(136, 2, 161, 160, 2),
(136, 3, 43, 280, 3),
(137, 1, 175, 250, 1),
(137, 2, 235, 250, 2),
(137, 3, 50, 330, 3),
(138, 1, 201, 320, 1),
(138, 3, 50, 420, 3),
(138, 4, 330, 320, 2),
(139, 1, 212, 390, 1),
(139, 2, 248, 390, 2),
(139, 3, 61, 530, 3),
(140, 1, 190, 250, 1),
(140, 2, 247, 250, 2),
(140, 3, 50, 330, 3),
(141, 1, 175, 390, 1),
(141, 2, 217, 390, 2),
(141, 3, 61, 530, 3),
(142, 1, 190, 250, 1),
(142, 2, 247, 250, 2),
(142, 3, 50, 330, 3),
(143, 1, 238, 390, 1),
(143, 2, 270, 390, 2),
(143, 3, 61, 530, 3),
(144, 1, 246, 320, 1),
(144, 3, 50, 420, 3),
(144, 4, 330, 320, 2),
(145, 1, 175, 250, 1),
(145, 2, 235, 250, 2),
(145, 3, 50, 330, 3),
(146, 1, 219, 320, 1),
(146, 3, 50, 420, 3),
(146, 4, 330, 320, 2),
(147, 1, 201, 320, 1),
(147, 3, 50, 420, 3),
(147, 4, 330, 320, 2),
(148, 2, 276, 320, 1),
(148, 3, 50, 420, 3),
(148, 4, 330, 320, 2),
(149, 2, 264, 320, 1),
(149, 3, 50, 420, 3),
(149, 4, 330, 320, 2),
(150, 1, 252, 440, 1),
(150, 3, 68, 530, 3),
(150, 4, 340, 440, 2),
(151, 2, 264, 320, 1),
(151, 3, 50, 420, 3),
(151, 4, 330, 320, 2),
(152, 1, 110, 75, 1),
(152, 2, 180, 75, 2),
(153, 1, 112, 85, 1),
(153, 2, 189, 85, 2),
(153, 3, 29, 95, 3),
(154, 1, 150, 160, 1),
(154, 2, 196, 160, 2),
(154, 3, 43, 280, 3),
(155, 3, 61, 450, 1),
(155, 4, 150, 370, 2),
(156, 1, 110, 700, 1),
(156, 1, 136, 700, 2),
(156, 3, 86, 910, 3),
(157, 1, 170, 250, 1),
(157, 2, 210, 250, 2),
(157, 3, 50, 330, 3),
(158, 1, 175, 390, 1),
(158, 2, 217, 390, 2),
(158, 3, 61, 530, 3),
(159, 1, 119, 160, 1),
(159, 2, 159, 160, 2),
(159, 3, 43, 280, 3),
(160, 1, 175, 390, 1),
(160, 2, 217, 390, 2),
(160, 3, 61, 530, 3),
(161, 1, 225, 390, 1),
(161, 2, 265, 390, 2),
(161, 3, 68, 530, 3),
(162, 2, 221, 390, 1),
(162, 3, 61, 530, 3),
(162, 4, 270, 390, 2),
(163, 1, 196, 390, 1),
(163, 2, 225, 390, 2),
(163, 3, 61, 530, 3),
(164, 1, 212, 390, 1),
(164, 2, 240, 390, 2),
(164, 3, 68, 530, 3),
(165, 1, 227, 320, 1),
(165, 2, 289, 320, 2),
(165, 3, 62, 420, 3),
(166, 1, 227, 320, 1),
(166, 2, 289, 320, 2),
(166, 3, 62, 420, 3),
(167, 1, 196, 300, 1),
(167, 2, 219, 300, 2),
(167, 3, 54, 360, 3),
(168, 1, 225, 440, 1),
(168, 2, 265, 440, 2),
(168, 3, 68, 530, 3),
(169, 2, 248, 440, 1),
(169, 3, 68, 530, 3),
(169, 4, 315, 440, 2),
(170, 1, 250, 490, 1),
(170, 2, 303, 490, 2),
(170, 3, 68, 640, 3),
(171, 1, 258, 440, 1),
(171, 3, 68, 530, 3),
(171, 4, 340, 440, 2),
(172, 2, 260, 440, 1),
(172, 3, 68, 530, 3),
(172, 4, 340, 440, 2),
(173, 1, 258, 440, 1),
(173, 3, 68, 530, 3),
(173, 4, 340, 440, 2),
(174, 1, 256, 650, 1),
(174, 3, 90, 840, 3),
(174, 4, 317, 650, 2),
(175, 1, 51, 47, 1),
(175, 2, 84, 47, 2),
(175, 3, 23, 62, 3),
(176, 1, 66, 110, 1),
(176, 3, 38, 164, 3),
(176, 4, 75, 110, 2),
(177, 1, 75, 75, 1),
(177, 2, 112, 75, 2),
(177, 3, 29, 95, 3),
(178, 1, 78, 110, 1),
(178, 2, 120, 110, 2),
(178, 3, 38, 156, 3),
(179, 1, 112, 85, 1),
(179, 2, 189, 85, 2),
(179, 3, 29, 95, 3),
(180, 1, 119, 160, 1),
(180, 2, 161, 160, 2),
(180, 3, 43, 280, 3),
(181, 1, 130, 160, 1),
(181, 2, 170, 160, 2),
(181, 3, 44, 280, 3),
(182, 1, 125, 115, 1),
(182, 2, 156, 110, 2),
(182, 3, 39, 165, 3),
(183, 1, 120, 160, 1),
(183, 2, 161, 160, 2),
(183, 3, 43, 280, 3),
(184, 3, 61, 450, 1),
(184, 4, 140, 370, 2),
(185, 1, 144, 180, 1),
(185, 2, 194, 180, 2),
(185, 3, 44, 300, 3),
(186, 1, 175, 250, 1),
(186, 2, 235, 250, 2),
(186, 3, 50, 330, 3),
(187, 1, 175, 390, 1),
(187, 2, 217, 390, 2),
(187, 3, 61, 530, 3),
(188, 1, 196, 440, 1),
(188, 1, 171, 510, 2),
(188, 3, 65, 580, 3),
(189, 1, 175, 390, 1),
(189, 2, 217, 390, 2),
(189, 3, 64, 530, 3),
(190, 1, 175, 250, 1),
(190, 2, 235, 250, 2),
(190, 3, 50, 330, 3),
(191, 1, 212, 250, 1),
(191, 2, 258, 250, 2),
(191, 3, 50, 330, 3),
(192, 1, 175, 390, 1),
(192, 2, 217, 390, 2),
(192, 3, 64, 530, 3),
(193, 1, 135, 700, 1),
(193, 3, 86, 910, 3),
(193, 4, 250, 700, 2),
(194, 1, 175, 390, 1),
(194, 2, 217, 390, 2),
(194, 3, 61, 530, 3),
(195, 1, 135, 700, 1),
(195, 3, 86, 910, 3),
(195, 4, 250, 700, 2),
(196, 1, 225, 390, 1),
(196, 2, 265, 390, 2),
(196, 3, 68, 530, 3),
(197, 1, 260, 750, 1),
(197, 2, 292, 750, 2),
(197, 3, 90, 950, 3),
(198, 1, 219, 320, 1),
(198, 3, 50, 420, 3),
(198, 4, 330, 320, 2),
(199, 1, 210, 390, 1),
(199, 2, 248, 390, 2),
(199, 3, 64, 530, 3),
(200, 1, 258, 440, 1),
(200, 3, 68, 530, 3),
(200, 4, 340, 440, 2),
(201, 1, 243, 520, 1),
(201, 3, 65, 660, 3),
(201, 4, 320, 520, 2),
(202, 1, 135, 700, 1),
(202, 3, 86, 910, 3),
(202, 4, 250, 700, 2),
(203, 1, 286, 750, 1),
(203, 2, 329, 750, 2),
(203, 3, 90, 950, 3),
(204, 1, 270, 550, 1),
(204, 2, 300, 550, 2),
(204, 3, 75, 750, 3),
(205, 1, 230, 390, 1),
(205, 2, 270, 390, 2),
(205, 3, 61, 530, 3),
(206, 1, 303, 750, 1),
(206, 3, 90, 1100, 3),
(206, 4, 395, 750, 2),
(207, 1, 293, 650, 1),
(207, 3, 90, 840, 3),
(207, 4, 360, 650, 2),
(208, 3, 21, 180, 1),
(209, 3, 21, 180, 1),
(210, 3, 21, 180, 1),
(211, 3, 30, 300, 1),
(211, 3, 30, 420, 2),
(212, 1, 100, 300, 3),
(212, 3, 35, 350, 1),
(212, 3, 44, 450, 2),
(213, 3, 32, 465, 1),
(214, 1, 160, 380, 3),
(214, 3, 38, 550, 1),
(214, 3, 48, 650, 2),
(215, 3, 30, 500, 1),
(216, 1, 182, 380, 3),
(216, 3, 38, 550, 1),
(216, 3, 48, 650, 2),
(217, 1, 216, 440, 3),
(217, 3, 38, 600, 1),
(217, 3, 48, 800, 2),
(218, 1, 258, 600, 3),
(218, 3, 52, 900, 1),
(218, 3, 65, 1200, 2),
(219, 1, 334, 520, 3),
(219, 3, 45, 800, 1),
(219, 3, 56, 1000, 2),
(220, 1, 28, 30, 1),
(220, 2, 45, 30, 2),
(220, 3, 19, 36, 3),
(221, 1, 33, 30, 1),
(221, 2, 53, 30, 2),
(221, 3, 19, 36, 3),
(222, 1, 27, 8, 1),
(223, 1, 30, 12, 1),
(223, 2, 41, 12, 2),
(224, 1, 48, 40, 1),
(224, 2, 70, 40, 2),
(224, 3, 19, 50, 3),
(225, 1, 33, 30, 1),
(225, 2, 53, 30, 2),
(225, 3, 19, 36, 3),
(226, 1, 56, 40, 1),
(226, 2, 78, 40, 2),
(226, 3, 19, 50, 3),
(227, 1, 68, 40, 1),
(227, 2, 92, 40, 2),
(227, 3, 19, 50, 3),
(228, 1, 56, 40, 1),
(228, 2, 78, 40, 2),
(228, 3, 19, 50, 3),
(229, 1, 96, 110, 1),
(229, 2, 143, 110, 2),
(229, 3, 38, 175, 3),
(230, 1, 96, 110, 1),
(230, 2, 143, 110, 2),
(230, 3, 38, 175, 3),
(231, 1, 90, 110, 1),
(231, 2, 125, 110, 2),
(231, 3, 38, 175, 3),
(232, 1, 105, 75, 1),
(232, 2, 170, 75, 2),
(233, 1, 92, 110, 1),
(233, 2, 127, 110, 2),
(233, 3, 38, 175, 3),
(234, 1, 120, 115, 1),
(234, 2, 160, 115, 2),
(234, 3, 38, 185, 3),
(235, 1, 126, 115, 1),
(235, 2, 160, 115, 2),
(235, 3, 38, 185, 3),
(236, 1, 120, 115, 1),
(236, 2, 177, 115, 2),
(236, 3, 38, 185, 3),
(237, 1, 130, 115, 1),
(237, 2, 177, 115, 2),
(237, 3, 38, 185, 3),
(238, 2, 145, 150, 1),
(238, 3, 38, 185, 3),
(238, 4, 210, 150, 2),
(239, 2, 175, 170, 1),
(239, 3, 38, 260, 3),
(239, 4, 210, 170, 2),
(240, 2, 175, 170, 1),
(240, 3, 38, 260, 3),
(240, 4, 210, 170, 2),
(241, 2, 189, 150, 1),
(241, 3, 38, 185, 3),
(241, 4, 230, 150, 2),
(242, 2, 212, 240, 1),
(242, 3, 45, 320, 3),
(242, 4, 250, 240, 2),
(243, 3, 76, 910, 1),
(243, 3, 85, 910, 3),
(243, 4, 152, 700, 2),
(244, 2, 236, 390, 1),
(244, 3, 53, 480, 3),
(244, 4, 280, 390, 2),
(245, 1, 39, 30, 1),
(245, 2, 63, 30, 2),
(245, 3, 19, 36, 3),
(246, 3, 38, 175, 1),
(246, 4, 92, 110, 2),
(247, 1, 90, 110, 1),
(247, 2, 125, 110, 2),
(247, 3, 38, 175, 3),
(248, 1, 92, 110, 1),
(248, 2, 127, 110, 2),
(248, 3, 38, 175, 3),
(249, 3, 53, 410, 1),
(249, 4, 102, 350, 2),
(250, 1, 128, 115, 1),
(250, 2, 177, 115, 2),
(250, 3, 38, 185, 3),
(251, 1, 105, 75, 1),
(251, 2, 170, 75, 2),
(252, 1, 128, 115, 1),
(252, 2, 177, 115, 2),
(252, 3, 38, 185, 3),
(253, 1, 160, 240, 1),
(253, 2, 243, 240, 2),
(253, 3, 45, 320, 3),
(254, 1, 190, 240, 1),
(254, 2, 268, 240, 2),
(254, 3, 45, 320, 3),
(255, 1, 192, 240, 1),
(255, 2, 243, 240, 2),
(255, 3, 45, 320, 3),
(256, 1, 192, 240, 1),
(256, 2, 243, 240, 2),
(256, 3, 45, 320, 3),
(257, 1, 202, 240, 1),
(257, 2, 258, 240, 2),
(257, 3, 45, 320, 3),
(258, 2, 175, 150, 1),
(258, 3, 38, 185, 3),
(258, 4, 210, 150, 2),
(259, 1, 181, 240, 1),
(259, 3, 45, 320, 3),
(259, 4, 250, 240, 2),
(260, 1, 190, 240, 1),
(260, 3, 45, 320, 3),
(260, 4, 250, 240, 2),
(261, 1, 172, 240, 1),
(261, 2, 262, 240, 2),
(261, 3, 45, 320, 3),
(262, 1, 218, 390, 1),
(262, 2, 265, 390, 2),
(262, 3, 53, 480, 3),
(263, 1, 248, 390, 1),
(263, 2, 310, 390, 2),
(264, 2, 268, 390, 1),
(264, 3, 53, 480, 3),
(264, 4, 330, 390, 2),
(265, 1, 258, 400, 1),
(265, 3, 60, 515, 3),
(265, 4, 340, 400, 2),
(266, 1, 101, 110, 1),
(266, 2, 157, 110, 2),
(266, 3, 38, 175, 3),
(267, 1, 198, 320, 1),
(267, 2, 245, 320, 2),
(267, 3, 53, 420, 3),
(268, 1, 198, 320, 1),
(268, 2, 260, 320, 2),
(268, 3, 53, 420, 3),
(269, 1, 204, 320, 1),
(269, 2, 245, 320, 2),
(269, 3, 53, 420, 3),
(270, 2, 230, 240, 1),
(270, 2, 259, 240, 2),
(270, 3, 45, 320, 3),
(271, 1, 170, 240, 1),
(271, 2, 258, 240, 2),
(271, 3, 45, 320, 3),
(272, 1, 208, 320, 1),
(272, 2, 245, 320, 2),
(272, 3, 53, 420, 3),
(273, 1, 248, 400, 1),
(273, 2, 297, 400, 2),
(273, 3, 60, 515, 3),
(274, 1, 242, 400, 1),
(274, 3, 60, 515, 3),
(274, 4, 340, 400, 2),
(275, 1, 258, 400, 1),
(275, 3, 60, 515, 3),
(275, 4, 340, 400, 2),
(276, 1, 258, 400, 1),
(276, 3, 60, 515, 3),
(276, 4, 340, 400, 2),
(277, 1, 56, 40, 1),
(277, 2, 78, 40, 2),
(277, 3, 19, 50, 3),
(278, 3, 38, 175, 1),
(278, 4, 92, 110, 2),
(279, 1, 64, 45, 1),
(279, 2, 121, 45, 2),
(279, 3, 23, 60, 3),
(280, 1, 101, 110, 1),
(280, 2, 157, 110, 2),
(280, 3, 38, 175, 3),
(281, 1, 110, 75, 1),
(281, 2, 180, 75, 2),
(281, 3, 29, 95, 3),
(282, 3, 38, 175, 1),
(282, 4, 92, 110, 2),
(283, 1, 92, 110, 1),
(283, 2, 127, 110, 2),
(283, 3, 38, 175, 3),
(284, 1, 90, 110, 1),
(284, 3, 42, 170, 3),
(284, 4, 100, 130, 2),
(285, 3, 53, 410, 1),
(285, 4, 102, 350, 2),
(286, 1, 128, 115, 1),
(286, 2, 177, 115, 2),
(286, 3, 38, 185, 3),
(287, 1, 128, 115, 1),
(287, 2, 177, 115, 2),
(287, 3, 38, 185, 3),
(288, 3, 53, 410, 1),
(288, 4, 102, 350, 2),
(289, 1, 160, 240, 1),
(289, 2, 243, 240, 2),
(289, 3, 45, 320, 3),
(290, 1, 219, 240, 1),
(290, 3, 45, 320, 3),
(290, 4, 275, 240, 2),
(291, 1, 170, 240, 1),
(291, 2, 258, 240, 2),
(291, 3, 45, 320, 3),
(292, 1, 198, 320, 1),
(292, 2, 245, 320, 2),
(292, 3, 53, 420, 3),
(293, 1, 181, 320, 1),
(293, 2, 224, 320, 2),
(293, 3, 53, 420, 3),
(294, 1, 248, 400, 1),
(294, 2, 297, 400, 2),
(294, 3, 60, 515, 3),
(295, 1, 276, 750, 1),
(295, 2, 320, 750, 2),
(295, 3, 90, 950, 3),
(296, 1, 295, 750, 1),
(296, 2, 375, 750, 2),
(296, 3, 90, 1100, 3),
(297, 3, 19, 175, 1),
(298, 3, 27, 410, 1),
(299, 3, 27, 410, 1),
(300, 3, 19, 175, 1),
(301, 3, 27, 410, 1),
(302, 3, 38, 500, 1),
(302, 3, 48, 600, 2),
(302, 4, 150, 360, 3),
(303, 3, 39, 500, 1),
(303, 3, 49, 600, 2),
(303, 4, 182, 360, 3),
(304, 1, 206, 420, 3),
(304, 3, 39, 600, 1),
(304, 3, 49, 750, 2),
(305, 1, 218, 420, 3),
(305, 3, 39, 600, 1),
(305, 3, 49, 750, 2),
(306, 1, 272, 600, 3),
(306, 3, 52, 900, 1),
(306, 3, 65, 1100, 2),
(307, 1, 282, 420, 3),
(307, 3, 39, 600, 1),
(307, 3, 49, 750, 2),
(308, 1, 314, 600, 3),
(308, 3, 52, 900, 1),
(308, 3, 65, 1100, 2),
(309, 1, 40, 45, 1),
(309, 2, 65, 45, 2),
(309, 3, 23, 60, 3),
(310, 1, 35, 45, 1),
(310, 2, 58, 45, 2),
(310, 3, 23, 60, 3),
(311, 1, 27, 9, 1),
(312, 1, 49, 45, 1),
(312, 2, 71, 45, 2),
(312, 3, 23, 60, 3),
(313, 1, 86, 60, 1),
(313, 2, 112, 60, 2),
(313, 3, 23, 75, 3),
(314, 1, 78, 50, 1),
(314, 2, 121, 50, 2),
(314, 3, 23, 60, 3),
(315, 3, 38, 175, 1),
(315, 4, 100, 110, 2),
(316, 1, 70, 75, 1),
(316, 2, 105, 75, 2),
(316, 3, 30, 100, 3),
(317, 1, 75, 75, 1),
(317, 2, 110, 75, 2),
(317, 3, 30, 100, 3),
(318, 1, 110, 75, 1),
(318, 2, 180, 75, 2),
(318, 3, 30, 100, 3),
(319, 1, 115, 110, 1),
(319, 2, 144, 110, 2),
(319, 3, 38, 175, 3),
(320, 1, 180, 135, 1),
(320, 2, 220, 135, 2),
(320, 3, 75, 175, 3),
(321, 1, 226, 230, 1),
(321, 2, 258, 230, 2),
(321, 3, 42, 280, 3),
(322, 1, 232, 240, 1),
(322, 2, 254, 240, 2),
(322, 3, 42, 320, 3),
(323, 1, 248, 390, 1),
(323, 2, 268, 390, 2),
(323, 3, 60, 480, 3),
(324, 1, 38, 50, 1),
(324, 2, 66, 50, 2),
(324, 3, 23, 65, 3),
(325, 1, 45, 70, 1),
(325, 1, 57, 70, 2),
(325, 3, 29, 95, 3),
(326, 1, 43, 50, 1),
(326, 2, 72, 50, 2),
(326, 3, 23, 65, 3),
(327, 1, 57, 70, 1),
(327, 1, 72, 70, 2),
(327, 3, 29, 95, 3),
(328, 1, 88, 45, 1),
(328, 2, 121, 45, 2),
(328, 3, 23, 60, 3),
(329, 1, 121, 55, 1),
(329, 2, 145, 55, 2),
(330, 1, 110, 75, 1),
(330, 2, 180, 75, 2),
(330, 3, 30, 100, 3),
(331, 1, 110, 75, 1),
(331, 2, 180, 75, 2),
(331, 3, 30, 100, 3),
(332, 1, 171, 150, 1),
(332, 2, 239, 150, 2),
(332, 3, 38, 190, 3),
(333, 3, 47, 370, 1),
(333, 4, 110, 280, 2),
(334, 1, 91, 110, 1),
(334, 2, 144, 110, 2),
(334, 3, 38, 175, 3),
(335, 1, 145, 135, 1),
(335, 2, 202, 135, 2),
(335, 3, 38, 175, 3),
(336, 1, 148, 150, 1),
(336, 1, 171, 150, 2),
(336, 3, 38, 190, 3),
(337, 1, 148, 140, 1),
(337, 2, 208, 140, 2),
(337, 3, 38, 190, 3),
(338, 1, 226, 230, 1),
(338, 2, 258, 230, 2),
(338, 3, 42, 280, 3),
(339, 2, 268, 390, 1),
(339, 3, 210, 480, 2),
(339, 3, 105, 480, 3),
(340, 1, 202, 240, 1),
(340, 2, 238, 240, 2),
(340, 3, 45, 320, 3),
(341, 1, 218, 440, 1),
(341, 2, 252, 440, 2),
(341, 3, 64, 530, 3),
(342, 1, 226, 230, 1),
(342, 2, 258, 230, 2),
(342, 3, 42, 280, 3),
(343, 2, 268, 390, 1),
(343, 3, 105, 480, 3),
(343, 4, 330, 390, 2),
(344, 1, 220, 280, 1),
(344, 2, 252, 280, 2),
(344, 3, 47, 370, 3),
(345, 1, 259, 400, 1),
(345, 2, 326, 400, 2),
(345, 3, 120, 515, 3),
(346, 1, 259, 400, 1),
(346, 2, 326, 400, 2),
(346, 3, 120, 515, 3),
(347, 2, 270, 400, 1),
(347, 2, 310, 400, 2),
(347, 3, 140, 515, 3),
(348, 1, 64, 45, 1),
(348, 2, 121, 45, 2),
(348, 3, 23, 60, 3),
(349, 1, 45, 70, 1),
(349, 1, 57, 70, 2),
(349, 3, 29, 95, 3),
(350, 1, 57, 70, 1),
(350, 1, 72, 70, 2),
(350, 3, 29, 95, 3),
(351, 1, 105, 75, 1),
(351, 2, 170, 75, 2),
(351, 3, 30, 100, 3),
(352, 3, 47, 370, 1),
(352, 4, 110, 280, 2),
(353, 1, 110, 75, 1),
(353, 2, 180, 75, 2),
(353, 3, 30, 100, 3),
(354, 1, 71, 180, 1),
(354, 1, 92, 180, 2),
(354, 3, 44, 280, 3),
(355, 1, 143, 150, 1),
(355, 1, 171, 150, 2),
(355, 3, 38, 190, 3),
(356, 1, 171, 150, 1),
(356, 2, 239, 150, 2),
(356, 3, 38, 190, 3),
(357, 1, 105, 75, 1),
(357, 2, 170, 75, 2),
(357, 3, 30, 100, 3),
(358, 1, 110, 75, 1),
(358, 2, 180, 75, 2),
(358, 3, 30, 100, 3),
(359, 1, 91, 110, 1),
(359, 2, 144, 110, 2),
(359, 3, 38, 175, 3),
(360, 1, 148, 140, 1),
(360, 2, 208, 140, 2),
(360, 3, 38, 190, 3),
(361, 1, 112, 140, 1),
(361, 2, 140, 140, 2),
(361, 3, 38, 190, 3),
(362, 1, 151, 230, 1),
(362, 2, 189, 230, 2),
(362, 3, 47, 300, 3),
(363, 1, 220, 280, 1),
(363, 2, 252, 280, 2),
(363, 3, 47, 370, 3),
(364, 1, 226, 230, 1),
(364, 2, 258, 230, 2),
(364, 3, 42, 280, 3),
(365, 1, 220, 280, 1),
(365, 2, 252, 280, 2),
(365, 3, 47, 370, 3),
(366, 1, 226, 230, 1),
(366, 2, 258, 230, 2),
(366, 3, 42, 280, 3),
(367, 2, 268, 390, 1),
(367, 3, 210, 480, 2),
(367, 3, 105, 480, 3),
(368, 1, 259, 400, 1),
(368, 2, 326, 400, 2),
(368, 3, 120, 515, 3),
(369, 1, 260, 600, 1),
(369, 3, 200, 770, 2),
(369, 3, 70, 770, 3),
(370, 1, 310, 1150, 1),
(370, 3, 230, 1750, 2),
(370, 3, 92, 1750, 3),
(371, 1, 272, 480, 1),
(371, 2, 320, 480, 2),
(371, 3, 130, 620, 3),
(372, 3, 21, 165, 1),
(373, 1, 92, 180, 2),
(373, 1, 71, 180, 3),
(373, 3, 44, 280, 1),
(374, 3, 21, 260, 1),
(375, 3, 22, 280, 1),
(376, 3, 28, 450, 1),
(377, 1, 254, 480, 3),
(377, 3, 38, 650, 1),
(377, 3, 48, 800, 2),
(378, 1, 306, 560, 3),
(378, 3, 46, 850, 1),
(378, 3, 58, 1000, 2),
(379, 1, 370, 720, 3),
(379, 3, 59, 1000, 1),
(379, 3, 74, 1350, 2),
(380, 1, 29, 30, 1),
(380, 2, 46, 30, 2),
(380, 3, 18, 36, 3),
(381, 1, 40, 36, 1),
(381, 2, 74, 36, 2),
(381, 3, 18, 42, 3),
(382, 1, 45, 50, 1),
(382, 2, 70, 50, 2),
(382, 3, 23, 65, 3),
(383, 1, 30, 75, 1),
(383, 3, 28, 95, 3),
(383, 4, 55, 75, 2),
(384, 1, 81, 70, 1),
(384, 2, 130, 70, 2),
(384, 3, 25, 90, 3),
(385, 1, 56, 40, 1),
(385, 2, 78, 40, 2),
(385, 3, 19, 50, 3),
(386, 1, 112, 85, 1),
(386, 2, 189, 85, 2),
(386, 3, 29, 95, 3),
(387, 1, 138, 115, 1),
(387, 2, 180, 115, 2),
(387, 3, 38, 165, 3),
(388, 1, 145, 180, 1),
(388, 3, 43, 300, 3),
(388, 4, 220, 180, 2),
(389, 1, 145, 180, 1),
(389, 3, 43, 300, 3),
(389, 4, 220, 180, 2),
(390, 1, 159, 200, 1),
(390, 3, 43, 320, 3),
(390, 4, 230, 200, 2),
(391, 1, 181, 250, 1),
(391, 2, 241, 250, 2),
(391, 3, 50, 330, 3),
(392, 1, 189, 250, 1),
(392, 2, 225, 250, 2),
(392, 3, 50, 330, 3),
(393, 1, 220, 320, 1),
(393, 2, 248, 320, 2),
(393, 3, 50, 420, 3),
(394, 2, 246, 390, 1),
(394, 3, 53, 480, 3),
(394, 4, 280, 390, 2),
(395, 1, 112, 85, 1),
(395, 2, 189, 85, 2),
(395, 3, 29, 95, 3),
(396, 1, 126, 160, 1),
(396, 2, 167, 160, 2),
(396, 3, 43, 280, 3),
(397, 1, 128, 160, 1),
(397, 2, 172, 160, 2),
(397, 3, 43, 280, 3),
(398, 1, 175, 250, 1),
(398, 2, 235, 250, 2),
(398, 3, 50, 330, 3),
(399, 1, 212, 240, 1),
(399, 3, 45, 320, 3),
(399, 4, 250, 240, 2),
(400, 1, 212, 360, 1),
(400, 3, 61, 530, 3),
(400, 4, 280, 360, 2),
(401, 1, 181, 250, 1),
(401, 2, 241, 250, 2),
(401, 3, 50, 330, 3),
(402, 1, 185, 250, 1),
(402, 2, 241, 250, 2),
(402, 3, 50, 330, 3),
(403, 1, 189, 250, 1),
(403, 2, 244, 250, 2),
(403, 3, 50, 330, 3),
(404, 1, 215, 320, 1),
(404, 2, 265, 320, 2),
(404, 3, 50, 420, 3),
(405, 1, 249, 440, 1),
(405, 3, 68, 530, 3),
(405, 4, 340, 440, 2),
(406, 1, 262, 440, 1),
(406, 3, 68, 530, 3),
(406, 4, 340, 440, 2),
(407, 2, 261, 390, 1),
(407, 3, 105, 480, 3),
(407, 4, 350, 390, 2),
(408, 1, 175, 390, 1),
(408, 3, 61, 530, 3),
(408, 4, 250, 390, 2),
(409, 1, 244, 490, 1),
(409, 3, 65, 640, 3),
(409, 4, 340, 490, 2),
(410, 1, 250, 490, 1),
(410, 3, 65, 640, 3),
(410, 4, 340, 490, 2),
(411, 1, 42, 36, 1),
(411, 2, 74, 36, 2),
(411, 3, 18, 42, 3),
(412, 1, 81, 70, 1),
(412, 2, 130, 70, 2),
(412, 3, 25, 90, 3),
(413, 1, 128, 160, 1),
(413, 2, 172, 160, 2),
(413, 3, 43, 280, 3),
(414, 1, 145, 180, 1),
(414, 3, 43, 300, 3),
(414, 4, 220, 180, 2),
(415, 1, 181, 250, 1),
(415, 2, 241, 250, 2),
(415, 3, 50, 330, 3),
(416, 1, 189, 250, 1),
(416, 2, 244, 250, 2),
(416, 3, 50, 330, 3),
(417, 1, 192, 390, 1),
(417, 3, 61, 530, 3),
(417, 4, 250, 390, 2),
(418, 1, 248, 440, 1),
(418, 3, 61, 530, 3),
(418, 4, 310, 440, 2),
(419, 1, 271, 560, 1),
(419, 3, 65, 660, 3),
(419, 4, 340, 560, 2),
(420, 1, 248, 440, 1),
(420, 3, 61, 530, 3),
(420, 4, 310, 440, 2),
(421, 1, 290, 750, 1),
(421, 3, 90, 1100, 3),
(421, 4, 395, 750, 2),
(422, 1, 23, 8, 1),
(422, 2, 36, 8, 2),
(423, 1, 33, 45, 1),
(423, 1, 49, 45, 2),
(423, 3, 18, 55, 3),
(424, 1, 33, 45, 1),
(424, 1, 52, 45, 2),
(424, 3, 18, 60, 3),
(425, 1, 41, 45, 1),
(425, 1, 60, 45, 2),
(425, 3, 18, 60, 3),
(426, 1, 30, 75, 1),
(426, 3, 28, 95, 3),
(426, 4, 55, 75, 2),
(427, 1, 49, 45, 1),
(427, 1, 69, 45, 2),
(427, 3, 18, 60, 3),
(428, 1, 58, 50, 1),
(428, 1, 73, 50, 2),
(428, 3, 19, 65, 3),
(429, 1, 87, 75, 1),
(429, 1, 131, 75, 2),
(429, 3, 29, 100, 3),
(430, 1, 30, 75, 1),
(430, 3, 28, 95, 3),
(430, 4, 55, 75, 2),
(431, 1, 71, 110, 1),
(431, 3, 38, 175, 3),
(431, 4, 100, 110, 2),
(432, 1, 90, 115, 1),
(432, 1, 112, 115, 2),
(432, 3, 38, 175, 3),
(433, 1, 124, 125, 1),
(433, 1, 155, 125, 2),
(433, 3, 38, 175, 3),
(434, 1, 155, 130, 1),
(434, 1, 186, 130, 2),
(434, 3, 38, 175, 3),
(435, 1, 155, 130, 1),
(435, 1, 186, 130, 2),
(435, 3, 38, 175, 3),
(436, 1, 212, 240, 1),
(436, 3, 45, 320, 3),
(436, 4, 275, 240, 2),
(437, 1, 219, 240, 1),
(437, 3, 45, 320, 3),
(437, 4, 275, 240, 2),
(438, 1, 258, 360, 1),
(438, 3, 53, 440, 3),
(438, 4, 330, 360, 2),
(439, 1, 30, 100, 1),
(439, 3, 35, 160, 3),
(439, 4, 90, 100, 2),
(440, 1, 60, 360, 1),
(440, 3, 60, 440, 3),
(440, 4, 140, 360, 2),
(441, 1, 175, 300, 1),
(441, 1, 201, 300, 2),
(441, 3, 53, 360, 3),
(442, 1, 121, 700, 1),
(442, 3, 75, 890, 3),
(442, 4, 150, 700, 2),
(443, 1, 190, 330, 1),
(443, 1, 215, 330, 2),
(443, 3, 53, 430, 3),
(444, 1, 215, 330, 1),
(444, 1, 253, 330, 2),
(444, 3, 53, 430, 3),
(445, 1, 230, 450, 1),
(445, 1, 258, 450, 2),
(445, 3, 64, 610, 3),
(446, 1, 252, 680, 3),
(446, 3, 75, 900, 1),
(446, 3, 192, 900, 2),
(447, 1, 257, 600, 1),
(447, 1, 290, 600, 2),
(447, 3, 70, 770, 3),
(448, 1, 23, 8, 1),
(448, 2, 36, 8, 2),
(449, 1, 46, 27, 1),
(449, 2, 68, 27, 2),
(450, 1, 25, 50, 1),
(450, 2, 46, 50, 2),
(450, 3, 24, 62, 3),
(451, 1, 34, 40, 1),
(451, 2, 67, 40, 2),
(451, 3, 24, 45, 3),
(452, 1, 45, 55, 1),
(452, 2, 79, 55, 2),
(452, 3, 24, 70, 3),
(453, 1, 74, 110, 1),
(453, 3, 38, 175, 3),
(453, 4, 92, 110, 2),
(454, 1, 74, 110, 1),
(454, 3, 38, 175, 3),
(454, 4, 92, 110, 2),
(455, 1, 100, 110, 1),
(455, 2, 129, 110, 2),
(455, 3, 38, 175, 3),
(456, 1, 120, 240, 1),
(456, 2, 150, 240, 2),
(456, 3, 45, 320, 3),
(457, 1, 108, 110, 1),
(457, 2, 148, 110, 2),
(457, 3, 38, 175, 3),
(458, 1, 144, 135, 1),
(458, 2, 202, 135, 2),
(458, 3, 38, 175, 3),
(459, 1, 106, 55, 1),
(459, 3, 47, 70, 2),
(460, 1, 96, 110, 1),
(460, 2, 143, 110, 2),
(460, 3, 75, 175, 3),
(461, 1, 120, 110, 1),
(461, 2, 160, 110, 2),
(461, 3, 75, 175, 3),
(462, 1, 143, 90, 1),
(462, 2, 195, 90, 2),
(463, 1, 144, 170, 1),
(463, 2, 182, 170, 2),
(463, 3, 75, 260, 3),
(464, 1, 160, 170, 1),
(464, 2, 190, 170, 2),
(464, 3, 75, 260, 3),
(465, 1, 144, 170, 1),
(465, 2, 182, 170, 2),
(465, 3, 38, 260, 3),
(466, 1, 170, 170, 1),
(466, 2, 210, 170, 2),
(466, 3, 38, 260, 3),
(467, 1, 175, 220, 1),
(467, 2, 215, 220, 2),
(467, 3, 45, 270, 3),
(468, 2, 180, 175, 1),
(468, 3, 75, 260, 3),
(468, 4, 220, 175, 2),
(469, 1, 175, 240, 1),
(469, 3, 75, 320, 3),
(469, 4, 207, 240, 2),
(470, 2, 182, 240, 1),
(470, 2, 223, 240, 2),
(470, 3, 75, 320, 3),
(471, 1, 170, 170, 1),
(471, 2, 200, 170, 2),
(471, 3, 38, 260, 3),
(472, 2, 205, 240, 1),
(472, 2, 248, 240, 2),
(472, 3, 45, 320, 3),
(473, 1, 185, 240, 1),
(473, 3, 75, 320, 3),
(473, 4, 230, 240, 2),
(474, 2, 234, 390, 1),
(474, 3, 53, 480, 3),
(474, 4, 280, 390, 2),
(475, 2, 190, 390, 1),
(475, 3, 75, 500, 3),
(475, 4, 240, 390, 2),
(476, 1, 66, 55, 1),
(476, 2, 98, 55, 2),
(476, 3, 24, 70, 3),
(477, 1, 106, 55, 1),
(477, 3, 24, 70, 2),
(478, 1, 100, 110, 1),
(478, 2, 129, 110, 2),
(478, 3, 38, 175, 3),
(479, 3, 53, 410, 1),
(479, 4, 104, 350, 2),
(480, 1, 212, 240, 1),
(480, 2, 259, 240, 2),
(480, 3, 45, 320, 3),
(481, 1, 232, 300, 1),
(481, 2, 263, 300, 2),
(481, 3, 50, 400, 3),
(482, 2, 200, 390, 1),
(482, 3, 53, 480, 3),
(482, 4, 250, 390, 2),
(483, 1, 170, 240, 1),
(483, 2, 248, 240, 2),
(483, 3, 45, 320, 3),
(484, 1, 232, 300, 1),
(484, 2, 263, 300, 2),
(484, 3, 50, 400, 3),
(485, 2, 248, 390, 1),
(485, 3, 53, 480, 3),
(485, 4, 300, 390, 2),
(486, 1, 200, 240, 1),
(486, 3, 45, 320, 3),
(486, 4, 250, 240, 2),
(487, 2, 259, 390, 1),
(487, 3, 53, 480, 3),
(487, 4, 330, 390, 2),
(488, 1, 135, 240, 1),
(488, 2, 175, 240, 2),
(488, 3, 45, 320, 3),
(489, 1, 175, 300, 1),
(489, 2, 223, 330, 2),
(489, 3, 54, 360, 3),
(490, 1, 212, 240, 1),
(490, 2, 259, 240, 2),
(490, 3, 45, 320, 3),
(491, 1, 218, 400, 1),
(491, 2, 252, 400, 2),
(491, 3, 65, 515, 3),
(492, 1, 257, 400, 1),
(492, 2, 325, 400, 2),
(492, 3, 65, 515, 3),
(493, 1, 257, 400, 1),
(493, 2, 315, 400, 2),
(493, 3, 65, 515, 3),
(494, 1, 242, 470, 1),
(494, 1, 270, 470, 2),
(494, 3, 64, 610, 3),
(495, 1, 264, 400, 1),
(495, 2, 315, 400, 2),
(495, 3, 65, 515, 3),
(496, 1, 250, 560, 1),
(496, 1, 280, 560, 2),
(496, 3, 65, 640, 3),
(497, 1, 50, 20, 1),
(497, 2, 75, 20, 2),
(498, 1, 66, 55, 1),
(498, 2, 98, 55, 2),
(498, 3, 24, 70, 3),
(499, 1, 50, 20, 1),
(499, 2, 75, 20, 2),
(500, 1, 98, 110, 1),
(500, 2, 126, 110, 2),
(500, 3, 38, 175, 3),
(501, 1, 110, 75, 1),
(501, 2, 180, 75, 2),
(502, 1, 68, 110, 1),
(502, 3, 38, 175, 3),
(502, 4, 92, 110, 2),
(503, 1, 100, 110, 1),
(503, 2, 129, 110, 2),
(503, 3, 38, 175, 3),
(504, 3, 53, 410, 1),
(504, 4, 104, 350, 2),
(505, 1, 171, 150, 1),
(505, 2, 239, 150, 2),
(505, 3, 38, 190, 3),
(506, 1, 135, 240, 1),
(506, 2, 175, 240, 2),
(506, 3, 45, 320, 3),
(507, 1, 165, 300, 1),
(507, 2, 223, 330, 2),
(507, 3, 54, 360, 3),
(508, 1, 232, 300, 1),
(508, 2, 263, 300, 2),
(508, 3, 50, 400, 3),
(509, 1, 257, 400, 1),
(509, 2, 325, 400, 2),
(509, 3, 65, 515, 3),
(510, 2, 260, 390, 1),
(510, 3, 53, 480, 3),
(510, 4, 310, 390, 2),
(511, 1, 293, 750, 1),
(511, 3, 90, 1100, 3),
(511, 4, 395, 750, 2),
(512, 3, 19, 165, 1),
(513, 3, 27, 410, 1),
(514, 3, 27, 410, 1),
(515, 3, 27, 410, 1),
(516, 3, 30, 445, 1),
(517, 3, 38, 500, 1),
(517, 3, 48, 600, 2),
(517, 4, 182, 380, 3),
(518, 3, 39, 630, 1),
(518, 3, 49, 770, 2),
(518, 4, 194, 420, 3),
(519, 3, 40, 630, 1),
(519, 3, 50, 770, 2),
(519, 4, 230, 420, 3),
(520, 1, 268, 460, 3),
(520, 3, 45, 680, 1),
(520, 3, 56, 830, 2),
(521, 1, 310, 460, 3),
(521, 3, 48, 680, 1),
(521, 3, 60, 830, 2),
(522, 1, 33, 40, 1),
(522, 1, 44, 40, 2),
(522, 3, 18, 45, 3),
(523, 1, 45, 50, 1),
(523, 2, 70, 50, 2),
(523, 3, 23, 65, 3),
(524, 1, 52, 40, 1),
(524, 2, 74, 40, 2),
(524, 3, 18, 45, 3),
(525, 1, 52, 40, 1),
(525, 2, 74, 40, 2),
(525, 3, 18, 45, 3),
(526, 1, 61, 40, 1),
(526, 2, 86, 40, 2),
(526, 3, 18, 45, 3),
(527, 1, 82, 40, 1),
(527, 2, 115, 40, 2),
(527, 3, 18, 45, 3),
(528, 1, 62, 60, 1),
(528, 2, 115, 60, 2),
(528, 3, 24, 75, 3),
(529, 1, 62, 60, 1),
(529, 2, 115, 60, 2),
(529, 3, 24, 75, 3),
(530, 1, 86, 60, 1),
(530, 2, 132, 60, 2),
(530, 3, 24, 75, 3),
(531, 1, 103, 110, 1),
(531, 2, 139, 110, 2),
(531, 3, 38, 175, 3),
(532, 1, 132, 110, 1),
(532, 2, 185, 110, 2),
(532, 3, 38, 175, 3),
(533, 1, 132, 110, 1),
(533, 2, 185, 110, 2),
(533, 3, 38, 175, 3),
(534, 1, 145, 220, 1),
(534, 3, 44, 270, 3),
(534, 4, 200, 220, 2),
(535, 1, 126, 160, 1),
(535, 2, 167, 160, 2),
(535, 3, 43, 280, 3),
(536, 1, 175, 250, 1),
(536, 3, 50, 330, 3),
(536, 4, 250, 250, 2),
(537, 1, 194, 240, 1),
(537, 2, 237, 240, 2),
(537, 3, 44, 295, 3),
(538, 1, 188, 320, 1),
(538, 2, 235, 320, 2),
(538, 3, 53, 420, 3),
(539, 1, 202, 240, 1),
(539, 2, 242, 240, 2),
(539, 3, 44, 295, 3),
(540, 1, 205, 320, 1),
(540, 2, 240, 320, 2),
(540, 3, 50, 420, 3),
(541, 1, 230, 320, 1),
(541, 2, 269, 320, 2),
(541, 3, 50, 420, 3),
(542, 2, 248, 320, 1),
(542, 3, 50, 420, 3),
(542, 4, 310, 320, 2),
(543, 1, 33, 40, 1),
(543, 1, 44, 40, 2),
(543, 3, 18, 45, 3),
(544, 1, 27, 12, 1),
(544, 1, 38, 12, 2),
(544, 3, 10, 16, 3),
(545, 1, 31, 14, 1),
(545, 2, 59, 14, 2),
(545, 3, 10, 18, 3),
(546, 1, 55, 40, 1),
(546, 2, 78, 40, 2),
(546, 3, 19, 50, 3),
(547, 2, 78, 40, 1),
(547, 2, 98, 40, 2),
(547, 3, 19, 50, 3),
(548, 1, 62, 60, 1),
(548, 1, 78, 60, 2),
(548, 3, 24, 75, 3),
(549, 1, 91, 75, 1),
(549, 2, 138, 75, 2),
(549, 3, 29, 100, 3),
(550, 1, 88, 110, 1),
(550, 3, 38, 175, 3),
(550, 4, 115, 110, 2),
(551, 1, 115, 150, 1),
(551, 1, 144, 150, 2),
(551, 3, 38, 185, 3),
(552, 1, 120, 150, 1),
(552, 1, 148, 150, 2),
(552, 3, 38, 185, 3),
(553, 1, 148, 150, 1),
(553, 2, 200, 150, 2),
(553, 3, 38, 185, 3),
(554, 1, 155, 300, 1),
(554, 2, 194, 300, 2),
(554, 3, 53, 410, 3),
(555, 2, 226, 230, 1),
(555, 2, 258, 230, 2),
(555, 3, 42, 280, 3),
(556, 1, 179, 240, 1),
(556, 3, 45, 320, 3),
(556, 4, 240, 240, 2),
(557, 1, 196, 240, 1),
(557, 3, 45, 320, 3),
(557, 4, 250, 240, 2),
(558, 2, 217, 360, 1),
(558, 2, 253, 360, 2),
(558, 3, 53, 460, 3),
(559, 2, 234, 390, 1),
(559, 2, 263, 390, 2),
(559, 3, 53, 480, 3),
(560, 2, 254, 440, 1),
(560, 3, 60, 530, 3),
(560, 4, 310, 440, 2),
(561, 1, 179, 320, 1),
(561, 2, 224, 320, 2),
(561, 3, 53, 420, 3),
(562, 2, 217, 360, 1),
(562, 2, 242, 360, 2),
(562, 3, 53, 460, 3),
(563, 2, 252, 440, 1),
(563, 3, 60, 530, 3),
(563, 4, 300, 440, 2),
(564, 1, 31, 14, 1),
(564, 2, 59, 14, 2),
(564, 3, 10, 18, 3),
(565, 1, 55, 40, 1),
(565, 2, 78, 40, 2),
(565, 3, 19, 50, 3),
(566, 1, 88, 110, 1),
(566, 3, 38, 175, 3),
(566, 4, 115, 110, 2),
(567, 1, 97, 110, 1),
(567, 1, 120, 110, 2),
(567, 3, 38, 175, 3),
(568, 1, 63, 110, 1),
(568, 3, 38, 175, 3),
(568, 4, 115, 110, 2),
(569, 1, 107, 110, 1),
(569, 1, 130, 110, 2),
(569, 3, 38, 175, 3),
(570, 1, 65, 350, 1),
(570, 3, 53, 370, 3),
(570, 4, 110, 350, 2),
(571, 1, 102, 320, 1),
(571, 3, 53, 370, 3),
(571, 4, 110, 300, 2),
(572, 4, 120, 300, 1),
(572, 4, 140, 300, 2),
(573, 1, 155, 240, 1),
(573, 3, 45, 320, 3),
(573, 4, 230, 240, 2),
(574, 1, 180, 240, 1),
(574, 3, 45, 320, 3),
(574, 4, 230, 240, 2),
(575, 1, 210, 240, 1),
(575, 3, 45, 320, 3),
(575, 4, 250, 240, 2),
(576, 2, 288, 390, 1),
(576, 2, 330, 390, 2),
(576, 3, 53, 480, 3),
(577, 2, 288, 390, 1),
(577, 2, 330, 390, 2),
(577, 3, 53, 480, 3),
(578, 2, 308, 390, 1),
(578, 2, 350, 390, 2),
(578, 3, 53, 480, 3),
(579, 1, 30, 11, 1),
(579, 1, 47, 11, 2),
(580, 1, 45, 55, 1),
(580, 2, 70, 55, 2),
(580, 3, 23, 70, 3),
(581, 1, 34, 40, 1),
(581, 2, 67, 40, 2),
(581, 3, 24, 45, 3),
(582, 1, 55, 55, 1),
(582, 2, 71, 55, 2),
(582, 3, 23, 70, 3),
(583, 1, 52, 50, 1),
(583, 2, 85, 50, 2),
(583, 3, 23, 60, 3),
(584, 1, 62, 75, 1),
(584, 1, 92, 75, 2),
(584, 3, 24, 90, 3),
(585, 1, 98, 110, 1),
(585, 3, 38, 175, 3),
(585, 4, 120, 110, 2),
(586, 1, 135, 135, 1),
(586, 2, 175, 135, 2),
(586, 3, 38, 175, 3),
(587, 1, 108, 110, 1),
(587, 2, 124, 110, 2),
(587, 3, 38, 175, 3),
(588, 1, 156, 240, 1),
(588, 2, 198, 240, 2),
(588, 3, 45, 320, 3),
(589, 1, 192, 320, 1),
(589, 2, 225, 320, 2),
(589, 3, 53, 420, 3),
(590, 1, 218, 440, 1),
(590, 2, 245, 440, 2),
(590, 3, 68, 560, 3),
(591, 1, 218, 420, 1),
(591, 2, 245, 420, 2),
(591, 3, 61, 550, 3),
(592, 1, 250, 560, 1),
(592, 2, 303, 560, 2),
(592, 3, 68, 700, 3),
(593, 1, 250, 750, 1),
(593, 3, 90, 950, 3),
(593, 4, 317, 750, 2),
(594, 1, 29, 30, 1),
(594, 2, 46, 30, 2),
(594, 3, 18, 36, 3),
(595, 1, 39, 40, 1),
(595, 1, 60, 40, 2),
(595, 3, 18, 45, 3),
(596, 1, 38, 11, 1),
(596, 1, 49, 11, 2),
(597, 1, 52, 50, 1),
(597, 3, 24, 70, 3),
(597, 4, 75, 50, 2),
(598, 1, 70, 50, 1),
(598, 3, 45, 70, 3),
(598, 4, 95, 50, 2),
(599, 1, 92, 110, 1),
(599, 3, 60, 175, 3),
(599, 4, 120, 110, 2),
(600, 1, 97, 110, 1),
(600, 3, 70, 175, 3),
(600, 4, 130, 110, 2),
(601, 1, 107, 110, 1),
(601, 3, 70, 175, 3),
(601, 4, 140, 110, 2),
(602, 1, 118, 110, 1),
(602, 2, 146, 110, 2),
(602, 3, 38, 175, 3),
(603, 1, 140, 240, 1),
(603, 2, 180, 240, 2),
(603, 3, 45, 320, 3),
(604, 1, 165, 240, 1),
(604, 2, 195, 240, 2),
(604, 3, 45, 320, 3),
(605, 1, 212, 240, 1),
(605, 2, 259, 240, 2),
(605, 3, 45, 320, 3),
(606, 1, 212, 240, 1),
(606, 2, 259, 240, 2),
(606, 3, 45, 320, 3),
(607, 1, 212, 240, 1),
(607, 2, 259, 240, 2),
(607, 3, 45, 320, 3),
(608, 2, 268, 360, 1),
(608, 3, 105, 440, 3),
(608, 4, 330, 360, 2),
(609, 2, 268, 360, 1),
(609, 3, 105, 440, 3),
(609, 4, 330, 360, 2),
(610, 1, 265, 490, 1),
(610, 3, 65, 640, 3),
(610, 4, 340, 490, 2),
(611, 1, 143, 150, 1),
(611, 1, 171, 150, 2),
(611, 3, 38, 190, 3),
(612, 1, 226, 360, 1),
(612, 2, 255, 360, 2),
(612, 3, 53, 440, 3),
(613, 1, 227, 360, 1),
(613, 2, 282, 360, 2),
(613, 3, 60, 440, 3),
(614, 1, 258, 400, 1),
(614, 3, 60, 515, 3),
(614, 4, 340, 400, 2),
(615, 2, 221, 390, 1),
(615, 3, 61, 530, 3),
(615, 4, 270, 390, 2),
(616, 1, 168, 300, 2),
(616, 3, 53, 410, 1),
(617, 1, 156, 240, 1),
(617, 2, 198, 240, 2),
(617, 3, 45, 320, 3),
(618, 1, 160, 240, 1),
(618, 2, 202, 240, 2),
(618, 3, 45, 320, 3),
(619, 1, 168, 300, 1),
(619, 3, 53, 410, 3),
(619, 4, 220, 300, 2),
(620, 1, 175, 300, 1),
(620, 3, 53, 410, 3),
(620, 4, 230, 300, 2),
(621, 1, 212, 300, 1),
(621, 3, 53, 410, 3),
(621, 4, 290, 300, 2),
(622, 1, 222, 300, 1),
(622, 3, 53, 410, 3),
(622, 4, 290, 300, 2),
(623, 1, 252, 390, 1),
(623, 2, 293, 390, 2),
(623, 3, 53, 510, 3),
(624, 1, 258, 390, 1),
(624, 2, 315, 390, 2),
(624, 3, 53, 510, 3),
(625, 2, 190, 360, 1),
(625, 2, 240, 360, 2),
(625, 3, 53, 440, 3),
(626, 1, 212, 180, 1),
(626, 2, 238, 180, 2),
(626, 3, 43, 300, 3),
(627, 1, 221, 300, 1),
(627, 2, 256, 300, 2),
(627, 3, 50, 360, 3),
(628, 1, 226, 390, 1),
(628, 2, 248, 390, 2),
(628, 3, 61, 530, 3),
(629, 1, 243, 390, 1),
(629, 2, 292, 390, 2),
(629, 3, 68, 530, 3),
(630, 1, 258, 440, 1),
(630, 3, 68, 530, 3),
(630, 4, 310, 440, 2),
(631, 1, 172, 240, 1),
(631, 1, 207, 240, 2),
(631, 3, 45, 320, 3),
(632, 1, 164, 240, 1),
(632, 2, 198, 240, 2),
(632, 3, 44, 320, 3),
(633, 1, 202, 240, 1),
(633, 2, 220, 240, 2),
(633, 3, 45, 320, 3),
(634, 1, 202, 320, 1),
(634, 2, 230, 320, 2),
(634, 3, 105, 420, 3),
(635, 1, 220, 320, 1),
(635, 2, 242, 320, 2),
(635, 3, 105, 420, 3),
(636, 1, 258, 320, 1),
(636, 2, 281, 320, 2),
(636, 3, 105, 420, 3),
(637, 1, 242, 400, 1),
(637, 3, 120, 515, 3),
(637, 4, 303, 400, 2),
(638, 2, 268, 490, 1),
(638, 3, 127, 640, 3),
(638, 4, 325, 490, 2),
(639, 2, 233, 400, 1),
(639, 3, 62, 515, 3),
(639, 4, 299, 400, 2),
(640, 1, 220, 360, 1),
(640, 2, 250, 360, 2),
(640, 3, 53, 440, 3),
(641, 1, 292, 600, 2),
(641, 3, 180, 850, 1),
(642, 2, 248, 400, 1),
(642, 2, 297, 400, 2),
(642, 3, 60, 515, 3),
(643, 1, 208, 320, 1),
(643, 2, 252, 320, 2),
(643, 3, 53, 420, 3),
(644, 1, 226, 320, 1),
(644, 2, 321, 320, 2),
(644, 3, 53, 420, 3),
(645, 1, 208, 460, 1),
(645, 1, 248, 460, 2),
(645, 3, 68, 640, 3),
(646, 1, 266, 530, 1),
(646, 3, 65, 660, 3),
(646, 4, 311, 530, 2),
(647, 1, 252, 390, 1),
(647, 2, 310, 390, 2),
(647, 3, 53, 480, 3),
(648, 1, 137, 115, 1),
(648, 2, 185, 115, 2),
(648, 3, 38, 185, 3),
(649, 1, 160, 240, 1),
(649, 2, 205, 240, 2),
(649, 3, 45, 320, 3),
(650, 1, 181, 240, 1),
(650, 2, 218, 240, 2),
(650, 3, 45, 320, 3),
(651, 1, 202, 240, 1),
(651, 2, 242, 240, 2),
(651, 3, 45, 320, 3),
(652, 1, 208, 320, 1),
(652, 2, 245, 320, 2),
(652, 3, 53, 420, 3),
(653, 1, 251, 320, 1),
(653, 3, 53, 420, 3),
(653, 4, 315, 320, 2),
(654, 1, 243, 400, 1),
(654, 3, 60, 515, 3),
(654, 4, 300, 400, 2),
(655, 2, 268, 360, 1),
(655, 3, 53, 440, 3),
(655, 4, 315, 360, 2),
(656, 1, 252, 440, 1),
(656, 3, 60, 530, 3),
(656, 4, 300, 440, 2),
(657, 1, 165, 150, 1),
(657, 2, 192, 150, 2),
(657, 3, 70, 190, 3),
(665, 1, 189, 180, 1),
(665, 2, 223, 180, 2),
(665, 3, 90, 280, 3),
(668, 1, 127, 110, 1),
(668, 3, 70, 175, 3),
(668, 4, 175, 110, 2),
(669, 1, 165, 240, 1),
(669, 2, 195, 240, 2),
(669, 3, 45, 320, 3),
(670, 2, 175, 360, 1),
(670, 3, 45, 440, 3),
(670, 4, 215, 360, 2),
(671, 3, 105, 440, 1),
(671, 4, 230, 360, 2),
(674, 1, 92, 110, 1),
(674, 3, 60, 175, 3),
(674, 4, 120, 110, 2),
(675, 1, 112, 110, 1),
(675, 3, 60, 175, 3),
(675, 4, 150, 110, 2),
(688, 1, 175, 320, 1),
(688, 2, 212, 320, 2),
(688, 3, 53, 420, 3),
(689, 1, 175, 240, 1),
(689, 2, 195, 240, 2),
(689, 3, 45, 320, 3),
(690, 1, 226, 400, 1),
(690, 3, 120, 515, 3),
(690, 4, 300, 400, 2),
(691, 1, 220, 320, 1),
(691, 2, 242, 320, 2),
(691, 3, 105, 420, 3),
(692, 1, 200, 320, 1),
(692, 2, 230, 320, 2),
(692, 3, 105, 420, 3),
(693, 1, 250, 490, 1),
(693, 3, 127, 640, 3),
(693, 4, 325, 490, 2),
(694, 1, 235, 400, 1),
(694, 3, 120, 515, 3),
(694, 4, 303, 400, 2),
(695, 1, 265, 530, 1),
(695, 3, 130, 700, 3),
(695, 4, 330, 530, 2),
(696, 1, 267, 530, 1),
(696, 2, 311, 530, 2),
(696, 3, 65, 640, 3);

-- --------------------------------------------------------

--
-- Struktura tabulky `django_admin_log`
--

DROP TABLE IF EXISTS `django_admin_log`;
CREATE TABLE IF NOT EXISTS `django_admin_log` (
  `id` int(11) NOT NULL AUTO_INCREMENT,
  `action_time` datetime(6) NOT NULL,
  `object_id` longtext,
  `object_repr` varchar(200) NOT NULL,
  `action_flag` smallint(5) UNSIGNED NOT NULL,
  `change_message` longtext NOT NULL,
  `content_type_id` int(11) DEFAULT NULL,
  `user_id` int(11) NOT NULL,
  PRIMARY KEY (`id`),
  KEY `django_admin_log_content_type_id_c4bce8eb` (`content_type_id`),
  KEY `django_admin_log_user_id_c564eba6` (`user_id`)
) ENGINE=MyISAM DEFAULT CHARSET=latin1;

-- --------------------------------------------------------

--
-- Struktura tabulky `django_content_type`
--

DROP TABLE IF EXISTS `django_content_type`;
CREATE TABLE IF NOT EXISTS `django_content_type` (
  `id` int(11) NOT NULL AUTO_INCREMENT,
  `app_label` varchar(100) NOT NULL,
  `model` varchar(100) NOT NULL,
  PRIMARY KEY (`id`),
  UNIQUE KEY `django_content_type_app_label_model_76bd3d3b_uniq` (`app_label`,`model`)
) ENGINE=MyISAM AUTO_INCREMENT=31 DEFAULT CHARSET=latin1;

--
-- Vypisuji data pro tabulku `django_content_type`
--

INSERT INTO `django_content_type` (`id`, `app_label`, `model`) VALUES
(1, 'admin', 'logentry'),
(2, 'auth', 'permission'),
(3, 'auth', 'group'),
(4, 'auth', 'user'),
(5, 'contenttypes', 'contenttype'),
(6, 'sessions', 'session'),
(7, 'main', 'student'),
(8, 'main', 'tank'),
(9, 'main', 'authgroup'),
(10, 'main', 'authgrouppermissions'),
(11, 'main', 'authpermission'),
(12, 'main', 'authuser'),
(13, 'main', 'authusergroups'),
(14, 'main', 'authuseruserpermissions'),
(15, 'main', 'dela'),
(16, 'main', 'djangoadminlog'),
(17, 'main', 'djangocontenttype'),
(18, 'main', 'djangomigrations'),
(19, 'main', 'djangosession'),
(20, 'main', 'kategorie'),
(21, 'main', 'naboje'),
(22, 'main', 'narod'),
(23, 'main', 'status'),
(24, 'main', 'tier'),
(25, 'main', 'comparison'),
(26, 'main', 'nabijeni'),
(27, 'main', 'naboj'),
(28, 'main', 'tankhasgun'),
(29, 'main', 'delohasnaboj'),
(30, 'main', 'delo');

-- --------------------------------------------------------

--
-- Struktura tabulky `django_migrations`
--

DROP TABLE IF EXISTS `django_migrations`;
CREATE TABLE IF NOT EXISTS `django_migrations` (
  `id` bigint(20) NOT NULL AUTO_INCREMENT,
  `app` varchar(255) NOT NULL,
  `name` varchar(255) NOT NULL,
  `applied` datetime(6) NOT NULL,
  PRIMARY KEY (`id`)
) ENGINE=MyISAM AUTO_INCREMENT=24 DEFAULT CHARSET=latin1;

--
-- Vypisuji data pro tabulku `django_migrations`
--

INSERT INTO `django_migrations` (`id`, `app`, `name`, `applied`) VALUES
(1, 'contenttypes', '0001_initial', '2021-07-02 19:08:01.888476'),
(2, 'auth', '0001_initial', '2021-07-02 19:08:02.811528'),
(3, 'admin', '0001_initial', '2021-07-02 19:08:03.020540'),
(4, 'admin', '0002_logentry_remove_auto_add', '2021-07-02 19:08:03.028541'),
(5, 'admin', '0003_logentry_add_action_flag_choices', '2021-07-02 19:08:03.035541'),
(6, 'contenttypes', '0002_remove_content_type_name', '2021-07-02 19:08:03.111545'),
(7, 'auth', '0002_alter_permission_name_max_length', '2021-07-02 19:08:03.153548'),
(8, 'auth', '0003_alter_user_email_max_length', '2021-07-02 19:08:03.207551'),
(9, 'auth', '0004_alter_user_username_opts', '2021-07-02 19:08:03.215551'),
(10, 'auth', '0005_alter_user_last_login_null', '2021-07-02 19:08:03.254554'),
(11, 'auth', '0006_require_contenttypes_0002', '2021-07-02 19:08:03.256554'),
(12, 'auth', '0007_alter_validators_add_error_messages', '2021-07-02 19:08:03.263554'),
(13, 'auth', '0008_alter_user_username_max_length', '2021-07-02 19:08:03.306557'),
(14, 'auth', '0009_alter_user_last_name_max_length', '2021-07-02 19:08:03.359560'),
(15, 'auth', '0010_alter_group_name_max_length', '2021-07-02 19:08:03.396562'),
(16, 'auth', '0011_update_proxy_permissions', '2021-07-02 19:08:03.404562'),
(17, 'auth', '0012_alter_user_first_name_max_length', '2021-07-02 19:08:03.446565'),
(18, 'sessions', '0001_initial', '2021-07-02 19:08:03.527569'),
(19, 'main', '0001_initial', '2021-07-02 19:41:18.453673'),
(20, 'main', '0002_auto_20210702_2141', '2021-07-02 20:06:02.505555'),
(21, 'main', '0003_auto_20210702_2202', '2021-07-02 20:06:02.507556'),
(22, 'main', '0004_comparison', '2022-02-05 16:17:53.274736'),
(23, 'main', '0005_auto_20220529_2150', '2022-05-29 19:50:40.484534');

-- --------------------------------------------------------

--
-- Struktura tabulky `django_session`
--

DROP TABLE IF EXISTS `django_session`;
CREATE TABLE IF NOT EXISTS `django_session` (
  `session_key` varchar(40) NOT NULL,
  `session_data` longtext NOT NULL,
  `expire_date` datetime(6) NOT NULL,
  PRIMARY KEY (`session_key`),
  KEY `django_session_expire_date_a5c62663` (`expire_date`)
) ENGINE=MyISAM DEFAULT CHARSET=latin1;

-- --------------------------------------------------------

--
-- Struktura tabulky `kategorie`
--

DROP TABLE IF EXISTS `kategorie`;
CREATE TABLE IF NOT EXISTS `kategorie` (
  `idKategorie` int(11) NOT NULL AUTO_INCREMENT,
  `Nazev` varchar(45) NOT NULL,
  PRIMARY KEY (`idKategorie`)
) ENGINE=InnoDB AUTO_INCREMENT=6 DEFAULT CHARSET=utf8;

--
-- Vypisuji data pro tabulku `kategorie`
--

INSERT INTO `kategorie` (`idKategorie`, `Nazev`) VALUES
(1, 'lehke'),
(2, 'stredni'),
(3, 'tezke'),
(4, 'stihace'),
(5, 'artyny');

-- --------------------------------------------------------

--
-- Struktura tabulky `nabijeni`
--

DROP TABLE IF EXISTS `nabijeni`;
CREATE TABLE IF NOT EXISTS `nabijeni` (
  `idNabijeni` int(11) NOT NULL AUTO_INCREMENT,
  `Nabijeni` float DEFAULT NULL,
  `Tank_has_Gun_Tank_ID` int(11) NOT NULL,
  `Tank_has_Gun_Gun_idGun` int(11) NOT NULL,
  PRIMARY KEY (`idNabijeni`),
  KEY `fk_Nabíjení_Tank_has_Gun1_idx` (`Tank_has_Gun_Tank_ID`,`Tank_has_Gun_Gun_idGun`),
  KEY `FK_gunId` (`Tank_has_Gun_Gun_idGun`)
) ENGINE=InnoDB AUTO_INCREMENT=1568 DEFAULT CHARSET=utf8;

--
-- Vypisuji data pro tabulku `nabijeni`
--

INSERT INTO `nabijeni` (`idNabijeni`, `Nabijeni`, `Tank_has_Gun_Tank_ID`, `Tank_has_Gun_Gun_idGun`) VALUES
(2, 2.21, 1, 1),
(3, 3.26, 1, 2),
(4, 2.3, 2, 3),
(5, 2.3, 2, 4),
(6, 3.9, 2, 5),
(7, 2.29, 3, 6),
(8, 3.9, 4, 7),
(9, 3.9, 4, 8),
(10, 3.1, 4, 2),
(11, 3.74, 5, 7),
(12, 3.74, 5, 8),
(13, 3.74, 5, 5),
(14, 1.44, 5, 9),
(15, 4.03, 6, 7),
(16, 3.84, 7, 10),
(17, 2.21, 8, 4),
(18, 3.26, 8, 5),
(19, 2.4, 8, 11),
(20, 3.5, 9, 8),
(21, 3.5, 9, 5),
(22, 8, 9, 12),
(23, 3.5, 10, 8),
(24, 3.5, 10, 5),
(25, 15, 10, 13),
(26, 2.88, 11, 8),
(27, 2.21, 12, 1),
(28, 3.26, 12, 8),
(29, 2.4, 12, 14),
(30, 3.26, 12, 5),
(31, 2.19, 13, 4),
(32, 2.59, 14, 8),
(33, 2.21, 14, 1),
(34, 2.59, 14, 5),
(35, 17.26, 14, 13),
(36, 2.4, 14, 14),
(37, 2.4, 14, 15),
(38, 2.21, 15, 4),
(39, 2.59, 15, 5),
(40, 2.21, 15, 11),
(41, 2.4, 15, 15),
(42, 16.78, 16, 16),
(43, 2.21, 16, 17),
(44, 2.21, 17, 17),
(45, 3.84, 17, 18),
(46, 9.3, 18, 19),
(47, 8.81, 18, 20),
(48, 7.54, 19, 21),
(49, 6.33, 20, 22),
(50, 6.71, 21, 23),
(51, 8.81, 22, 24),
(52, 5.27, 23, 25),
(53, 2.11, 24, 14),
(54, 3.84, 24, 25),
(55, 2.17, 25, 26),
(56, 2.21, 26, 1),
(57, 2.4, 26, 14),
(58, 2.4, 26, 5),
(59, 2.4, 26, 15),
(60, 4.12, 26, 25),
(61, 2.01, 27, 14),
(62, 2.21, 27, 15),
(63, 3.74, 27, 25),
(64, 3.84, 27, 27),
(65, 2.4, 28, 14),
(66, 2.4, 28, 15),
(67, 4.12, 28, 25),
(68, 3.84, 29, 27),
(69, 3.84, 30, 27),
(70, 3.84, 30, 28),
(71, 3.84, 31, 27),
(72, 3.84, 31, 28),
(73, 7.67, 31, 29),
(74, 4.12, 32, 28),
(75, 4.11, 33, 30),
(76, 3.64, 34, 28),
(77, 3.64, 35, 28),
(78, 3.84, 36, 31),
(79, 4.03, 37, 32),
(80, 3.64, 38, 28),
(81, 3.84, 39, 28),
(82, 4.03, 39, 33),
(83, 3.84, 40, 28),
(84, 4.41, 40, 33),
(85, 7.67, 40, 29),
(86, 6.62, 40, 34),
(87, 3.45, 41, 28),
(88, 4.03, 41, 33),
(89, 3.84, 42, 33),
(90, 7.67, 42, 29),
(91, 3.84, 42, 35),
(92, 3.84, 43, 33),
(93, 3.45, 44, 28),
(94, 3.84, 44, 33),
(95, 6.14, 44, 34),
(96, 7.57, 44, 29),
(97, 6.14, 45, 34),
(98, 7.38, 45, 36),
(99, 6.9, 45, 37),
(100, 3.64, 46, 33),
(101, 4.03, 46, 35),
(102, 7.29, 46, 29),
(103, 7, 46, 36),
(104, 7.67, 46, 38),
(105, 6.62, 47, 39),
(106, 7.67, 48, 37),
(107, 3.36, 49, 33),
(108, 3.64, 49, 35),
(109, 5.27, 49, 36),
(110, 5.75, 49, 38),
(111, 9.2, 49, 40),
(112, 5.75, 50, 37),
(113, 10.16, 50, 41),
(114, 7.38, 51, 42),
(115, 9.2, 52, 43),
(116, 8.92, 53, 44),
(117, 3.93, 54, 25),
(118, 2.3, 54, 15),
(119, 2.17, 55, 26),
(120, 3.45, 56, 25),
(121, 2.21, 56, 15),
(122, 3.84, 56, 27),
(123, 3.84, 56, 28),
(124, 4.99, 56, 33),
(125, 4.79, 56, 45),
(126, 7.67, 56, 29),
(127, 7.67, 57, 29),
(128, 4.22, 57, 33),
(129, 4.03, 57, 45),
(130, 6.62, 57, 34),
(131, 4.41, 58, 33),
(132, 7.67, 58, 29),
(133, 6.33, 58, 34),
(134, 8.25, 58, 36),
(135, 3.84, 59, 33),
(136, 7.67, 59, 29),
(137, 5.27, 59, 34),
(138, 7.48, 59, 39),
(139, 8.05, 60, 36),
(140, 11.51, 61, 46),
(141, 7.48, 62, 39),
(142, 9.97, 62, 47),
(143, 9.97, 62, 48),
(144, 9.4, 63, 49),
(145, 14.38, 63, 50),
(146, 14.38, 64, 51),
(147, 6.23, 65, 34),
(148, 7.38, 65, 36),
(149, 9.68, 65, 49),
(150, 7, 66, 39),
(151, 8.53, 66, 47),
(152, 8.72, 66, 48),
(153, 15.05, 66, 52),
(154, 13.42, 67, 50),
(155, 14.38, 67, 53),
(156, 7, 68, 36),
(157, 8.53, 68, 49),
(158, 8.72, 68, 54),
(159, 15.05, 68, 53),
(160, 11.51, 69, 52),
(161, 19.18, 69, 55),
(162, 12.75, 70, 53),
(163, 15.34, 71, 56),
(164, 19.18, 72, 55),
(165, 2.1, 73, 57),
(166, 2.5, 73, 58),
(167, 4.79, 74, 59),
(168, 4.6, 74, 60),
(169, 3.74, 75, 61),
(170, 3.74, 75, 62),
(171, 8.25, 75, 63),
(172, 4.12, 76, 59),
(173, 3.84, 76, 60),
(174, 3.64, 76, 64),
(175, 3.74, 77, 65),
(176, 3.74, 77, 61),
(177, 3.74, 77, 62),
(178, 8.63, 77, 63),
(179, 3.84, 78, 66),
(180, 6.52, 78, 67),
(181, 7.19, 78, 68),
(182, 3.74, 79, 61),
(183, 3.74, 79, 62),
(184, 6.9, 79, 63),
(185, 4.31, 79, 69),
(186, 3.55, 80, 70),
(187, 8.92, 81, 71),
(188, 3.07, 82, 62),
(189, 3.64, 82, 69),
(190, 5.18, 82, 72),
(191, 3.45, 83, 69),
(192, 5.37, 83, 72),
(193, 6.04, 83, 73),
(194, 2.88, 84, 69),
(195, 3.64, 85, 69),
(196, 5.18, 85, 72),
(197, 5.85, 85, 73),
(198, 7.86, 85, 74),
(199, 6.9, 86, 73),
(200, 7.48, 87, 71),
(201, 13.23, 87, 75),
(202, 4.89, 88, 76),
(203, 5.85, 89, 73),
(204, 7.86, 89, 74),
(205, 11.22, 89, 77),
(206, 5.75, 90, 73),
(207, 7.67, 90, 74),
(208, 11.22, 90, 77),
(209, 6.04, 91, 23),
(210, 12.2, 92, 78),
(211, 11.03, 93, 79),
(212, 19.18, 93, 80),
(213, 10.45, 94, 77),
(214, 10.93, 94, 81),
(215, 10.16, 95, 79),
(216, 11.12, 95, 82),
(217, 16.3, 95, 80),
(218, 16.3, 95, 83),
(219, 17.26, 96, 84),
(220, 24.64, 97, 85),
(221, 25.89, 98, 86),
(222, 21.86, 99, 87),
(223, 19.18, 100, 86),
(224, 19.18, 100, 88),
(225, 14.86, 101, 86),
(226, 14.86, 101, 88),
(227, 16.68, 102, 87),
(228, 15.34, 103, 87),
(229, 22.53, 103, 89),
(230, 25.31, 104, 89),
(231, 29.82, 104, 90),
(232, 27.04, 105, 90),
(233, 25.89, 105, 91),
(234, 31.64, 106, 92),
(235, 44.1, 106, 93),
(236, 29.72, 107, 92),
(237, 40.27, 107, 93),
(238, 37.39, 108, 94),
(239, 2.5, 109, 95),
(240, 2.9, 109, 96),
(241, 2.21, 110, 97),
(242, 8.25, 110, 98),
(243, 2.21, 110, 99),
(244, 2.21, 111, 97),
(245, 2.21, 111, 99),
(246, 2.21, 111, 100),
(247, 3.6, 112, 101),
(248, 30, 113, 102),
(249, 8.6, 113, 98),
(250, 2.7, 113, 100),
(251, 2.74, 114, 103),
(252, 1.82, 115, 99),
(253, 1.73, 115, 100),
(254, 4.6, 116, 104),
(255, 2.29, 117, 101),
(256, 2.3, 118, 101),
(257, 2.5, 119, 105),
(258, 2.19, 120, 101),
(259, 2.3, 121, 99),
(260, 2.3, 121, 100),
(261, 2.3, 121, 106),
(262, 4.6, 121, 107),
(263, 4.6, 121, 108),
(264, 2.3, 122, 99),
(265, 2.3, 122, 100),
(266, 2.5, 122, 106),
(267, 2.1, 123, 99),
(268, 2.3, 123, 100),
(269, 4.2, 123, 107),
(270, 5, 123, 109),
(271, 1.9, 123, 106),
(272, 2.19, 124, 101),
(273, 2.1, 125, 99),
(274, 2.1, 125, 106),
(275, 2.1, 125, 110),
(276, 4.2, 125, 107),
(277, 2.01, 126, 111),
(278, 2.21, 126, 112),
(279, 1.92, 127, 112),
(280, 2.88, 127, 113),
(281, 4.31, 127, 114),
(282, 2.21, 128, 99),
(283, 4.6, 129, 115),
(284, 5.75, 129, 116),
(285, 5.27, 130, 116),
(286, 5.18, 130, 117),
(287, 7.19, 131, 118),
(288, 6.9, 131, 119),
(289, 7.64, 132, 120),
(290, 4.49, 133, 121),
(291, 3.93, 134, 122),
(292, 4.41, 135, 104),
(293, 2.78, 135, 123),
(294, 4.41, 135, 108),
(295, 3.74, 135, 124),
(296, 2.59, 135, 125),
(297, 5.26, 136, 126),
(298, 3.56, 137, 127),
(299, 4.7, 138, 109),
(300, 3.64, 138, 128),
(301, 2.21, 138, 125),
(302, 5.47, 138, 129),
(303, 3.84, 139, 130),
(304, 3.16, 140, 128),
(305, 2.21, 140, 125),
(306, 3.16, 140, 129),
(307, 3.84, 141, 129),
(308, 4.79, 141, 131),
(309, 5.75, 141, 132),
(310, 10.93, 141, 133),
(311, 5.75, 142, 131),
(312, 4.99, 143, 131),
(313, 3.16, 144, 128),
(314, 2.21, 144, 125),
(315, 3.16, 144, 129),
(316, 10.07, 144, 134),
(317, 3.45, 145, 135),
(318, 3.45, 145, 129),
(319, 4.79, 145, 136),
(320, 5.47, 145, 132),
(321, 10.93, 145, 133),
(322, 4.6, 146, 131),
(323, 10.74, 146, 133),
(324, 5.18, 146, 132),
(325, 7.67, 147, 137),
(326, 7.67, 147, 138),
(327, 12.46, 148, 139),
(328, 4.51, 149, 131),
(329, 5.37, 149, 132),
(330, 8.72, 149, 137),
(331, 7.19, 149, 140),
(332, 14.57, 149, 141),
(333, 7.19, 150, 140),
(334, 7.67, 151, 142),
(335, 9.3, 152, 143),
(336, 7.29, 153, 138),
(337, 7.19, 153, 144),
(338, 8.15, 154, 145),
(339, 7.19, 154, 140),
(340, 8.15, 154, 146),
(341, 7.09, 154, 147),
(342, 6.04, 155, 148),
(343, 6.33, 156, 149),
(344, 9.78, 157, 150),
(345, 6.23, 158, 151),
(346, 7.19, 159, 151),
(347, 6.33, 160, 149),
(348, 2.19, 161, 152),
(349, 3.84, 162, 135),
(350, 2.21, 162, 153),
(351, 10.93, 162, 133),
(352, 4.79, 162, 126),
(353, 3.84, 163, 135),
(354, 4.41, 163, 154),
(355, 10.55, 163, 155),
(356, 4.11, 164, 135),
(357, 4.11, 165, 135),
(358, 10.55, 166, 133),
(359, 23.01, 166, 156),
(360, 9.3, 166, 134),
(361, 23.01, 167, 156),
(362, 4.7, 168, 136),
(363, 7.29, 168, 157),
(364, 19.18, 168, 158),
(365, 3.84, 169, 135),
(366, 2.21, 169, 153),
(367, 10.55, 169, 133),
(368, 4.6, 169, 159),
(369, 9.78, 169, 134),
(370, 4.7, 170, 136),
(371, 5.56, 170, 132),
(372, 7.29, 170, 137),
(373, 14.09, 170, 158),
(374, 11.79, 170, 160),
(375, 12.75, 171, 160),
(376, 4.89, 172, 126),
(377, 8.92, 172, 137),
(378, 9.3, 172, 134),
(379, 4.89, 172, 159),
(380, 14.09, 172, 158),
(381, 11.79, 172, 160),
(382, 14.09, 173, 158),
(383, 8.44, 173, 137),
(384, 11.79, 173, 160),
(385, 12.75, 173, 161),
(386, 17.62, 174, 162),
(387, 14.68, 174, 162),
(388, 11.75, 174, 162),
(389, 12.08, 175, 162),
(390, 11.22, 176, 163),
(391, 12.75, 177, 160),
(392, 11.22, 177, 164),
(393, 8.63, 178, 134),
(394, 13.81, 178, 158),
(395, 11.51, 178, 139),
(396, 8.63, 178, 165),
(397, 10.83, 179, 166),
(398, 8.22, 180, 167),
(399, 14.38, 181, 168),
(400, 14.38, 182, 168),
(401, 12.46, 183, 161),
(402, 12.46, 183, 169),
(403, 12.46, 184, 164),
(404, 11.51, 184, 169),
(405, 14.09, 184, 170),
(406, 11.22, 185, 139),
(407, 12.08, 185, 161),
(408, 12.18, 185, 171),
(409, 10.83, 186, 160),
(410, 11.79, 186, 161),
(411, 11.79, 186, 171),
(412, 10.55, 187, 139),
(413, 11.03, 187, 171),
(414, 13.14, 188, 170),
(415, 10.55, 189, 172),
(416, 10.07, 190, 173),
(417, 17.35, 191, 174),
(418, 2.1, 192, 175),
(419, 4.8, 192, 176),
(420, 3.1, 192, 177),
(421, 2.49, 193, 177),
(422, 3.93, 193, 178),
(423, 3.07, 193, 179),
(424, 3.26, 194, 178),
(425, 2.21, 194, 179),
(426, 4.31, 194, 180),
(427, 4.31, 194, 181),
(428, 3.93, 195, 182),
(429, 4.31, 195, 183),
(430, 10.93, 195, 184),
(431, 5.75, 195, 185),
(432, 4.31, 196, 180),
(433, 4.22, 197, 183),
(434, 5.47, 197, 185),
(435, 7.38, 197, 186),
(436, 12.27, 197, 187),
(437, 15.34, 198, 188),
(438, 7.09, 199, 189),
(439, 6.81, 200, 190),
(440, 6.81, 200, 191),
(441, 7.67, 201, 192),
(442, 16.97, 202, 193),
(443, 8.63, 202, 194),
(444, 7.09, 202, 189),
(445, 16.4, 203, 195),
(446, 8.34, 203, 196),
(447, 16.87, 203, 197),
(448, 8.05, 204, 166),
(449, 6.81, 205, 190),
(450, 8.72, 205, 198),
(451, 10.64, 205, 199),
(452, 12.08, 205, 200),
(453, 13.04, 206, 201),
(454, 16.4, 207, 202),
(455, 16.68, 207, 197),
(456, 16.4, 207, 203),
(457, 11.79, 208, 200),
(458, 14.67, 208, 204),
(459, 10.26, 209, 205),
(460, 15.82, 210, 206),
(461, 16.3, 211, 207),
(462, 8, 212, 208),
(463, 6.9, 213, 208),
(464, 6.33, 213, 209),
(465, 6.71, 213, 210),
(466, 5.75, 214, 209),
(467, 5.75, 214, 210),
(468, 14.86, 214, 211),
(469, 16.3, 214, 212),
(470, 15.82, 215, 213),
(471, 30.3, 215, 214),
(472, 17.26, 216, 215),
(473, 19.65, 216, 216),
(474, 23.97, 217, 217),
(475, 50.14, 217, 218),
(476, 22.05, 218, 216),
(477, 23.97, 218, 217),
(478, 51.01, 218, 218),
(479, 25.89, 219, 217),
(480, 42.19, 219, 218),
(481, 23.97, 220, 217),
(482, 37.39, 220, 218),
(483, 30.68, 221, 219),
(484, 2.5, 222, 220),
(485, 8, 222, 221),
(486, 16.4, 223, 222),
(487, 7.38, 223, 223),
(488, 2.4, 223, 224),
(489, 4.79, 224, 225),
(490, 7.66, 225, 223),
(491, 23.01, 226, 222),
(492, 2.2, 227, 226),
(493, 6.9, 228, 223),
(494, 2.3, 228, 224),
(495, 2.3, 228, 226),
(496, 4.6, 229, 227),
(497, 2.21, 230, 226),
(498, 6.9, 230, 228),
(499, 4.6, 231, 229),
(500, 4.22, 231, 230),
(501, 4.99, 232, 231),
(502, 2.88, 232, 232),
(503, 4.6, 232, 233),
(504, 4.03, 233, 234),
(505, 3.55, 233, 235),
(506, 4.31, 234, 236),
(507, 4.03, 234, 237),
(508, 4.12, 235, 237),
(509, 4.31, 235, 238),
(510, 11.75, 236, 237),
(511, 19.58, 236, 238),
(512, 5.08, 237, 239),
(513, 4.79, 237, 240),
(514, 4.31, 238, 241),
(515, 5.75, 239, 242),
(516, 22.05, 239, 243),
(517, 8.82, 240, 244),
(518, 19.18, 240, 243),
(519, 5.47, 241, 245),
(520, 2.21, 241, 224),
(521, 7, 241, 223),
(522, 2.4, 242, 224),
(523, 2.21, 242, 226),
(524, 4.41, 242, 246),
(525, 3.45, 243, 247),
(526, 2.88, 243, 248),
(527, 3.84, 244, 248),
(528, 3.64, 245, 248),
(529, 8.63, 245, 249),
(530, 4.6, 245, 250),
(531, 3.65, 246, 248),
(532, 2.2, 247, 251),
(533, 3.64, 248, 248),
(534, 7.67, 248, 249),
(535, 4.03, 248, 250),
(536, 3.16, 248, 252),
(537, 3.16, 249, 252),
(538, 3.64, 250, 248),
(539, 4.03, 250, 250),
(540, 3.16, 250, 252),
(541, 7.67, 250, 249),
(542, 3.45, 251, 252),
(543, 4.03, 252, 250),
(544, 3.16, 252, 252),
(545, 7.67, 252, 249),
(546, 9.01, 252, 253),
(547, 3.16, 253, 250),
(548, 4.03, 254, 250),
(549, 3.16, 254, 252),
(550, 7.86, 254, 253),
(551, 7.86, 254, 254),
(552, 7.67, 254, 249),
(553, 7.09, 255, 255),
(554, 7.48, 256, 256),
(555, 7.67, 257, 257),
(556, 15.34, 258, 258),
(557, 25.89, 258, 259),
(558, 7.19, 259, 260),
(559, 7.29, 260, 253),
(560, 7.29, 260, 261),
(561, 7.29, 260, 254),
(562, 8.63, 260, 262),
(563, 7.67, 260, 249),
(564, 23.97, 261, 259),
(565, 34.52, 261, 263),
(566, 8.01, 262, 264),
(567, 8.44, 263, 264),
(568, 7.67, 264, 265),
(569, 4.12, 265, 266),
(570, 3.45, 265, 250),
(571, 3.65, 266, 248),
(572, 4.12, 267, 266),
(573, 3.45, 267, 250),
(574, 3.45, 267, 252),
(575, 7.29, 267, 253),
(576, 3.45, 268, 252),
(577, 7.29, 268, 253),
(578, 10.93, 268, 267),
(579, 9.68, 269, 268),
(580, 11.4, 270, 269),
(581, 6.9, 271, 270),
(582, 7.29, 272, 271),
(583, 9.01, 272, 272),
(584, 14.38, 273, 273),
(585, 8.92, 274, 272),
(586, 10.55, 274, 274),
(587, 9.59, 274, 275),
(588, 8.44, 275, 275),
(589, 23.97, 276, 276),
(590, 2.1, 277, 277),
(591, 7, 277, 278),
(592, 2.5, 277, 279),
(593, 5.37, 278, 280),
(594, 3.84, 278, 281),
(595, 3.55, 279, 282),
(596, 4.03, 279, 283),
(597, 2.4, 279, 281),
(598, 4.03, 279, 280),
(599, 3.55, 280, 278),
(600, 3.55, 280, 284),
(601, 7.67, 280, 285),
(602, 2.21, 280, 281),
(603, 3.55, 280, 286),
(604, 3.93, 281, 280),
(605, 3.36, 281, 286),
(606, 3.07, 281, 287),
(607, 7.48, 281, 288),
(608, 2.21, 282, 281),
(609, 3.93, 282, 280),
(610, 3.07, 282, 286),
(611, 3.64, 283, 280),
(612, 3.26, 283, 286),
(613, 2.97, 283, 287),
(614, 8.15, 283, 289),
(615, 2.97, 284, 287),
(616, 7.67, 284, 289),
(617, 7.48, 285, 290),
(618, 7, 286, 289),
(619, 7, 286, 291),
(620, 8.72, 286, 292),
(621, 7.38, 287, 289),
(622, 7.38, 287, 291),
(623, 9.59, 288, 293),
(624, 6.62, 289, 291),
(625, 7.38, 289, 292),
(626, 8.72, 289, 294),
(627, 7.19, 290, 291),
(628, 7.96, 290, 292),
(629, 9.68, 290, 294),
(630, 7.86, 291, 292),
(631, 9.3, 291, 294),
(632, 20.13, 291, 295),
(633, 7.09, 292, 292),
(634, 8.34, 292, 294),
(635, 17.55, 292, 295),
(636, 16.3, 293, 296),
(637, 18.7, 294, 296),
(638, 8.63, 295, 297),
(639, 19.18, 296, 298),
(640, 19.18, 296, 299),
(641, 7, 297, 300),
(642, 14.38, 298, 298),
(643, 14.38, 298, 301),
(644, 12.46, 299, 298),
(645, 12.46, 299, 301),
(646, 23.97, 300, 302),
(647, 22.05, 301, 302),
(648, 21.09, 301, 303),
(649, 27.33, 302, 304),
(650, 26.56, 302, 305),
(651, 29.72, 303, 305),
(652, 44.1, 303, 306),
(653, 26.85, 304, 307),
(654, 40.27, 304, 308),
(655, 4.31, 305, 241),
(656, 3.45, 306, 309),
(657, 11.03, 306, 310),
(658, 17.26, 307, 311),
(659, 2.59, 307, 279),
(660, 8.63, 307, 312),
(661, 18, 308, 311),
(662, 17, 309, 222),
(663, 2.6, 309, 224),
(664, 2.49, 310, 309),
(665, 10.55, 310, 312),
(666, 2.11, 311, 279),
(667, 5.27, 311, 312),
(668, 6.71, 311, 313),
(669, 2.5, 312, 224),
(670, 2.5, 312, 226),
(671, 2.6, 312, 279),
(672, 2.01, 313, 314),
(673, 4.79, 313, 312),
(674, 3.84, 313, 315),
(675, 5.75, 313, 313),
(676, 2.97, 314, 314),
(677, 4.79, 314, 316),
(678, 4.79, 314, 317),
(679, 4.6, 315, 318),
(680, 5.38, 315, 319),
(681, 5.87, 315, 320),
(682, 5.48, 316, 320),
(683, 9.79, 316, 321),
(684, 9.5, 317, 321),
(685, 9.3, 317, 322),
(686, 13.42, 318, 323),
(687, 4.31, 319, 324),
(688, 4.31, 319, 325),
(689, 3.45, 320, 325),
(690, 3.45, 320, 326),
(691, 3.45, 320, 327),
(692, 2.59, 321, 326),
(693, 2.88, 321, 327),
(694, 2.01, 321, 279),
(695, 1.98, 322, 328),
(696, 3.36, 323, 247),
(697, 2.21, 323, 232),
(698, 2.88, 323, 248),
(699, 2.01, 324, 314),
(700, 3.84, 324, 315),
(701, 2.01, 324, 329),
(702, 2.01, 325, 314),
(703, 3.84, 325, 315),
(704, 2.11, 325, 232),
(705, 2.11, 325, 330),
(706, 2.21, 326, 331),
(707, 3.64, 327, 248),
(708, 2.3, 327, 232),
(709, 8.63, 327, 249),
(710, 2.4, 327, 330),
(711, 4.41, 327, 250),
(712, 4.79, 328, 332),
(713, 2.21, 329, 232),
(714, 2.21, 329, 330),
(715, 6.71, 329, 333),
(716, 2.88, 329, 334),
(717, 3.74, 329, 335),
(718, 3.74, 330, 334),
(719, 3.64, 331, 248),
(720, 7.67, 331, 249),
(721, 3.93, 331, 250),
(722, 4.6, 331, 336),
(723, 4.51, 331, 332),
(724, 2.88, 332, 334),
(725, 6.71, 332, 333),
(726, 3.74, 332, 335),
(727, 3.74, 332, 337),
(728, 3.84, 333, 337),
(729, 4.03, 333, 332),
(730, 7.19, 333, 338),
(731, 8.25, 334, 339),
(732, 7.19, 335, 340),
(733, 14.86, 336, 341),
(734, 5.75, 337, 338),
(735, 5.47, 337, 342),
(736, 10.74, 337, 339),
(737, 8.25, 338, 343),
(738, 3.64, 339, 334),
(739, 2.01, 340, 314),
(740, 3.45, 340, 315),
(741, 2.11, 340, 232),
(742, 2.11, 340, 330),
(743, 2.88, 340, 334),
(744, 4.6, 340, 335),
(745, 2.11, 341, 330),
(746, 6.71, 341, 333),
(747, 2.88, 341, 334),
(748, 4.12, 341, 335),
(749, 4.12, 341, 337),
(750, 4.79, 342, 332),
(751, 4.03, 343, 337),
(752, 4.79, 343, 332),
(753, 4.12, 344, 332),
(754, 4.03, 345, 332),
(755, 6.23, 345, 344),
(756, 5.66, 346, 342),
(757, 5.66, 347, 344),
(758, 10.83, 347, 345),
(759, 8.34, 348, 346),
(760, 8.34, 349, 345),
(761, 8.63, 350, 347),
(762, 2.21, 351, 348),
(763, 2.97, 351, 349),
(764, 2.97, 351, 350),
(765, 2.68, 352, 351),
(766, 7.67, 352, 352),
(767, 2.4, 352, 353),
(768, 2.21, 353, 351),
(769, 7.19, 353, 352),
(770, 2.21, 353, 353),
(771, 5.47, 353, 354),
(772, 2.4, 354, 353),
(773, 4.7, 354, 355),
(774, 4.51, 354, 356),
(775, 2.21, 355, 357),
(776, 7.19, 355, 352),
(777, 2.21, 355, 358),
(778, 2.21, 356, 358),
(779, 2.21, 356, 359),
(780, 3.64, 356, 360),
(781, 4.12, 356, 356),
(782, 3.84, 358, 361),
(783, 6.71, 358, 362),
(784, 9.11, 358, 363),
(785, 4.12, 359, 356),
(786, 11.51, 360, 358),
(787, 3.16, 360, 360),
(788, 3.64, 360, 356),
(789, 5.94, 360, 364),
(790, 4.12, 361, 355),
(791, 3.74, 361, 356),
(792, 7.48, 361, 365),
(793, 3.45, 362, 356),
(794, 5.18, 362, 364),
(795, 6.33, 362, 363),
(796, 4.79, 362, 366),
(797, 6.33, 363, 364),
(798, 6.04, 363, 366),
(799, 9.68, 363, 367),
(800, 7.48, 364, 368),
(801, 13.81, 364, 369),
(802, 5.37, 365, 363),
(803, 4.12, 365, 366),
(804, 6.81, 365, 368),
(805, 28.76, 366, 370),
(806, 8.15, 367, 371),
(807, 28.76, 368, 370),
(808, 8.63, 369, 372),
(809, 10.35, 370, 373),
(810, 10.55, 371, 374),
(811, 11.51, 371, 375),
(812, 8.44, 372, 374),
(813, 9.2, 372, 375),
(814, 8.44, 373, 375),
(815, 12.37, 373, 376),
(816, 8.53, 374, 375),
(817, 12.94, 374, 376),
(818, 11.51, 375, 376),
(819, 27.8, 375, 369),
(820, 24.93, 376, 369),
(821, 28.76, 376, 377),
(822, 22.05, 377, 369),
(823, 26.85, 377, 377),
(824, 35.47, 377, 378),
(825, 44.1, 378, 379),
(826, 2.5, 379, 380),
(827, 2.3, 379, 381),
(828, 3.16, 380, 382),
(829, 2.21, 380, 99),
(830, 7.67, 380, 312),
(831, 2.88, 381, 383),
(832, 2.21, 381, 99),
(833, 2.88, 381, 384),
(834, 2.25, 382, 385),
(835, 2.45, 382, 384),
(836, 2.88, 383, 386),
(837, 3.64, 383, 387),
(838, 3.16, 384, 252),
(839, 5.27, 385, 388),
(840, 6.42, 386, 389),
(841, 7.19, 386, 390),
(842, 5.75, 387, 390),
(843, 7.86, 387, 391),
(844, 7.48, 387, 392),
(845, 7.38, 388, 392),
(846, 8.82, 388, 393),
(847, 10.26, 389, 394),
(848, 3.64, 390, 128),
(849, 2.21, 390, 395),
(850, 4.79, 391, 396),
(851, 4.6, 391, 397),
(852, 4.31, 392, 396),
(853, 4.31, 392, 397),
(854, 8.92, 392, 398),
(855, 7.19, 393, 399),
(856, 4.31, 394, 396),
(857, 4.31, 394, 397),
(858, 8.72, 394, 398),
(859, 11.51, 394, 400),
(860, 8.15, 394, 401),
(861, 12.85, 395, 162),
(862, 7.57, 396, 402),
(863, 7.29, 397, 401),
(864, 6.9, 397, 403),
(865, 7.86, 397, 404),
(866, 10.55, 397, 405),
(867, 9.2, 398, 406),
(868, 7.77, 399, 407),
(869, 8.92, 400, 398),
(870, 13.42, 400, 408),
(871, 11.79, 400, 160),
(872, 12.46, 401, 408),
(873, 11.51, 401, 160),
(874, 9.59, 401, 404),
(875, 12.08, 402, 162),
(876, 11.98, 403, 162),
(877, 10.83, 404, 160),
(878, 8.15, 404, 404),
(879, 13.42, 404, 409),
(880, 9.59, 405, 405),
(881, 10.74, 406, 410),
(882, 1.92, 407, 411),
(883, 2.78, 407, 412),
(884, 3.16, 408, 179),
(885, 4.79, 408, 178),
(886, 2.88, 409, 179),
(887, 4.22, 409, 178),
(888, 4.6, 409, 413),
(889, 4.31, 410, 413),
(890, 4.6, 410, 414),
(891, 4.6, 411, 414),
(892, 7.67, 411, 415),
(893, 7.19, 412, 415),
(894, 6.71, 412, 416),
(895, 9.11, 412, 417),
(896, 8.15, 413, 417),
(897, 11.6, 413, 418),
(898, 13.42, 413, 419),
(899, 9.4, 414, 420),
(900, 12.9, 415, 419),
(901, 17.26, 415, 421),
(902, 16.3, 416, 421),
(903, 5.8, 417, 422),
(904, 3.4, 417, 423),
(905, 2.3, 418, 424),
(906, 2.3, 418, 425),
(907, 3.4, 418, 426),
(908, 3, 419, 425),
(909, 2.1, 420, 427),
(910, 2.3, 420, 428),
(911, 2.1, 421, 427),
(912, 2.4, 422, 384),
(913, 2.4, 422, 429),
(914, 10, 423, 422),
(915, 2.3, 423, 423),
(916, 3.4, 423, 426),
(917, 2.4, 424, 430),
(918, 2.3, 424, 426),
(919, 2.88, 425, 426),
(920, 2.21, 425, 427),
(921, 2.21, 425, 428),
(922, 2.88, 425, 384),
(923, 2.3, 426, 384),
(924, 3.84, 426, 431),
(925, 2.3, 426, 429),
(926, 2.21, 427, 429),
(927, 3.84, 427, 431),
(928, 4.03, 427, 432),
(929, 4.79, 427, 433),
(930, 4.79, 428, 433),
(931, 4.51, 429, 433),
(932, 3.64, 429, 434),
(933, 4.31, 430, 433),
(934, 3.45, 430, 434),
(935, 9.59, 430, 435),
(936, 7.19, 431, 255),
(937, 6.9, 431, 436),
(938, 6.23, 431, 437),
(939, 7.19, 432, 436),
(940, 4.79, 433, 437),
(941, 7.86, 433, 438),
(942, 6.81, 434, 438),
(943, 4, 435, 439),
(944, 3.3, 436, 439),
(945, 3.3, 436, 431),
(946, 10.07, 437, 440),
(947, 3.45, 437, 432),
(948, 3.55, 437, 433),
(949, 6.71, 438, 34),
(950, 11.51, 439, 441),
(951, 24.93, 439, 442),
(952, 10.55, 440, 441),
(953, 11.51, 440, 443),
(954, 23.01, 440, 442),
(955, 10.07, 441, 441),
(956, 8.92, 441, 444),
(957, 21.09, 441, 442),
(958, 15.63, 442, 445),
(959, 21.09, 442, 446),
(960, 18.98, 442, 447),
(961, 19.18, 443, 446),
(962, 16.4, 443, 447),
(963, 2.5, 444, 380),
(964, 5.8, 444, 448),
(965, 10, 445, 448),
(966, 1.5, 445, 449),
(967, 2.5, 445, 450),
(968, 2.6, 446, 380),
(969, 2.3, 446, 449),
(970, 2.8, 446, 451),
(971, 2.5, 447, 380),
(972, 1.7, 447, 449),
(973, 2.6, 447, 451),
(974, 2.6, 448, 380),
(975, 2.3, 448, 449),
(976, 2.6, 448, 451),
(977, 2.4, 449, 451),
(978, 1.8, 449, 449),
(979, 3.2, 449, 450),
(980, 3.2, 449, 452),
(981, 2.21, 450, 450),
(982, 2.21, 450, 452),
(983, 5.94, 450, 453),
(984, 4.5, 451, 454),
(985, 4.5, 451, 455),
(986, 14, 451, 456),
(987, 15.66, 452, 457),
(988, 19.58, 452, 458),
(989, 1.9, 453, 459),
(990, 4.4, 453, 460),
(991, 4.2, 453, 461),
(992, 15.66, 454, 462),
(993, 11.75, 455, 457),
(994, 13.71, 455, 458),
(995, 4.12, 456, 461),
(996, 6.6, 456, 463),
(997, 6.4, 456, 464),
(998, 23.49, 457, 465),
(999, 19.58, 457, 466),
(1000, 29.37, 458, 467),
(1001, 6.6, 459, 468),
(1002, 8.5, 459, 469),
(1003, 8.23, 459, 470),
(1004, 15.66, 460, 471),
(1005, 22.52, 460, 472),
(1006, 8, 461, 470),
(1007, 7.8, 461, 473),
(1008, 26.43, 462, 474),
(1009, 12, 463, 475),
(1010, 2.4, 464, 450),
(1011, 2.4, 464, 452),
(1012, 1.7, 464, 449),
(1013, 2.6, 464, 476),
(1014, 2.35, 465, 450),
(1015, 2.45, 465, 452),
(1016, 2.84, 465, 476),
(1017, 1.92, 466, 452),
(1018, 2.21, 466, 476),
(1019, 2.11, 466, 477),
(1020, 4.99, 466, 453),
(1021, 5.18, 466, 478),
(1022, 4.03, 467, 453),
(1023, 3.74, 467, 478),
(1024, 9.59, 467, 479),
(1025, 7, 468, 480),
(1026, 35.24, 469, 481),
(1027, 12.27, 470, 482),
(1028, 7.29, 471, 483),
(1029, 8.53, 471, 484),
(1030, 8.34, 471, 485),
(1031, 30.35, 472, 483),
(1032, 30.35, 472, 486),
(1033, 44.05, 472, 484),
(1034, 7.48, 473, 485),
(1035, 23.49, 474, 483),
(1036, 35.24, 474, 484),
(1037, 39.16, 474, 487),
(1038, 2.06, 475, 450),
(1039, 2.06, 475, 452),
(1040, 2.06, 475, 476),
(1041, 3.64, 476, 453),
(1042, 3.64, 476, 478),
(1043, 8.44, 476, 488),
(1044, 3.64, 477, 250),
(1045, 8.25, 477, 488),
(1046, 10.26, 477, 489),
(1047, 8.44, 477, 483),
(1048, 9.59, 477, 490),
(1049, 7, 478, 488),
(1050, 7.67, 478, 483),
(1051, 8.25, 478, 490),
(1052, 9.2, 478, 489),
(1053, 34.02, 479, 483),
(1054, 34.02, 479, 490),
(1055, 48.61, 479, 484),
(1056, 6.52, 480, 490),
(1057, 8.92, 480, 484),
(1058, 13.23, 480, 491),
(1059, 9.88, 481, 484),
(1060, 6.52, 482, 490),
(1061, 29.16, 483, 490),
(1062, 34.02, 483, 484),
(1063, 34.02, 483, 492),
(1064, 10.74, 484, 493),
(1065, 12.75, 484, 494),
(1066, 29.16, 485, 492),
(1067, 10.45, 486, 495),
(1068, 15.15, 486, 496),
(1069, 1.63, 487, 497),
(1070, 2.21, 487, 498),
(1071, 6.23, 487, 499),
(1072, 3.61, 488, 500),
(1073, 2.11, 489, 498),
(1074, 2.68, 489, 501),
(1075, 3.64, 490, 502),
(1076, 3.64, 490, 503),
(1077, 8.15, 490, 504),
(1078, 5.18, 491, 505),
(1079, 8.05, 491, 506),
(1080, 3.36, 492, 502),
(1081, 3.36, 492, 503),
(1082, 9.2, 492, 507),
(1083, 6.81, 492, 506),
(1084, 8.63, 492, 480),
(1085, 6.04, 493, 506),
(1086, 6.62, 493, 480),
(1087, 9.59, 493, 508),
(1088, 6.04, 494, 480),
(1089, 7.67, 494, 508),
(1090, 32.6, 494, 509),
(1091, 11.03, 495, 510),
(1092, 32.6, 496, 509),
(1093, 47.94, 497, 511),
(1094, 36.43, 498, 509),
(1095, 7.8, 499, 512),
(1096, 19.65, 500, 513),
(1097, 19.65, 500, 514),
(1098, 14.38, 501, 515),
(1099, 15.34, 501, 516),
(1100, 8.92, 502, 88),
(1101, 12.37, 503, 514),
(1102, 13.42, 503, 516),
(1103, 26.85, 504, 517),
(1104, 30.58, 504, 518),
(1105, 26.27, 505, 518),
(1106, 28.57, 505, 519),
(1107, 28.76, 506, 519),
(1108, 28.76, 506, 520),
(1109, 26.85, 507, 520),
(1110, 28.76, 507, 521),
(1111, 49.86, 508, 521),
(1112, 3.3, 509, 522),
(1113, 3.1, 509, 523),
(1114, 2.8, 510, 524),
(1115, 2.6, 510, 525),
(1116, 2.88, 511, 524),
(1117, 2.4, 511, 525),
(1118, 2.4, 511, 526),
(1119, 4.79, 511, 527),
(1120, 3.36, 512, 528),
(1121, 2.88, 512, 529),
(1122, 2.4, 512, 530),
(1123, 5.56, 513, 531),
(1124, 5.08, 513, 532),
(1125, 4.51, 514, 532),
(1126, 7.67, 514, 533),
(1127, 6.62, 515, 534),
(1128, 5.75, 516, 535),
(1129, 8.15, 516, 536),
(1130, 5.56, 517, 534),
(1131, 6.71, 517, 537),
(1132, 7.67, 517, 536),
(1133, 10.55, 517, 538),
(1134, 23.01, 518, 539),
(1135, 7.19, 519, 540),
(1136, 7.67, 519, 541),
(1137, 21.09, 519, 542),
(1138, 23.97, 520, 542),
(1139, 2.49, 521, 543),
(1140, 7.67, 521, 544),
(1141, 4.79, 522, 544),
(1142, 4.79, 523, 545),
(1143, 2.25, 523, 546),
(1144, 2.11, 524, 546),
(1145, 1.92, 524, 547),
(1146, 2.21, 525, 548),
(1147, 2.54, 525, 549),
(1148, 4.27, 525, 550),
(1149, 4.22, 526, 550),
(1150, 6.04, 526, 551),
(1151, 5.47, 527, 552),
(1152, 4.94, 527, 553),
(1153, 15.66, 528, 553),
(1154, 4.31, 529, 551),
(1155, 4.31, 529, 553),
(1156, 10.79, 529, 554),
(1157, 7.19, 530, 555),
(1158, 7.34, 531, 556),
(1159, 7.05, 531, 557),
(1160, 11.26, 531, 558),
(1161, 10.87, 532, 558),
(1162, 9.99, 532, 559),
(1163, 9.2, 533, 560),
(1164, 22.22, 534, 561),
(1165, 26.43, 534, 562),
(1166, 21.54, 535, 562),
(1167, 24.47, 535, 563),
(1168, 21.05, 536, 563),
(1169, 8.63, 537, 564),
(1170, 2.21, 537, 565),
(1171, 4.79, 538, 566),
(1172, 4.6, 538, 567),
(1173, 4.03, 539, 568),
(1174, 4.22, 539, 569),
(1175, 9.4, 539, 570),
(1176, 11.51, 540, 571),
(1177, 10.64, 540, 572),
(1178, 8.72, 541, 573),
(1179, 9.3, 541, 574),
(1180, 7.67, 542, 574),
(1181, 7.09, 542, 575),
(1182, 9.78, 543, 576),
(1183, 6.81, 544, 575),
(1184, 11.22, 544, 577),
(1185, 8.25, 545, 576),
(1186, 8.25, 545, 578),
(1187, 6.71, 546, 578),
(1188, 4.2, 547, 579),
(1189, 5.2, 547, 580),
(1190, 3.26, 548, 581),
(1191, 3.07, 548, 580),
(1192, 2.68, 548, 582),
(1193, 3.2, 549, 581),
(1194, 4.5, 549, 548),
(1195, 2.8, 550, 581),
(1196, 6.5, 550, 583),
(1197, 3.9, 550, 584),
(1198, 4.79, 551, 583),
(1199, 4.99, 551, 585),
(1200, 4.79, 551, 586),
(1201, 4.12, 552, 587),
(1202, 4.31, 552, 586),
(1203, 8.15, 552, 588),
(1204, 4.03, 553, 33),
(1205, 7.67, 554, 588),
(1206, 10.55, 554, 589),
(1207, 13.61, 555, 590),
(1208, 8.63, 556, 589),
(1209, 11.98, 556, 160),
(1210, 12.18, 556, 591),
(1211, 11.51, 557, 591),
(1212, 15.34, 557, 592),
(1213, 18.7, 558, 593),
(1214, 2.6, 559, 594),
(1215, 2.8, 559, 595),
(1216, 2.5, 560, 595),
(1217, 3.5, 560, 596),
(1218, 2.11, 561, 597),
(1219, 2.11, 561, 598),
(1220, 1.92, 562, 598),
(1221, 3.84, 562, 599),
(1222, 4.03, 562, 600),
(1223, 3.93, 563, 600),
(1224, 4.03, 563, 601),
(1225, 3.93, 563, 602),
(1226, 3.64, 564, 602),
(1227, 7.19, 564, 603),
(1228, 7.67, 565, 604),
(1229, 9.59, 565, 604),
(1230, 11.51, 565, 604),
(1231, 7.67, 565, 605),
(1232, 9.59, 565, 605),
(1233, 10.55, 565, 605),
(1234, 6.9, 566, 606),
(1235, 7.77, 566, 606),
(1236, 10.35, 566, 606),
(1237, 7.67, 567, 607),
(1238, 8.63, 567, 607),
(1239, 10.55, 567, 607),
(1240, 10.55, 567, 608),
(1241, 12.46, 567, 608),
(1242, 14.38, 567, 608),
(1243, 9.59, 568, 609),
(1244, 11.51, 568, 609),
(1245, 13.42, 568, 609),
(1246, 15.34, 568, 609),
(1247, 11.98, 569, 610),
(1248, 3.07, 570, 280),
(1249, 4.6, 570, 611),
(1250, 4.22, 570, 356),
(1251, 9.78, 571, 612),
(1252, 10.83, 572, 613),
(1253, 10.55, 573, 614),
(1254, 11.79, 574, 160),
(1255, 11.98, 575, 615),
(1256, 11.98, 575, 615),
(1257, 4.31, 576, 587),
(1258, 5.56, 576, 586),
(1259, 4.12, 577, 586),
(1260, 7.96, 577, 588),
(1261, 7.96, 577, 616),
(1262, 7.96, 578, 617),
(1263, 7.96, 578, 618),
(1264, 12.18, 578, 619),
(1265, 11.03, 579, 619),
(1266, 8.63, 579, 620),
(1267, 8.25, 579, 621),
(1268, 7.77, 580, 621),
(1269, 7.77, 580, 622),
(1270, 8.44, 580, 623),
(1271, 8.15, 581, 624),
(1272, 21.54, 582, 625),
(1273, 5.27, 583, 626),
(1274, 5.27, 583, 626),
(1275, 8.15, 583, 627),
(1276, 8.15, 583, 627),
(1277, 7.19, 584, 627),
(1278, 7.19, 584, 627),
(1279, 10.55, 584, 628),
(1280, 10.55, 584, 628),
(1281, 10.07, 584, 629),
(1282, 10.07, 584, 629),
(1283, 11.22, 585, 630),
(1284, 11.22, 585, 630),
(1285, 8.25, 586, 631),
(1286, 4.31, 587, 332),
(1287, 12.46, 589, 634),
(1288, 13.42, 589, 634),
(1289, 15.34, 589, 634),
(1290, 12.46, 589, 635),
(1291, 13.42, 589, 635),
(1292, 15.34, 589, 635),
(1293, 11.51, 590, 635),
(1294, 12.46, 590, 635),
(1295, 13.42, 590, 635),
(1296, 11.51, 590, 636),
(1297, 12.46, 590, 636),
(1298, 13.42, 590, 636),
(1299, 14.38, 590, 636),
(1300, 12.46, 590, 637),
(1301, 13.42, 590, 637),
(1302, 15.34, 590, 637),
(1303, 15.37, 591, 638),
(1304, 16.64, 591, 638),
(1305, 19.58, 591, 638),
(1306, 16.78, 592, 639),
(1307, 10.83, 593, 640),
(1308, 23.97, 594, 641),
(1309, 38.35, 594, 641),
(1310, 14.68, 595, 642),
(1311, 9.2, 596, 643),
(1312, 44.05, 597, 644),
(1313, 23.97, 598, 645),
(1314, 19.18, 599, 646),
(1315, 11.51, 600, 647),
(1316, 3.26, 601, 252),
(1317, 3.26, 601, 648),
(1318, 8.63, 601, 649),
(1319, 8.63, 602, 650),
(1320, 8.44, 602, 651),
(1321, 6.71, 603, 650),
(1322, 6.14, 603, 340),
(1323, 8.53, 603, 652),
(1324, 5.75, 604, 340),
(1325, 7.96, 604, 653),
(1326, 10.93, 604, 654),
(1327, 7.81, 605, 655),
(1328, 10.55, 605, 656),
(1329, 4.31, 357, 657),
(1330, 6.9, 588, 632),
(1331, 8.63, 588, 633),
(1339, 5.5, 613, 665),
(1516, 2.88, 659, 668),
(1517, 3.16, 659, 675),
(1518, 3.55, 659, 674),
(1519, 7.67, 660, 671),
(1520, 9.3, 660, 670),
(1521, 6.58, 660, 669),
(1522, 2.88, 660, 668),
(1550, 17.26, 670, 688),
(1551, 7.38, 670, 689),
(1552, 7.48, 670, 669),
(1557, 23.97, 672, 690),
(1558, 17.26, 672, 691),
(1559, 19.18, 672, 692),
(1560, 19.18, 672, 688),
(1561, 23.01, 673, 693),
(1562, 23.97, 673, 694),
(1563, 17.26, 673, 691),
(1564, 23.01, 674, 695),
(1565, 7.67, 675, 604),
(1566, 7.19, 675, 603),
(1567, 13.42, 676, 696);

-- --------------------------------------------------------

--
-- Struktura tabulky `naboj`
--

DROP TABLE IF EXISTS `naboj`;
CREATE TABLE IF NOT EXISTS `naboj` (
  `idNaboj` int(11) NOT NULL AUTO_INCREMENT,
  `Nazev` enum('AP','APCR','HE','HEAT') DEFAULT NULL,
  PRIMARY KEY (`idNaboj`)
) ENGINE=InnoDB AUTO_INCREMENT=5 DEFAULT CHARSET=utf8;

--
-- Vypisuji data pro tabulku `naboj`
--

INSERT INTO `naboj` (`idNaboj`, `Nazev`) VALUES
(1, 'AP'),
(2, 'APCR'),
(3, 'HE'),
(4, 'HEAT');

-- --------------------------------------------------------

--
-- Struktura tabulky `narod`
--

DROP TABLE IF EXISTS `narod`;
CREATE TABLE IF NOT EXISTS `narod` (
  `idNarod` int(11) NOT NULL AUTO_INCREMENT,
  `Nazev` varchar(45) NOT NULL,
  PRIMARY KEY (`idNarod`)
) ENGINE=InnoDB AUTO_INCREMENT=12 DEFAULT CHARSET=utf8;

--
-- Vypisuji data pro tabulku `narod`
--

INSERT INTO `narod` (`idNarod`, `Nazev`) VALUES
(1, 'britanie'),
(2, 'cesko'),
(3, 'cina'),
(4, 'francie'),
(5, 'italie'),
(6, 'japonsko'),
(7, 'nemecko'),
(8, 'polsko'),
(9, 'sssr'),
(10, 'svedsko'),
(11, 'usa');

-- --------------------------------------------------------

--
-- Struktura tabulky `status`
--

DROP TABLE IF EXISTS `status`;
CREATE TABLE IF NOT EXISTS `status` (
  `idStatus` int(11) NOT NULL AUTO_INCREMENT,
  `Status` varchar(45) NOT NULL,
  PRIMARY KEY (`idStatus`)
) ENGINE=InnoDB AUTO_INCREMENT=3 DEFAULT CHARSET=utf8;

--
-- Vypisuji data pro tabulku `status`
--

INSERT INTO `status` (`idStatus`, `Status`) VALUES
(1, 'normal'),
(2, 'premko');

-- --------------------------------------------------------

--
-- Struktura tabulky `tank`
--

DROP TABLE IF EXISTS `tank`;
CREATE TABLE IF NOT EXISTS `tank` (
  `idTank` int(11) NOT NULL AUTO_INCREMENT,
  `TankNazev` varchar(100) DEFAULT NULL,
  `Narod` int(11) DEFAULT NULL,
  `TankTier` int(11) DEFAULT NULL,
  `Kategorie` int(11) DEFAULT NULL,
  `TankStatus` int(11) DEFAULT NULL,
  `Rychlost` float DEFAULT NULL,
  `Couvani` float DEFAULT NULL,
  `Vykon` float DEFAULT NULL,
  `KoneTuna` float DEFAULT NULL,
  `OtaceniKorba` float DEFAULT NULL,
  `Elevace` float DEFAULT NULL,
  `Deprese` float DEFAULT NULL,
  `Korbapred` float DEFAULT NULL,
  `Korbabok` float DEFAULT NULL,
  `Korbazad` float DEFAULT NULL,
  `Vezpred` float DEFAULT NULL,
  `Vezbok` float DEFAULT NULL,
  `Vezzad` float DEFAULT NULL,
  `Zivoty` int(11) DEFAULT NULL,
  `Naklad` float DEFAULT NULL,
  `Hmotnost` float DEFAULT NULL,
  `Dohled` int(5) DEFAULT NULL,
  `Cena` int(11) DEFAULT NULL,
  `Vyzkum` int(11) DEFAULT NULL,
  `Odkaz` varchar(100) DEFAULT NULL,
  PRIMARY KEY (`idTank`),
  KEY `fk_Tank_Kategorie1_idx` (`Kategorie`),
  KEY `fk_Tank_Status1_idx` (`TankStatus`),
  KEY `fk_Tank_Narod1_idx` (`Narod`),
  KEY `fk_Tank_Tier1_idx` (`TankTier`)
) ENGINE=InnoDB AUTO_INCREMENT=677 DEFAULT CHARSET=utf8;

--
-- Vypisuji data pro tabulku `tank`
--

INSERT INTO `tank` (`idTank`, `TankNazev`, `Narod`, `TankTier`, `Kategorie`, `TankStatus`, `Rychlost`, `Couvani`, `Vykon`, `KoneTuna`, `OtaceniKorba`, `Elevace`, `Deprese`, `Korbapred`, `Korbabok`, `Korbazad`, `Vezpred`, `Vezbok`, `Vezzad`, `Zivoty`, `Naklad`, `Hmotnost`, `Dohled`, `Cena`, `Vyzkum`, `Odkaz`) VALUES
(1, 'Leichttraktor', 7, 1, 1, 1, 36, 9, 90, 11.81, 68.84, 30, 10, 14, 14, 14, 14, 14, 14, 280, 9500, 7610, 310, 0, 0, 'http://tanky/ltr'),
(2, 'Pz.Kpfw. 35 (t)', 7, 2, 1, 1, 35, 15, 233, 22.11, 44.85, 25, 10, 25, 16, 16, 25, 16, 16, 360, 12300, 10520, 320, 3600, 275, 'http://tanky/pz-35-t'),
(3, 'Pz.Kpfw. 38H 735 (f)', 7, 2, 1, 2, 37, 16, 79, 7.5, 41.72, 15, 8, 40, 40, 40, 40, 40, 40, 320, 14500, 10570, 330, 750, 0, 'http://tanky/Pz-38H'),
(4, 'Pz.Kpfw. I', 7, 2, 1, 1, 40, 15, 106, 18.01, 39.63, 20, 10, 13, 13, 13, 14, 13, 13, 320, 8000, 5870, 320, 3600, 275, 'http://tanky/Pz-I'),
(5, 'Pz.Kpfw. II', 7, 2, 1, 1, 40, 15, 169, 18.07, 41.72, 20, 10, 30, 20, 15, 30, 20, 20, 340, 10800, 9360, 320, 3000, 275, 'http://tanky/Pz-II'),
(6, 'Pz.Kpfw. II Ausf. D', 7, 2, 1, 1, 55, 20, 148, 13.46, 46.93, 20, 10, 30, 14.5, 14.5, 14.5, 14.5, 14.5, 420, 11500, 11000, 320, 750, 0, 'http://tanky/Pz-II-D'),
(7, '43 M. Toldi III', 7, 3, 1, 2, 45, 20, 164, 17.34, 46.93, 25, 10, 35, 13, 10, 35, 25, 25, 410, 12000, 9450, 270, 500, 0, 'http://tanky/Toldi-iii'),
(8, 'Pz.Kpfw. 38 (t)', 7, 3, 1, 1, 42, 18, 211, 21, 36.5, 20, 10, 25, 15, 15, 50, 30, 25, 445, 12300, 10070, 330, 33000, 1250, 'http://tanky/Pz-38-t'),
(9, 'Pz.Kpfw. I Ausf. C', 7, 3, 1, 1, 79, 22, 199, 24.67, 50.06, 20, 10, 30, 20, 14.5, 30, 14.5, 14.5, 410, 10200, 8050, 340, 45800, 1620, 'http://tanky/pz-i-c'),
(10, 'Pz.Kpfw. II Ausf. G', 7, 3, 1, 1, 65, 20, 190, 17.75, 45.89, 16, 8, 30, 20, 14.5, 30, 14.5, 14.5, 425, 13000, 10721, 330, 39700, 1680, 'http://tanky/Pz-II-G'),
(11, 'Pz.Kpfw. II Ausf. J', 7, 3, 1, 2, 31, 12, 169, 9.46, 33.38, 20, 10, 80, 50, 50, 80, 50, 50, 465, 18850, 17890, 320, 1000, 0, 'http://tanky/Pz-II-J'),
(12, 'Pz.Kpfw. III Ausf. E', 7, 3, 1, 1, 68, 20, 465, 27.67, 45.89, 20, 10, 30, 30, 20, 30, 30, 30, 425, 19350, 16810, 320, 35000, 1500, 'http://tanky/Pz-III-E'),
(13, 'Pz.Kpfw. T 15', 7, 3, 1, 2, 60, 20, 290, 27.62, 47.98, 20, 10, 30, 20, 12, 30, 25, 25, 465, 12200, 10490, 350, 900, 0, 'http://tanky/pz-t-15'),
(14, 'Pz.Kpfw. II Luchs', 7, 4, 1, 1, 60, 22, 381, 29.46, 34.42, 20, 10, 30, 20, 20, 50, 30, 30, 520, 15500, 12921, 360, 155000, 4200, 'http://tanky/Luchs'),
(15, 'Pz.Kpfw. 38 (t) n.A.', 7, 4, 1, 1, 64, 20, 290, 23.23, 36.5, 25, 10, 30, 25, 20, 30, 20, 20, 520, 14960, 12470, 370, 145000, 3800, 'http://tanky/Pz-38-nA'),
(16, 'VK 16.02 Leopard', 7, 5, 1, 1, 60, 22, 550, 25, 37.55, 20, 10, 50, 30, 30, 50, 30, 30, 580, 24000, 22000, 360, 355000, 13500, 'http://tanky/Leopard'),
(17, 'VK 28.01', 7, 6, 1, 1, 64, 22, 700, 26.73, 47.98, 20, 10, 50, 30, 30, 50, 30, 30, 680, 29000, 26183, 380, 945000, 28840, 'http://tanky/VK-2801'),
(18, 'Spähpanzer SP I C', 7, 7, 1, 1, 58, 22, 230, 24.29, 45.89, 15, 10, 10, 10, 10, 15, 10, 10, 880, 10900, 9470, 390, 1360000, 53200, 'http://tanky/SP-I-C'),
(19, 'HWK 12', 7, 8, 1, 1, 65, 23, 450, 36.01, 45.89, 15, 10, 14.5, 14.5, 14.5, 15, 10, 10, 1100, 15000, 12495, 410, 2440000, 102000, 'http://tanky/HWK-12'),
(20, 'leKpz M 41 90 mm', 7, 8, 1, 2, 72.4, 24, 529, 22.5, 56.32, 17, 8, 25.4, 25.4, 19.1, 25.4, 25.4, 25.4, 1100, 26000, 23500, 400, 5800, 0, 'http://tanky/m-41-90-mm'),
(21, 'Spähpanzer Ru 251', 7, 9, 1, 1, 70, 24, 900, 35.26, 45.89, 18, 10, 25, 20, 8, 20, 20, 20, 1400, 28000, 25525, 410, 3460000, 197600, 'http://tanky/Ru-251'),
(22, 'Rheinmetall Panzerwagen', 7, 10, 1, 1, 75, 25, 1100, 44, 56.32, 15, 10, 30, 30, 8, 20, 20, 20, 1600, 30000, 25000, 420, 6100000, 298000, 'http://tanky/rhm-pzw'),
(23, 'Großtraktor - Krupp', 7, 3, 2, 2, 44, 12, 264, 16.12, 37.55, 60, 12, 14, 8, 8, 14, 8, 8, 570, 18000, 16400, 330, 950, 0, 'http://tanky/grtr'),
(24, 'Pz.Kpfw. IV Ausf. A', 7, 3, 2, 1, 42, 18, 370, 20.29, 41.72, 20, 10, 14.5, 14.5, 14.5, 30, 14.5, 14.5, 480, 22000, 18240, 330, 41000, 1250, 'http://tanky/Pz-IV-A'),
(25, 'Pz.Kpfw. S35 739 (f)', 7, 3, 2, 2, 37, 12, 233, 12.08, 41.72, 20, 10, 36, 35, 25, 56, 46, 46, 465, 21300, 19250, 330, 1000, 0, 'http://tanky/Pz-S35'),
(26, 'Pz.Kpfw. III Ausf. J', 7, 4, 2, 1, 64, 20, 465, 23.39, 46.93, 20, 10, 50, 30, 50, 30, 30, 30, 540, 22650, 19890, 330, 138000, 3800, 'http://tanky/Pz-III-J'),
(27, 'Pz.Kpfw. IV Ausf. D', 7, 4, 2, 1, 42, 18, 465, 22.49, 41.72, 20, 10, 30, 20, 20, 30, 20, 20, 540, 25000, 20687, 340, 150000, 4140, 'http://tanky/Pz-IV-D'),
(28, 'VK 20.01 (D)', 7, 4, 2, 1, 50, 20, 423, 18.61, 43.81, 20, 10, 50, 40, 30, 57, 30, 30, 540, 25000, 22730, 330, 157000, 4570, 'http://tanky/VK-2001-D'),
(29, 'Pz.Kpfw. III Ausf. K', 7, 5, 2, 2, 40, 12, 317, 13.79, 39.63, 20, 10, 50, 30, 50, 50, 30, 30, 790, 25000, 23000, 350, 2200, 0, 'http://tanky/Pz-III-K'),
(30, 'Pz.Kpfw. III/IV', 7, 5, 2, 1, 55, 18, 619, 24.67, 37.55, 20, 10, 80, 30, 20, 50, 30, 30, 630, 27800, 25070, 350, 315000, 13480, 'http://tanky/pz-iiiiv'),
(31, 'Pz.Kpfw. IV Ausf. H', 7, 5, 2, 1, 40, 18, 465, 18.12, 33.38, 20, 10, 80, 30, 20, 50, 30, 30, 630, 28000, 25680, 350, 373000, 12800, 'http://tanky/Pz-IV-H'),
(32, 'Pz.Kpfw. IV hydrostat.', 7, 5, 2, 2, 48, 20, 317, 13.23, 41.72, 20, 10, 50, 30, 20, 50, 30, 30, 720, 27000, 23980, 330, 2500, 0, 'http://tanky/pz-iv-hydr'),
(33, 'Pz.Kpfw. T 25', 7, 5, 2, 2, 60, 20, 476, 23.97, 31.29, 20, 10, 50, 45, 35, 60, 60, 35, 800, 23500, 19850, 320, 1500, 0, 'http://tanky/Pz-T-25'),
(34, 'Pz.Kpfw. V/IV', 7, 5, 2, 2, 55, 20, 740, 18.23, 39.63, 20, 10, 85, 40, 40, 50, 30, 30, 680, 44800, 40600, 365, 3000, 0, 'http://tanky/pz-viv'),
(35, 'Pz.Kpfw. V/IV Alpha', 7, 5, 2, 2, 55, 20, 740, 18.23, 39.63, 20, 10, 85, 40, 40, 50, 30, 30, 680, 44800, 40600, 365, 1500, 0, 'http://tanky/pz-viv-a'),
(36, 'Turán III prototípus', 7, 5, 2, 2, 40, 20, 275, 13.74, 35.46, 25, 10, 50, 25, 25, 75, 35, 55, 750, 23000, 20000, 330, 1700, 0, 'http://tanky/turan-iii-pt'),
(37, 'Pz.Kpfw. IV Schmalturm', 7, 6, 2, 2, 48, 18, 317, 10.61, 37.55, 20, 8, 80, 30, 20, 120, 60, 60, 820, 32000, 29890, 370, 3300, 0, 'http://tanky/pz-iv-s'),
(38, 'Pz.Kpfw. V Berge-Panther', 7, 6, 2, 2, 55, 20, 740, 18.23, 39.63, 20, 10, 85, 40, 40, 50, 30, 30, 920, 44800, 40600, 365, 2700, 0, 'http://tanky/pz-v-bp'),
(39, 'VK 30.01 (D)', 7, 6, 2, 1, 60, 20, 750, 22.66, 41.72, 20, 8, 60, 40, 50, 80, 45, 45, 860, 36000, 33100, 370, 910000, 27800, 'http://tanky/VK-3001-D'),
(40, 'VK 30.01 (P)', 7, 6, 3, 1, 45, 12, 708, 14.69, 29.2, 15, 8, 75, 62, 40, 100, 80, 80, 1100, 50000, 48220, 370, 920000, 26235, 'http://tanky/VK-3001-P'),
(41, 'VK 30.02 (M)', 7, 6, 2, 1, 55, 20, 740, 17.6, 31.29, 18, 8, 85, 40, 40, 100, 45, 45, 940, 45000, 42050, 370, 915000, 27350, 'http://tanky/VK-3002-M'),
(42, 'Panther', 7, 7, 2, 1, 55, 20, 740, 16.36, 33.38, 20, 8, 85, 50, 40, 120, 60, 60, 1300, 48000, 45245, 380, 1380000, 53000, 'http://tanky/Panther'),
(43, 'Panther/M10', 7, 7, 2, 2, 55, 20, 740, 16.1, 39.63, 20, 8, 85, 50, 40, 100, 45, 45, 1300, 49000, 45955, 365, 5100, 0, 'http://tanky/PantherM10'),
(44, 'VK 30.02 (D)', 7, 7, 2, 1, 60, 20, 850, 21.4, 44.85, 20, 8, 80, 45, 50, 120, 60, 60, 1250, 43000, 39715, 380, 1369000, 46800, 'http://tanky/VK-3002-D'),
(45, 'Indien-Panzer', 7, 8, 2, 1, 55, 20, 670, 16.96, 39.63, 20, 10, 90, 90, 45, 90, 90, 45, 1300, 43000, 39500, 380, 2420000, 81100, 'http://tanky/indien-pz'),
(46, 'Panther II', 7, 8, 2, 1, 55, 20, 740, 13.53, 37.55, 20, 8, 100, 60, 40, 120, 60, 60, 1500, 56000, 54710, 390, 2390000, 88500, 'http://tanky/Panther-II'),
(47, 'Panther mit 8,8 cm L/71', 7, 8, 2, 2, 46, 20, 700, 15.05, 41.72, 13, 8, 85, 50, 40, 120, 60, 60, 1500, 49000, 46500, 390, 6500, 0, 'http://tanky/Panther-88'),
(48, 'Panzer 58 Mutz', 7, 8, 2, 2, 50, 20, 634, 18.07, 46.93, 25, 10, 90, 30, 40, 120, 65, 40, 1350, 40000, 35100, 390, 7800, 0, 'http://tanky/pz-58-mutz'),
(49, 'E 50', 7, 9, 2, 1, 60, 20, 952, 15.2, 33.38, 20, 8, 150, 80, 80, 215, 80, 80, 1750, 66000, 62600, 400, 3450000, 172800, 'http://tanky/E-50'),
(50, 'Leopard Prototyp A', 7, 9, 2, 1, 65, 20, 800, 20.42, 45.89, 20, 8, 70, 35, 25, 52, 60, 60, 1700, 42000, 39170, 400, 3450000, 172800, 'http://tanky/Leopard-PT-A'),
(51, 'T 55A', 7, 9, 2, 2, 50, 20, 750, 20, 52.15, 14.25, 5, 100, 80, 45, 240, 180, 65, 1750, 39800, 37500, 395, 17500, 0, 'http://tanky/T-55A'),
(52, 'E 50 Ausf. M', 7, 10, 2, 1, 60, 20, 1269, 20.36, 45.89, 20, 8, 150, 80, 80, 250, 80, 80, 2050, 67000, 62310, 400, 6100000, 183010, 'http://tanky/E-50-m'),
(53, 'Leopard 1', 7, 10, 2, 1, 70, 23, 830, 20.75, 52.15, 20, 9, 70, 35, 25, 52, 60, 60, 1850, 42000, 40000, 410, 6100000, 216000, 'http://tanky/Leopard-1'),
(54, 'Durchbruchswagen 2', 7, 4, 3, 1, 35, 12, 317, 10.54, 33.38, 20, 10, 50, 50, 50, 50, 50, 50, 670, 33000, 30100, 330, 170000, 5020, 'http://tanky/DW-2'),
(55, 'Pz.Kpfw. B2 740 (f)', 7, 4, 3, 2, 30, 10, 359, 12.25, 46.93, 20, 10, 60, 60, 55, 46, 46, 46, 610, 33300, 29350, 330, 1250, 0, 'http://tanky/Pz-B2'),
(56, 'VK 30.01 (H)', 7, 5, 2, 1, 40, 15, 423, 11.49, 31.29, 20, 8, 50, 50, 50, 80, 60, 60, 700, 41000, 36820, 360, 410000, 13600, 'http://tanky/VK-3001-H'),
(57, 'VK 36.01 (H)', 7, 6, 3, 1, 50.5, 14, 529, 12.59, 25.03, 15, 8, 100, 60, 60, 100, 80, 80, 1200, 45000, 42000, 370, 935000, 23200, 'http://tanky/VK-3601-H'),
(58, 'Tiger (P)', 7, 7, 3, 1, 35, 12, 708, 11.55, 22.95, 17, 6, 200, 80, 80, 100, 80, 80, 1450, 65200, 61332, 380, 1395000, 45100, 'http://tanky/Tiger-P'),
(59, 'Tiger I', 7, 7, 3, 1, 40, 12, 740, 12.85, 27.12, 13, 7, 100, 80, 80, 100, 80, 80, 1500, 61000, 57612, 380, 1390000, 45050, 'http://tanky/Tiger-I'),
(60, 'VK 45.03', 7, 7, 3, 2, 38, 12, 700, 10.77, 29.2, 15, 8, 100, 80, 80, 100, 80, 80, 1400, 69700, 65000, 380, 6900, 0, 'http://tanky/VK-4503'),
(61, 'Löwe', 7, 8, 3, 2, 35, 15, 1050, 11.67, 25.03, 38, 10, 150, 100, 80, 120, 80, 80, 1650, 99850, 90000, 400, 11200, 0, 'http://tanky/Lowe'),
(62, 'Tiger II', 7, 8, 3, 1, 38, 12, 740, 10.43, 29.2, 15, 8, 160, 80, 80, 245, 120, 80, 1600, 74000, 70938, 390, 2450000, 108000, 'http://tanky/Tiger-II'),
(63, 'VK 100.01 (P)', 7, 8, 3, 1, 20, 15, 1200, 9.96, 15.64, 30, 8, 200, 130, 120, 230, 160, 140, 1700, 130000, 120450, 400, 2540000, 101500, 'http://tanky/VK-10001-P'),
(64, 'VK 168.01 Mauerbrecher', 7, 8, 3, 2, 20, 15, 1600, 9.52, 18.77, 25, 8, 180, 130, 100, 230, 160, 100, 1700, 175000, 168000, 400, 10300, 0, 'http://tanky/Mauerbrecher'),
(65, 'VK 45.02 (P) Ausf. A', 7, 8, 3, 1, 38, 16, 888, 15.58, 29.2, 15, 8, 150, 80, 80, 185, 80, 80, 1570, 59200, 57000, 390, 2435000, 90000, 'http://tanky/VK-4502-A'),
(66, 'E 75', 7, 9, 3, 1, 40, 15, 952, 10.39, 31.29, 15, 8, 160, 120, 120, 280, 160, 160, 1950, 96000, 91600, 400, 3480000, 154000, 'http://tanky/E-75'),
(67, 'Mäuschen', 7, 9, 3, 1, 20, 15, 1750, 10.3, 15.64, 25, 8, 200, 155, 135, 240, 160, 150, 2300, 180000, 169930, 400, 3580000, 169200, 'http://tanky/Mauschen'),
(68, 'VK 45.02 (P) Ausf. B', 7, 9, 3, 1, 30, 15, 888, 11.3, 20.86, 18, 5, 200, 120, 100, 265, 160, 160, 1950, 81400, 78570, 400, 3598000, 168720, 'http://tanky/VK-4502-B'),
(69, 'E 100', 7, 10, 3, 1, 30, 15, 1269, 9.77, 22.95, 20, 7, 200, 120, 150, 270, 150, 150, 2700, 150000, 129860, 400, 6100000, 219660, 'http://tanky/E-100'),
(70, 'Maus', 7, 10, 3, 1, 20, 15, 1850, 9.79, 15.64, 24, 8, 200, 185, 160, 260, 210, 210, 3000, 192900, 188980, 400, 6100000, 219660, 'http://tanky/Maus'),
(71, 'Pz.Kpfw. VII', 7, 10, 3, 1, 33, 15, 1269, 10.57, 25.03, 17, 7, 240, 160, 120, 200, 160, 120, 2500, 130000, 120030, 400, 6100000, 196470, 'http://tanky/pzkpfw-vii'),
(72, 'VK 72.01 (K)', 7, 10, 3, 2, 33, 15, 1269, 10.57, 25.03, 17, 7, 240, 160, 120, 200, 160, 120, 2500, 130000, 120000, 400, 22500, 0, 'http://tanky/VK-7201-K'),
(73, 'Panzerjäger I', 7, 2, 4, 1, 40, 8, 106, 16.81, 37.55, 10, 8, 13, 13, 13, 0, 0, 0, 240, 8400, 6290, 300, 3200, 275, 'http://tanky/pzjag-i'),
(74, 'Marder II', 7, 3, 4, 1, 40, 12, 148, 13.44, 39.63, 10, 8, 30, 14.5, 14.5, 0, 0, 0, 295, 13000, 11010, 310, 42000, 1600, 'http://tanky/Marder-II'),
(75, 'Jagdpanzer 38(t) Hetzer', 7, 4, 4, 1, 42, 11, 233, 13.67, 31.29, 15, 7, 60, 20, 8, 0, 0, 0, 415, 18500, 17020, 260, 127000, 3600, 'http://tanky/Hetzer'),
(76, 'Marder 38T', 7, 4, 4, 1, 47, 18, 190, 17.61, 43.81, 9, 9, 50, 15, 15, 0, 0, 0, 415, 13000, 10810, 320, 125000, 3800, 'http://tanky/Marder-38T'),
(77, 'StuG III Ausf. B', 7, 4, 4, 1, 40, 10, 465, 19.93, 41.72, 20, 6, 50, 30, 30, 0, 0, 0, 400, 26500, 23340, 310, 130000, 3250, 'http://tanky/Stug-III-B'),
(78, 'Pz.Sfl. IVc', 7, 5, 4, 1, 60, 20, 423, 16.26, 50.06, 90, 5, 20, 14.5, 14.5, 0, 0, 0, 460, 29000, 26010, 340, 380000, 12150, 'http://tanky/pzsfl-ivc'),
(79, 'StuG III Ausf. G', 7, 5, 4, 1, 40, 10, 465, 19.75, 49.02, 20, 7, 80, 30, 50, 0, 0, 0, 460, 25690, 23560, 310, 422000, 12435, 'http://tanky/Stug-III-G'),
(80, 'StuG IV', 7, 5, 4, 2, 38, 10, 317, 12.25, 45.89, 20, 6, 80, 30, 20, 0, 0, 0, 470, 27800, 25900, 310, 2000, 0, 'http://tanky/Stug-IV'),
(81, 'Dicker Max', 7, 6, 4, 2, 40, 12, 288, 11.49, 36.5, 10, 15, 50, 20, 20, 0, 0, 0, 620, 26700, 25035, 400, 2800, 0, 'http://tanky/Dicker-Max'),
(82, 'Jagdpanzer IV', 7, 6, 4, 1, 40, 12, 465, 18.79, 36.5, 15, 6, 80, 40, 22, 0, 0, 0, 670, 26800, 24755, 350, 910500, 31100, 'http://tanky/jgpz-iv'),
(83, 'Nashorn', 7, 6, 4, 1, 40, 15, 317, 13.2, 37.55, 20, 5, 30, 20, 20, 0, 0, 0, 670, 27000, 24035, 360, 905000, 26500, 'http://tanky/Nashorn'),
(84, 'E 25', 7, 7, 4, 2, 65, 20, 740, 28.14, 45.89, 15, 8, 50, 30, 30, 0, 0, 0, 830, 29000, 26300, 360, 6000, 0, 'http://tanky/E-25'),
(85, 'Jagdpanther', 7, 7, 4, 1, 55, 12, 740, 16.08, 33.38, 14, 8, 80, 50, 40, 0, 0, 0, 850, 49000, 46038, 350, 1345000, 60500, 'http://tanky/jpanther'),
(86, 'Krupp-Steyr Waffenträger', 7, 7, 4, 2, 35, 15, 220, 15.71, 41.72, 45, 8, 20, 10, 8, 20, 10, 10, 800, 16000, 14000, 360, 5300, 0, 'http://tanky/steyr-wt'),
(87, 'Sturer Emil', 7, 7, 4, 1, 25, 12, 328, 8.98, 37.55, 10, 15, 50, 30, 30, 0, 0, 0, 850, 38500, 36500, 370, 1300000, 43400, 'http://tanky/st-emil'),
(88, '8,8 cm Pak 43 Jagdtiger', 7, 8, 4, 2, 38, 16, 740, 10.62, 33.38, 15, 7, 250, 80, 80, 0, 0, 0, 1500, 74850, 69682, 390, 9000, 0, 'http://tanky/jgtig88-cm'),
(89, 'Ferdinand', 7, 8, 4, 1, 30, 10, 888, 13.31, 21.9, 14, 8, 200, 80, 80, 0, 0, 0, 1500, 68950, 66750, 370, 2570000, 77500, 'http://tanky/Ferdinand'),
(90, 'Jagdpanther II', 7, 8, 4, 1, 55, 12, 740, 13.94, 39.63, 15, 6.5, 100, 60, 40, 0, 0, 0, 1150, 56000, 53100, 360, 2570000, 77500, 'http://tanky/jpanther-II'),
(91, 'Kanonenjagdpanzer', 7, 8, 4, 2, 70, 20, 529, 20.57, 47.98, 15, 8, 30, 30, 8, 0, 0, 0, 1200, 29500, 25700, 360, 9000, 0, 'http://tanky/kanjpz'),
(92, 'Rheinmetall Skorpion G', 7, 8, 4, 2, 60, 20, 850, 22.23, 31.29, 14, 7, 30, 16, 20, 0, 0, 0, 1150, 45000, 38230, 360, 9800, 0, 'http://tanky/Skorpion-G'),
(93, 'Rhm.-Borsig Waffenträger', 7, 8, 4, 1, 35, 12, 219, 11.79, 39.63, 15, 5, 20, 10, 8, 0, 0, 0, 1100, 23000, 18565, 360, 2400000, 71000, 'http://tanky/rhm-b-wt'),
(94, 'Jagdtiger', 7, 9, 4, 1, 38, 12, 740, 9.8, 27.12, 15, 7.5, 250, 80, 80, 0, 0, 0, 2100, 79000, 75500, 390, 3450000, 175000, 'http://tanky/Jagdtiger'),
(95, 'Waffenträger auf Pz. IV', 7, 9, 4, 1, 38, 12, 423, 16.71, 37.55, 24, 5, 80, 30, 20, 0, 0, 0, 1600, 30000, 25305, 370, 3400000, 163500, 'http://tanky/wt-auf-pz-iv'),
(96, 'Grille 15', 7, 10, 4, 1, 60, 15, 850, 21.25, 25.03, 15, 7, 30, 16, 20, 20, 14.5, 0, 1800, 45000, 40000, 390, 6100000, 205000, 'http://tanky/Grille-15'),
(97, 'Jagdpanzer E 100', 7, 10, 4, 1, 30, 12, 1269, 9.47, 20.86, 17, 6, 200, 120, 150, 0, 0, 0, 2200, 150000, 133940, 390, 6100000, 210000, 'http://tanky/jgpz-e-100'),
(98, 'G.Pz. Mk. VI (e)', 7, 2, 5, 1, 50, 12, 93, 14.31, 18.77, 42, 3, 22, 14, 14, 0, 0, 0, 180, 8500, 6500, 250, 3500, 275, 'http://tanky/gpz-mk-vi'),
(99, 'Sturmpanzer I Bison', 7, 3, 5, 1, 40, 10, 106, 14.79, 16.69, 75, 4, 13, 13, 13, 0, 0, 0, 230, 9200, 7150, 245, 48500, 1480, 'http://tanky/Bison'),
(100, 'Wespe', 7, 3, 5, 1, 40, 10, 159, 14.35, 25.03, 42, 5, 30, 14.5, 14.5, 0, 0, 0, 230, 13100, 11050, 250, 48000, 1430, 'http://tanky/Wespe'),
(101, 'Pz.Sfl. IVb', 7, 4, 5, 1, 35, 10, 190, 10.57, 22.95, 40, 10, 20, 14.5, 14.5, 20, 14.5, 14.5, 305, 20000, 18000, 255, 150000, NULL, 'http://tanky/pzsfl-ivb'),
(102, 'Sturmpanzer II', 7, 4, 5, 1, 45, 10, 190, 11.86, 22.95, 75, 4, 30, 14.5, 14.5, 0, 0, 0, 290, 18100, 16050, 255, 156000, 5120, 'http://tanky/stpz-ii'),
(103, 'Grille', 7, 5, 5, 1, 42, 10, 159, 13.28, 25.03, 72, 3, 15, 15, 10, 0, 0, 0, 315, 14000, 11940, 260, 400000, 14600, 'http://tanky/Grille'),
(104, 'Hummel', 7, 6, 5, 1, 42, 10, 317, 13.79, 27.12, 42, 3, 30, 20, 20, 0, 0, 0, 335, 25000, 23000, 265, 930000, 28400, 'http://tanky/Hummel'),
(105, 'G.W. Panther', 7, 7, 5, 1, 46, 12, 370, 12.33, 27.12, 45, 3, 50, 30, 20, 0, 0, 0, 360, 32000, 30000, 275, 1380000, 61000, 'http://tanky/gw-panther'),
(106, 'G.W. Tiger (P)', 7, 8, 5, 1, 35, 10, 677, 9.13, 16.69, 48, 2, 100, 80, 16, 0, 0, 0, 440, 78000, 74150, 290, 2650000, 113600, 'http://tanky/GW-Tiger-P'),
(107, 'G.W. Tiger', 7, 9, 5, 1, 45, 10, 740, 12.52, 16.69, 48, 2, 30, 16, 16, 0, 0, 0, 500, 64000, 59125, 295, 3600000, 184500, 'http://tanky/GW-Tiger'),
(108, 'G.W. E 100', 7, 10, 5, 1, 40, 10, 952, 10.94, 20.86, 45, 0, 80, 50, 40, 0, 0, 0, 550, 100000, 87000, 310, 6100000, 266000, 'http://tanky/GW-E-100'),
(109, 'MS-1', 9, 1, 1, 1, 32, 8, 58, 11.88, 50.06, 30, 8, 16, 16, 16, 16, 16, 16, 215, 6500, 4895, 280, 0, 0, 'http://tanky/MS-1'),
(110, 'BT-2', 9, 2, 1, 1, 55, 20, 476, 44.22, 41.72, 25, 8, 15, 13, 10, 26, 13, 13, 320, 11800, 10760, 280, 3500, 270, 'http://tanky/BT-2'),
(111, 'T-26', 9, 2, 1, 1, 36, 15, 137, 14.21, 54.24, 25, 8, 15, 15, 15, 15, 15, 15, 360, 12700, 9675, 310, 3700, 270, 'http://tanky/T-26'),
(112, 'T-45', 9, 2, 1, 2, 40.52, 15, 90, 13.22, 54.24, 20, 6, 25, 15, 25, 35, 35, 35, 280, 8600, 6800, 300, 750, 0, 'http://tanky/T-45'),
(113, 'T-60', 9, 2, 1, 1, 45, 15, 90, 13.79, 54.24, 20, 5, 35, 15, 25, 25, 25, 25, 340, 8600, 6517, 300, 3300, 270, 'http://tanky/T-60'),
(114, 'Tetrarch', 9, 2, 1, 2, 64, 20, 190, 26.27, 49.02, 25, 10, 16, 14, 10, 16, 14, 10, 280, 7900, 7245, 260, 750, 0, 'http://tanky/Tetrarch'),
(115, 'BT-7', 9, 4, 1, 1, 65.4, 20, 507, 35.46, 54.24, 25, 8, 20, 19, 13, 20, 15, 15, 540, 15500, 14310, 350, 137000, 1500, 'http://tanky/BT-7'),
(116, 'BT-7 artillery', 9, 3, 1, 2, 51.6, 20, 529, 39.16, 47.98, 25, 5, 20, 19, 13, 15, 15, 13, 390, 14800, 13500, 290, 5, 0, 'http://tanky/BT-7-art'),
(117, 'BT-SV', 9, 3, 1, 2, 62, 20, 529, 40.32, 34.42, 22, 4, 25, 20, 16, 25, 25, 25, 425, 14500, 13110, 280, 1000, 0, 'http://tanky/BT-SV'),
(118, 'LTP', 9, 3, 1, 2, 45.1, 18, 180, 16.34, 54.24, 20, 8, 30, 20, 30, 30, 30, 30, 410, 13000, 11000, 310, 850, 0, 'http://tanky/LTP'),
(119, 'M3 Light', 9, 3, 1, 2, 61, 20, 283, 23.59, 41.72, 25, 10, 38, 25, 25, 38, 25, 25, 390, 12500, 12014, 280, 850, 0, 'http://tanky/M3-Light'),
(120, 'T-127', 9, 3, 1, 2, 38, 15, 264, 20.98, 35.46, 25, 8, 40, 30, 30, 40, 30, 30, 445, 14000, 12600, 320, 850, 0, 'http://tanky/T-127'),
(121, 'T-46', 9, 3, 1, 1, 58, 20, 370, 24.89, 57.36, 16, 8, 15, 15, 15, 30, 15, 15, 445, 17300, 14870, 310, 38500, 1400, 'http://tanky/T-46'),
(122, 'T-70', 9, 3, 1, 1, 45, 18, 180, 17.92, 54.24, 19, 4, 35, 15, 25, 35, 35, 35, 410, 12500, 10032, 310, 39300, 1150, 'http://tanky/T-70'),
(123, 'A-20', 9, 5, 1, 1, 72, 23, 529, 30.02, 47.98, 27, 7, 20, 20, 16, 37, 37, 25, 560, 19950, 17610, 360, 334000, 10200, 'http://tanky/A-20'),
(124, 'Valentine II', 9, 4, 1, 2, 32, 12, 148, 9.42, 52.15, 25, 6, 60, 60, 60, 65, 65, 65, 580, 16850, 15710, 350, 1000, 0, 'http://tanky/Valentine-II'),
(125, 'T-80', 9, 4, 1, 1, 45, 18, 222, 18.96, 54.24, 60, 8, 35, 25, 25, 35, 35, 35, 540, 14000, 11711, 330, 140000, 3900, 'http://tanky/T-80'),
(126, 'T-50', 9, 5, 1, 1, 60, 23, 400, 28.45, 50.06, 25, 7, 37, 37, 37, 37, 37, 15, 550, 16100, 14062, 350, 352000, 10200, 'http://tanky/T-50'),
(127, 'MT-25', 9, 6, 1, 1, 62, 23, 740, 28.33, 50.06, 25, 5, 45, 40, 40, 45, 40, 40, 660, 28000, 26120, 360, 880000, 32150, 'http://tanky/MT-25'),
(128, 'T-50-2', 9, 6, 1, 2, 72, 23, 317, 25.65, 37.55, 25, 7, 37, 37, 37, 37, 37, 37, 770, 14000, 12365, 330, 725000, 0, 'http://tanky/T-50-2'),
(129, 'LTG', 9, 7, 1, 1, 63, 20, 650, 25.71, 50.06, 25, 5, 40, 40, 40, 110, 80, 80, 880, 30000, 25280, 360, 1380000, 56200, 'http://tanky/LTG'),
(130, 'LTTB', 9, 8, 1, 1, 68, 20, 770, 33.95, 50.06, 15, 5, 90, 45, 40, 90, 75, 52, 1050, 24000, 22680, 380, 2410000, 96700, 'http://tanky/LTTB'),
(131, 'T-54 ltwt.', 9, 9, 1, 1, 69, 23, 1000, 32.64, 52.15, 17, 5, 80, 60, 45, 180, 120, 60, 1300, 34000, 30638, 390, 3500000, 193200, 'http://tanky/t-54-ltwt'),
(132, 'T-100 LT', 9, 10, 1, 1, 72, 25, 720, 48, 58.41, 15, 5, 90, 40, 40, 180, 40, 40, 1500, 18000, 15000, 390, 6100000, 279800, 'http://tanky/T-100-LT'),
(133, 'T-29', 9, 3, 2, 2, 44.6, 20, 450, 15.79, 47.98, 25, 5, 30, 20, 20, 20, 20, 20, 445, 30000, 28500, 300, 5, 0, 'http://tanky/T-29'),
(134, 'A-32', 9, 4, 2, 2, 70, 20, 571, 29.22, 41.72, 22, 7, 35, 30, 16, 35, 35, 35, 550, 21300, 19541, 320, 2500, 0, 'http://tanky/A-32'),
(135, 'T-28', 9, 4, 2, 1, 45, 20, 529, 30.95, 41.72, 25, 6, 30, 20, 20, 25, 25, 25, 540, 32300, 17080, 340, 135000, 3600, 'http://tanky/T-28'),
(136, 'T-28E with F-30', 9, 4, 2, 2, 35, 20, 529, 16.02, 37.55, 25, 5, 50, 40, 50, 50, 40, 40, 580, 34800, 33000, 350, 1200, 0, 'http://tanky/t-28e-f-30'),
(137, 'Matilda IV', 9, 5, 2, 2, 25, 10, 290, 10.57, 36.5, 25, 14, 75, 70, 55, 75, 75, 75, 800, 31000, 27415, 350, 1500, 0, 'http://tanky/Matilda-IV'),
(138, 'T-34', 9, 5, 2, 1, 56, 20, 529, 17.99, 41.72, 26, 8, 45, 45, 40, 52, 52, 45, 590, 31300, 29390, 350, 356700, 11500, 'http://tanky/T-34'),
(139, 'T-34 shielded', 9, 5, 2, 2, 56, 20, 500, 15.67, 37.55, 28, 8, 45, 45, 40, 45, 45, 45, 660, 34000, 31900, 340, 2200, 0, 'http://tanky/t-34s'),
(140, 'A-43', 9, 6, 2, 1, 55, 20, 640, 22.86, 45.89, 25, 5, 60, 45, 40, 75, 75, 75, 820, 30000, 27755, 360, 925000, 29660, 'http://tanky/A-43'),
(141, 'T-34-85', 9, 6, 2, 1, 54, 20, 634, 18.85, 39.63, 22, 7, 45, 45, 40, 90, 75, 52, 810, 35300, 33650, 360, 915000, 27825, 'http://tanky/T-34-85'),
(142, 'T-34-85 Rudy', 9, 6, 2, 2, 54, 20, 529, 16.28, 43.81, 22, 7, 45, 45, 40, 90, 75, 52, 810, 35300, 32480, 365, 3100, 0, 'http://tanky/rudy-ussr'),
(143, 'T-34-85M', 9, 6, 2, 2, 53, 20, 529, 16.4, 41.72, 25, 7, 75, 45, 45, 90, 75, 52, 810, 35000, 32230, 360, 3300, 0, 'http://tanky/T-34-85M'),
(144, 'A-44', 9, 7, 2, 1, 59, 20, 640, 16.43, 45.89, 15, 3, 150, 60, 60, 90, 90, 90, 1100, 41000, 38600, 370, 1380000, 56200, 'http://tanky/A-44'),
(145, 'KV-13', 9, 7, 2, 1, 50, 20, 634, 17.78, 41.72, 25, 5, 120, 85, 85, 100, 90, 90, 1120, 36900, 35685, 360, 1375500, 53300, 'http://tanky/KV-13'),
(146, 'T-43', 9, 7, 2, 1, 51, 20, 634, 18.2, 39.63, 26, 8, 75, 75, 75, 90, 90, 90, 1100, 37300, 34850, 370, 1355000, 53000, 'http://tanky/T-43'),
(147, 'Object 416', 9, 8, 2, 1, 50, 20, 423, 17.62, 54.24, 15, 3, 75, 45, 45, 110, 75, 45, 1200, 27000, 24000, 380, 2500000, 104600, 'http://tanky/obj-416'),
(148, 'STG Guard', 9, 8, 2, 2, 50, 20, 450, 16.07, 46.93, 17, 6, 100, 45, 45, 210, 180, 45, 1350, 30000, 28000, 370, 8700, 0, 'http://tanky/Guard'),
(149, 'T-44', 9, 8, 2, 1, 51, 23, 760, 22.38, 45.89, 23, 7, 90, 75, 45, 190, 130, 100, 1300, 35300, 33955, 380, 2390000, 93653, 'http://tanky/t-44?l=51211F0'),
(150, 'T-44-100', 9, 8, 2, 2, 52, 23, 760, 22.69, 53.19, 23, 7, 90, 75, 45, 190, 130, 100, 1350, 37000, 33500, 380, 11200, 0, 'http://tanky/T-44-100'),
(151, 'T-54 first prototype', 9, 8, 2, 2, 44, 18, 760, 21.41, 43.81, 17, 7, 120, 90, 45, 200, 120, 75, 1300, 38700, 35500, 380, 7800, 0, 'http://tanky/t-54-mod-1'),
(152, 'Object 430', 9, 9, 2, 1, 50, 18, 520, 14.82, 54.24, 16.2, 5, 120, 80, 40, 248, 185, 63, 1800, 39000, 35090, 380, 3460000, 142950, 'http://tanky/obj-430'),
(153, 'Object 430 Version II', 9, 9, 2, 1, 55, 20, 610, 16.74, 50.06, 16, 4, 80, 60, 40, 180, 120, 50, 1600, 40000, 36450, 400, 3450000, 150500, 'http://tanky/obj-430-ii'),
(154, 'T-54', 9, 9, 2, 1, 56, 20, 740, 21.16, 50.06, 20, 6, 120, 80, 45, 240, 180, 65, 1650, 39800, 34980, 390, 3450000, 142000, 'http://tanky/T-54'),
(155, 'K-91', 9, 10, 2, 1, 55, 20, 860, 19.11, 52.15, 20, 9, 140, 60, 45, 220, 140, 60, 1950, 50000, 45000, 410, 6100000, 252700, 'http://tanky/K-91'),
(156, 'Object 140', 9, 10, 2, 1, 55, 20, 613, 17.03, 56.32, 17, 7, 110, 80, 55, 240, 187, 65, 1900, 39000, 36000, 400, 6100000, 206000, 'http://tanky/Obj-140'),
(157, 'Object 430U', 9, 10, 2, 1, 50, 18, 620, 14.76, 54.24, 18, 5, 160, 90, 45, 300, 195, 65, 2000, 45000, 42000, 400, 6100000, 287000, 'http://tanky/Obj-430U'),
(158, 'Object 907', 9, 10, 2, 2, 55, 20, 645, 17.92, 56.32, 16, 5, 110, 100, 45, 228, 180, 46, 2000, 39000, 36000, 400, 22500, 0, 'http://tanky/Obj-907'),
(159, 'T-22 medium', 9, 10, 2, 2, 55, 20, 793, 22.03, 41.72, 16, 5, 100, 80, 80, 230, 170, 140, 1900, 39000, 36000, 400, 5, 0, 'http://tanky/t-22-med'),
(160, 'T-62A', 9, 10, 2, 1, 50, 20, 613, 16.57, 58.41, 17, 5, 100, 80, 45, 240, 161, 65, 1950, 39800, 37000, 400, 6100000, 200000, 'http://tanky/T-62A'),
(161, 'Churchill III', 9, 5, 3, 2, 28, 14, 395, 9.96, 20.86, 12, 6, 176, 76.2, 50.8, 88, 88, 76.2, 920, 41950, 39710, 350, 1500, 0, 'http://tanky/Churchill-III'),
(162, 'KV-1', 9, 5, 3, 1, 34, 10, 529, 10.76, 20.86, 24, 7, 75, 75, 70, 110, 110, 110, 840, 55800, 49140, 310, 390000, 13500, 'http://tanky/KV-1'),
(163, 'KV-1S', 9, 6, 3, 1, 43, 14, 634, 14.4, 31.29, 15, 5, 75, 60, 60, 82, 82, 82, 970, 48200, 44045, 340, 910000, 25650, 'http://tanky/kv-1s'),
(164, 'KV-220-2', 9, 5, 3, 2, 33, 10, 899, 14.44, 20.86, 24, 8, 120, 100, 100, 90, 75, 75, 900, 70400, 62225, 310, 1500, 0, 'http://tanky/kv-220-2'),
(165, 'KV-220-2 Beta Test', 9, 5, 3, 2, 33, 10, 899, 14.44, 20.86, 24, 8, 120, 100, 100, 90, 75, 75, 900, 70400, 62225, 310, 1500, 0, 'http://tanky/kv-220-2-t'),
(166, 'KV-2', 9, 6, 3, 1, 35, 11, 640, 12.05, 20.86, 18, 7, 75, 75, 70, 75, 75, 70, 960, 60800, 53100, 330, 920000, 26700, 'http://tanky/KV-2'),
(167, 'KV-2 (R)', 9, 6, 3, 2, 35, 11, 640, 12.08, 20.86, 12, 7, 75, 75, 70, 75, 75, 70, 960, 60800, 53000, 330, 3700, 0, 'http://tanky/KV-2-R'),
(168, 'KV-85', 9, 6, 3, 1, 34, 14, 634, 13.64, 31.29, 20, 3, 75, 60, 60, 100, 90, 90, 970, 49000, 46500, 340, 900000, 28800, 'http://tanky/KV-85'),
(169, 'T-150', 9, 6, 3, 1, 35, 11, 740, 13.63, 18.77, 20, 7, 90, 90, 75, 100, 100, 75, 990, 58800, 54300, 330, 880000, 24500, 'http://tanky/T-150'),
(170, 'IS', 9, 7, 3, 1, 34, 14, 740, 16.01, 36.5, 25, 6, 120, 90, 60, 100, 90, 90, 1230, 48400, 46225, 350, 1424000, 49480, 'http://tanky/IS'),
(171, 'KV-122', 9, 7, 3, 2, 42, 14, 720, 15.48, 41.72, 20, 6, 75, 60, 60, 100, 90, 90, 1200, 49000, 46515, 360, 5300, 0, 'http://tanky/KV-122'),
(172, 'KV-3', 9, 7, 3, 1, 32, 10, 793, 11.63, 18.77, 24, 7, 120, 90, 90, 155, 130, 130, 1400, 71800, 68195, 340, 1390000, 34000, 'http://tanky/KV-3'),
(173, 'IS-3', 9, 8, 3, 1, 38, 15, 740, 15.07, 31.29, 23, 5, 110, 90, 60, 249, 172, 100, 1500, 53900, 49095, 350, 2568500, 77000, 'http://tanky/IS-3'),
(174, 'IS-3A', 9, 8, 3, 2, 40, 15, 520, 10.61, 27.11, 19, -5, 110, 90, 60, 249, 172, 100, 1550, 53600, 49000, 350, 12190, 0, 'http://tanky/is-3a'),
(175, 'IS-5 (Object 730)', 9, 8, 3, 2, 42, 14, 740, 15.09, 27.12, 17, 7, 120, 120, 60, 201, 129, 90, 1550, 54900, 49045, 360, 10800, 0, 'http://tanky/IS-5'),
(176, 'IS-6', 9, 8, 3, 2, 35, 14, 740, 14.37, 27.12, 20, 6, 110, 100, 60, 150, 150, 100, 1550, 59900, 51495, 350, 10600, 0, 'http://tanky/IS-6'),
(177, 'IS-M', 9, 8, 3, 1, 35, 12, 750, 13.64, 27.12, 20, 5, 130, 120, 80, 250, 140, 120, 1500, 60000, 55000, 350, 2550000, 58000, 'http://tanky/IS-M'),
(178, 'KV-4', 9, 8, 3, 1, 30, 11, 1269, 11.89, 18.77, 18, 6, 180, 150, 90, 220, 150, 140, 1700, 112560, 106695, 350, 2430000, 53000, 'http://tanky/KV-4'),
(179, 'KV-4 Kreslavskiy', 9, 8, 3, 2, 40, 16, 1350, 14.58, 20.86, 15, 7, 180, 125, 90, 200, 160, 100, 1700, 100000, 92600, 360, 8100, 0, 'http://tanky/kv-4-kresl'),
(180, 'KV-5', 9, 8, 3, 1, 40, 14, 1269, 12.67, 18.77, 22, 7, 180, 150, 140, 190, 180, 180, 1780, 105000, 100175, 350, 6700, 0, 'http://tanky/KV-5'),
(181, 'Object 252U', 9, 8, 3, 2, 35, 14, 850, 16.5, 31.29, 20, 6, 130, 100, 90, 250, 150, 100, 1500, 58000, 51500, 350, 9800, 0, 'http://tanky/obj-252u'),
(182, 'Object 252U Defender', 9, 8, 3, 2, 35, 14, 850, 16.5, 31.29, 20, 6, 130, 100, 90, 250, 150, 100, 1500, 58000, 51500, 350, 9800, 0, 'http://tanky/Defender'),
(183, 'Object 257', 9, 9, 3, 1, 50, 15, 850, 15.45, 41.72, 15, 5, 130, 130, 70, 350, 240, 100, 1900, 60000, 55000, 390, 3560000, 142700, 'http://tanky/Obj-257'),
(184, 'Object 705', 9, 9, 3, 1, 40, 15, 900, 13.85, 25.03, 20, 5, 155, 90, 60, 300, 150, 100, 2000, 70000, 65000, 380, 3570000, 144900, 'http://tanky/Obj-705'),
(185, 'ST-I', 9, 9, 3, 1, 40, 13, 740, 12.13, 27.12, 16, 8, 150, 140, 100, 250, 160, 160, 1900, 63500, 61001, 380, 3561000, 166000, 'http://tanky/ST-I'),
(186, 'T-10', 9, 9, 3, 1, 50, 15, 793, 15.59, 33.38, 15, 5, 120, 120, 60, 250, 201, 90, 1800, 58900, 50851, 400, 3531000, 164700, 'http://tanky/T-10'),
(187, 'IS-4', 9, 10, 3, 1, 43, 14, 793, 13.04, 31.29, 16, 6, 155, 160, 100, 250, 200, 170, 2500, 66300, 60831, 400, 6100000, 189000, 'http://tanky/IS-4'),
(188, 'IS-7', 9, 10, 3, 1, 59.6, 15, 1200, 17.6, 29.2, 18, 6, 150, 150, 100, 240, 185, 94, 2400, 70950, 68190, 400, 6100000, 189200, 'http://tanky/IS-7'),
(189, 'Object 260', 9, 10, 3, 2, 60, 15, 1269, 20.7, 29.2, 15, 6, 150, 150, 70, 350, 240, 100, 2100, 70950, 61300, 400, 22500, 0, 'http://tanky/Obj-260'),
(190, 'Object 279 early', 9, 10, 3, 2, 40, 13, 850, 14.17, 31.29, 15, 5, 185, 120, 90, 330, 140, 90, 2400, 65000, 60000, 400, 22500, 0, 'http://tanky/Obj-279-e'),
(191, 'Object 705A', 9, 10, 3, 1, 40, 15, 1500, 15, 25.03, 20, 5, 175, 100, 60, 330, 180, 120, 2450, 105000, 100000, 390, 6100000, 162300, 'http://tanky/Obj-705A'),
(192, 'AT-1', 9, 2, 4, 1, 30, 8, 137, 13.95, 33.38, 45, 8, 15, 15, 15, 0, 0, 0, 250, 10800, 9855, 250, 3000, 270, 'http://tanky/AT-1'),
(193, 'SU-76M', 9, 4, 4, 1, 48, 12, 180, 17.29, 43.81, 15, 5, 25, 15, 15, 0, 0, 0, 405, 13500, 10398, 310, 135500, 3900, 'http://tanky/SU-76M'),
(194, 'SU-85B', 9, 4, 4, 1, 43, 14, 222, 17.26, 41.72, 7, 5, 25, 15, 15, 0, 0, 0, 400, 15000, 12861, 310, 124000, 3100, 'http://tanky/SU-85B'),
(195, 'SU-85', 9, 5, 4, 1, 55, 14, 529, 17.92, 36.5, 25, 6, 45, 45, 40, 0, 0, 0, 460, 32400, 29500, 280, 414000, 12500, 'http://tanky/SU-85'),
(196, 'SU-85I', 9, 5, 4, 2, 50, 14, 317, 14.17, 50.06, 25, 5, 60, 30, 50, 0, 0, 0, 500, 24380, 22380, 330, 2300, 0, 'http://tanky/SU-85I'),
(197, 'SU-100', 9, 6, 4, 1, 50, 14, 550, 16.83, 37.55, 20, 6, 75, 45, 45, 0, 0, 0, 650, 38700, 32675, 350, 908900, 26500, 'http://tanky/SU-100'),
(198, 'SU-100Y', 9, 6, 4, 2, 35, 12, 941, 14.7, 31.29, 15, 5, 60, 60, 60, 0, 0, 0, 780, 67400, 64000, 350, 2900, 0, 'http://tanky/SU-100Y'),
(199, 'ISU-122S', 9, 7, 4, 2, 43, 12, 634, 13.85, 28.16, 18, 6, 90, 90, 60, 0, 0, 0, 870, 54400, 45815, 350, 4200, 0, 'http://tanky/ISU-122S'),
(200, 'SU-100M1', 9, 7, 4, 1, 54, 16, 520, 16.25, 26.07, 20, 4, 140, 75, 45, 0, 0, 0, 850, 34000, 32000, 350, 1365000, 48200, 'http://tanky/SU-100M1'),
(201, 'SU-122-44', 9, 7, 4, 2, 47.5, 13, 529, 16.12, 43.81, 16, 4, 90, 75, 45, 0, 0, 0, 840, 35000, 32800, 330, 6000, 0, 'http://tanky/SU-122-44'),
(202, 'SU-152', 9, 7, 4, 1, 43, 11, 634, 13.84, 23.99, 18, 6, 75, 60, 60, 0, 0, 0, 870, 48300, 45825, 330, 1305000, 31500, 'http://tanky/SU-152'),
(203, 'ISU-152', 9, 8, 4, 1, 43, 12, 740, 15.05, 21.9, 18, 6, 90, 90, 60, 0, 0, 0, 1200, 54400, 49185, 350, 2520000, 75000, 'http://tanky/ISU-152'),
(204, 'KV-4 KTTS', 9, 8, 4, 2, 35, 10, 1269, 12.69, 25.03, 20, 5, 200, 125, 125, 250, 125, 125, 1200, 107000, 100000, 350, 10000, 0, 'http://tanky/KV-4-KTTS'),
(205, 'SU-101', 9, 8, 4, 1, 54, 18, 620, 17.64, 26.07, 18.3, 3, 150, 90, 40, 0, 0, 0, 1100, 37500, 35152, 350, 2560000, 91000, 'http://tanky/SU-101'),
(206, 'SU-130PM', 9, 8, 4, 2, 65, 20, 400, 16.67, 37.55, 37, 7, 20, 15, 8, 15, 6, 6, 1100, 27000, 24000, 360, 9800, 0, 'http://tanky/SU-130PM'),
(207, 'Object 704', 9, 9, 4, 1, 37, 13, 740, 15.2, 22.95, 18, 6, 120, 90, 60, 0, 0, 0, 1600, 50900, 48675, 360, 3660000, 192500, 'http://tanky/Obj-704'),
(208, 'Object 263', 9, 9, 4, 1, 55, 20, 1100, 18.33, 26.07, 18, 4, 250, 80, 50, 0, 0, 0, 1800, 65000, 60000, 360, 3510000, 152800, 'http://tanky/Obj-263'),
(209, 'Object 263B', 9, 10, 4, 2, 55, 20, 1110, 18.66, 33.38, 18, 4, 250, 80, 50, 0, 0, 0, 1900, 62500, 59490, 390, 6100000, 0, 'http://tanky/Obj-263B'),
(210, 'Object 268', 9, 10, 4, 1, 48, 15, 846, 16.59, 29.2, 15, 5, 187, 100, 50, 0, 0, 0, 1950, 53900, 50974, 370, 6100000, 239000, 'http://tanky/Obj-268'),
(211, 'Object 268 Version 4', 9, 10, 4, 1, 50, 18, 1350, 18, 22.95, 15, 5, 260, 100, 45, 0, 0, 0, 2000, 80000, 75000, 370, 6100000, 215300, 'http://tanky/obj-2684'),
(212, 'SU-18', 9, 2, 5, 1, 22, 6, 74, 12.16, 22.95, 45, 3, 16, 16, 16, 0, 0, 0, 140, 8500, 6084, 260, 3550, 270, 'http://tanky/SU-18'),
(213, 'SU-26', 9, 3, 5, 1, 30, 8, 137, 16.62, 27.12, 45, 2, 15, 15, 15, 0, 0, 0, 195, 10500, 8269, 260, 53000, 1400, 'http://tanky/SU-26'),
(214, 'SU-5', 9, 4, 5, 1, 30, 8, 137, 13.28, 27.12, 72, 0, 15, 15, 15, 0, 0, 0, 245, 12500, 10346, 250, 147000, 3600, 'http://tanky/SU-5'),
(215, 'SU-122A', 9, 5, 5, 1, 30, 10, 180, 16.57, 27.12, 45, 3, 25, 15, 10, 0, 0, 0, 275, 13000, 10844, 255, 385000, 12570, 'http://tanky/SU-122A'),
(216, 'SU-8', 9, 6, 5, 1, 48, 12, 529, 24.02, 22.95, 44, 4, 30, 20, 20, 0, 0, 0, 300, 24500, 22010, 260, 932000, 29800, 'http://tanky/SU-8'),
(217, 'S-51', 9, 7, 5, 1, 30, 8, 634, 12.76, 20.86, 58, 1.5, 60, 60, 60, 0, 0, 0, 350, 52500, 49710, 275, 1400000, 93000, 'http://tanky/S-51'),
(218, 'SU-14-1', 9, 7, 5, 1, 30, 8, 740, 15.39, 16.69, 60, 0, 20, 20, 10, 0, 0, 0, 350, 52700, 48100, 260, 1370000, 62200, 'http://tanky/SU-14-1'),
(219, 'SU-14-2', 9, 8, 5, 1, 30, 8, 740, 11.66, 16.69, 60, 0, 50, 30, 20, 0, 0, 0, 410, 66000, 63480, 260, 2720000, 118600, 'http://tanky/SU-14-2'),
(220, '212A', 9, 9, 5, 1, 35, 10, 899, 16.49, 18.77, 45, 1.2, 60, 60, 60, 0, 0, 0, 460, 57500, 54490, 270, 3700000, 217500, 'http://tanky/212A'),
(221, 'Object 261', 9, 10, 5, 1, 50, 12, 1110, 18.78, 20.86, 45, 3, 75, 50, 30, 0, 0, 0, 510, 62200, 59100, 300, 6100000, 273000, 'http://tanky/Obj-261'),
(222, 'T1 Cunningham', 11, 1, 1, 1, 41, 10, 140, 18.47, 43.81, 20, 7, 9.5, 6.3, 6.3, 9.5, 6.3, 6.3, 245, 8300, 7555, 280, 0, 0, 'http://tanky/T1'),
(223, 'M2 Light Tank', 11, 2, 1, 1, 58, 20, 277, 31.94, 41.72, 20, 10, 38.1, 25.4, 25.4, 38.1, 25.4, 25.4, 320, 11500, 8674, 320, 3400, 280, 'http://tanky/M2-Light'),
(224, 'T1E6', 11, 2, 1, 2, 48.3, 20, 258, 28.58, 43.81, 15, 10, 15.9, 6.4, 6.4, 12.7, 6.4, 6.4, 320, 11100, 9027, 260, 750, 0, 'http://tanky/T1E6'),
(225, 'T2 Light Tank', 11, 2, 1, 2, 72, 20, 280, 36.85, 49.02, 21, 8, 17, 15, 6, 16, 16, 16, 300, 8300, 7604, 260, 750, 0, 'http://tanky/T2-Light'),
(226, 'T7 Combat Car', 11, 2, 1, 2, 56, 20, 277, 27.81, 45.89, 40, 15, 15.9, 12.7, 6.4, 12.7, 12.7, 12.7, 300, 12500, 9959, 280, 750, 0, 'http://tanky/t7-car'),
(227, 'M22 Locust', 11, 3, 1, 2, 64, 20, 203, 29.34, 41.72, 30, 10, 25, 13, 13, 25, 25, 25, 445, 7590, 6918, 330, 900, 0, 'http://tanky/Locust'),
(228, 'M3 Stuart', 11, 3, 1, 1, 61, 20, 370, 29.04, 46.93, 20, 10, 38.1, 25.4, 25.4, 38.1, 31.7, 31.7, 425, 14500, 12742, 330, 37500, 1350, 'http://tanky/M3-Stuart'),
(229, 'MTLS-1G14', 11, 3, 1, 2, 55, 20, 500, 26.25, 41.72, 22.32, 11.88, 38.1, 25.4, 25.4, 38.1, 25.4, 25.4, 410, 20000, 19051, 280, 1250, 0, 'http://tanky/mtls-1g14'),
(230, 'M5 Stuart', 11, 4, 1, 1, 64.4, 20, 370, 24.27, 43.81, 20, 10, 28.6, 28.6, 25.4, 44.5, 31.8, 31.8, 520, 16200, 15246, 360, 143000, 4500, 'http://tanky/M5-Stuart'),
(231, 'M24 Chaffee', 11, 5, 1, 1, 62, 21, 500, 27.19, 43.81, 15, 10, 25.4, 25.4, 19.1, 38.1, 25.4, 25.4, 550, 19500, 18392, 360, 405000, 12480, 'http://tanky/Chaffee'),
(232, 'M7', 11, 5, 1, 1, 60, 20, 600, 24.71, 50.06, 18, 8, 38.1, 33.3, 31.7, 52.3, 41.2, 41.2, 540, 25500, 24283, 360, 355000, 13060, 'http://tanky/M7'),
(233, 'T37', 11, 6, 1, 1, 65, 22, 600, 25.66, 50.06, 20, 9, 25.4, 25.4, 19.1, 31.8, 25.4, 25.4, 680, 26000, 23380, 370, 910000, 28100, 'http://tanky/T37'),
(234, 'T21', 11, 6, 1, 1, 57, 21, 600, 25.93, 62.58, 25, 10, 28.6, 25.4, 22.2, 28.6, 25.4, 25.4, 670, 26000, 23136, 380, 900000, 28700, 'http://tanky/T21'),
(235, 'T71 CMCD', 11, 7, 1, 1, 64, 25, 420, 24.74, 67.8, 20, 10, 25.4, 22.2, 19.1, 22.2, 22.2, 22.2, 840, 20000, 16979, 390, 1400000, 62400, 'http://tanky/T71-CMCD'),
(236, 'T71 DA', 11, 7, 1, 1, 64, 23, 420, 24.76, 58.41, 20, 7, 25.4, 22.2, 19.1, 22.2, 22.2, 22.2, 840, 20000, 16964, 390, 1400000, 60000, 'http://tanky/T71-DA'),
(237, 'M41 Walker Bulldog', 11, 8, 1, 1, 68, 24, 800, 34.05, 58.41, 20, 10, 25.4, 25.4, 19.1, 25.4, 25.4, 25.4, 1000, 26000, 23496, 400, 2400000, 111700, 'http://tanky/m41-bulldog'),
(238, 'T92', 11, 8, 1, 1, 60, 25, 600, 35.32, 57.36, 20, 10, 31.8, 25.4, 19.1, 28.6, 28.6, 28.6, 1000, 20000, 16987, 400, 5800, 0, 'http://tanky/T92'),
(239, 'T49', 11, 9, 1, 1, 65, 24, 900, 39.73, 45.89, 20, 10, 25.4, 25.4, 19.1, 38.1, 15.9, 15.9, 1400, 25700, 22653, 410, 3550000, 177000, 'http://tanky/tank/t49'),
(240, 'XM551 Sheridan', 11, 10, 1, 1, 65, 22, 650, 43.1, 57.36, 20, 10, 14.3, 31.8, 12.7, 38.1, 15.9, 15.9, 1600, 20000, 15081, 420, 6100000, 229000, 'http://tanky/sheridan'),
(241, 'T2 Medium Tank', 11, 2, 2, 1, 40, 17, 359, 29.69, 41.72, 20, 8, 22, 22, 22, 25, 25, 25, 340, 16200, 12107, 320, 3500, 280, 'http://tanky/T2-Medium'),
(242, 'M2 Medium Tank', 11, 3, 2, 1, 43, 18, 423, 20.17, 41.72, 40, 20, 32, 18, 13, 38, 25, 25, 375, 23500, 20963, 370, 31000, 1140, 'http://tanky/M2-Medium'),
(243, 'M3 Lee', 11, 4, 2, 1, 38, 16, 465, 16.5, 44.85, 20, 9, 50.8, 38.1, 38.1, 0, 0, 0, 475, 29900, 28197, 320, 126000, 3500, 'http://tanky/M3-Lee'),
(244, 'M4 Improved', 11, 5, 2, 2, 56, 25, 677, 17.84, 40.68, 25, 10, 50.8, 63.5, 50.8, 76.2, 50.8, 50.8, 630, 39900, 37920, 370, 1750, 0, 'http://tanky/m4-improved'),
(245, 'M4A1 Sherman', 11, 5, 2, 1, 48, 18, 486, 16.17, 38.59, 25, 12, 50.8, 38.1, 38.1, 63.5, 63.5, 63.5, 600, 32300, 30077, 370, 350500, 14055, 'http://tanky/m4a1'),
(246, 'M4A2E4 Sherman', 11, 5, 2, 2, 52, 18, 444, 13.97, 38.59, 25, 10, 65, 38.1, 38.1, 76.2, 50.8, 50.8, 630, 33300, 31796, 370, 1500, 0, 'http://tanky/M4A2E4'),
(247, 'Ram II', 11, 5, 2, 2, 38, 14, 465, 17.18, 38.59, 20, 7.5, 76.2, 63, 38, 76.2, 76.2, 51, 800, 31000, 27079, 330, 1750, 0, 'http://tanky/Ram-II'),
(248, 'M4A3E2 Sherman Jumbo', 11, 6, 2, 1, 35, 15, 550, 16.45, 33.38, 25, 10, 101.6, 76.2, 38.1, 63.5, 63.5, 63.5, 850, 38500, 33419, 370, 975000, 32750, 'http://tanky/M4A3E2'),
(249, 'M4A3E8 Fury', 11, 6, 2, 2, 41.8, 18, 529, 15.33, 45.89, 25, 10, 63.5, 38.1, 38.1, 63.5, 63.5, 63.5, 840, 38000, 34487, 370, 3300, 0, 'http://tanky/Fury'),
(250, 'M4A3E8 Sherman', 11, 6, 2, 1, 48, 18, 550, 18.19, 41.72, 25, 12, 63.5, 38.1, 38.1, 63.5, 63.5, 63.5, 840, 34500, 30219, 370, 930500, 30500, 'http://tanky/M4A3E8'),
(251, 'M4A3E8 Thunderbolt VII', 11, 6, 2, 2, 42, 18, 480, 12.97, 39.63, 25, 10, 123.5, 38.1, 38.1, 63.5, 63.5, 63.5, 840, 39000, 37000, 370, 3100, 0, 'http://tanky/m4a3e8-thunderbolt'),
(252, 'T20', 11, 7, 2, 1, 56, 20, 592, 19.24, 38.59, 25, 10, 63.5, 50.8, 38.1, 88.9, 63.5, 63.5, 1100, 34000, 30779, 390, 1340000, 55500, 'http://tanky/T20'),
(253, 'T23E3', 11, 7, 2, 2, 56.3, 30, 530, 14.72, 41.72, 25, 10, 76.2, 50.8, 38.1, 76.2, 63.5, 63.5, 1050, 39140, 36011, 380, 6300, 0, 'http://tanky/T23E3'),
(254, 'M26 Pershing', 11, 8, 2, 1, 48, 20, 744, 17.34, 39.63, 20, 10, 101.6, 76.2, 50.8, 127, 76.2, 63.5, 1440, 45050, 42924, 400, 2403000, 98100, 'http://tanky/Pershing'),
(255, 'M46 Patton KR', 11, 8, 2, 2, 48.3, 20, 856, 19.46, 39.63, 20, 10, 101.6, 76.2, 50.8, 127, 76.2, 76.2, 1450, 47000, 44000, 390, 7800, 0, 'http://tanky/m46-kr'),
(256, 'T25 Pilot Number 1', 11, 8, 2, 2, 55, 20, 530, 14.2, 44.85, 20, 10, 76.2, 50.8, 38.1, 76.2, 63.5, 63.5, 1450, 40000, 37335, 390, 6700, 0, 'http://tanky/t25-pilot-1'),
(257, 'T26E4 SuperPershing', 11, 8, 2, 2, 40.2, 18, 720, 14.24, 33.38, 20, 10, 101.6, 76.2, 50.8, 101.6, 76.2, 76.2, 1500, 53000, 50545, 390, 6400, 0, 'http://tanky/T26E4'),
(258, 'T69', 11, 8, 2, 1, 51.5, 20, 582, 16.84, 43.81, 14, 9, 101.6, 76.2, 38.1, 152.4, 114.3, 63.5, 1350, 36560, 34533, 400, 2403000, 118000, 'http://tanky/T69'),
(259, 'T95E2', 11, 8, 2, 2, 56, 21, 592, 16.04, 37.55, 19, 9, 114.3, 50.8, 19, 177.8, 76.2, 50.8, 1500, 39750, 36922, 400, 6700, 0, 'http://tanky/T95E2'),
(260, 'M46 Patton', 11, 9, 2, 1, 48, 20, 867, 20.12, 39.63, 22, 10, 101.6, 76.2, 50.8, 215.9, 63.5, 76.2, 1700, 45050, 43099, 410, 3450000, 174690, 'http://tanky/m46-patton'),
(261, 'T54E1', 11, 9, 3, 1, 35, 20, 856, 15.73, 41.72, 13, 8, 152.4, 76.2, 38.1, 127, 69.9, 50.8, 1850, 57500, 54431, 400, 3600000, 170000, 'http://tanky/T54E1'),
(262, 'M48A5 Patton', 11, 10, 2, 1, 45, 20, 856, 17.95, 52.15, 19, 9, 152.4, 76.2, 25.4, 254, 76.2, 50.8, 2000, 50350, 47719, 420, 6100000, 205000, 'http://tanky/m48-patton'),
(263, 'M60', 11, 10, 2, 2, 60, 23, 950, 20.53, 54.24, 19, 9, 93.2, 73.7, 25.4, 254, 76.2, 50.8, 2000, 49500, 46266, 420, 22500, 0, 'http://tanky/M60'),
(264, 'T95E6', 11, 10, 2, 2, 56.3, 20, 750, 18.33, 47.98, 20, 9, 114.3, 50.8, 19, 342.9, 76.2, 50.8, 2150, 44000, 40914, 410, 22500, 0, 'http://tanky/T95E6'),
(265, 'T1 Heavy Tank', 11, 5, 3, 1, 35.4, 10, 1015, 17.32, 26.07, 30, 10, 95.3, 52.4, 46, 101.6, 82.6, 82.6, 860, 61500, 58619, 330, 435000, 14055, 'http://tanky/t1-heavy'),
(266, 'T14', 11, 5, 3, 2, 34, 10, 761, 15.94, 20.86, 25, 10, 50.8, 50.8, 50.8, 101.6, 101, 101, 900, 49800, 47763, 330, 1500, 0, 'http://tanky/T14'),
(267, 'M6', 11, 6, 3, 1, 35, 10, 1015, 17.38, 26.07, 30, 10, 101.6, 52.4, 46, 101.6, 82.5, 82.5, 970, 61000, 58412, 350, 885000, 27850, 'http://tanky/M6'),
(268, 'T29', 11, 7, 3, 1, 35, 12, 846, 13.11, 26.07, 15, 10, 102, 76, 51, 279.4, 127, 102, 1250, 66800, 64499, 380, 1450300, 42070, 'http://tanky/T29'),
(269, 'Chrysler K', 11, 8, 3, 2, 35, 14, 1100, 18.33, 33.38, 15, 6, 152.4, 101.6, 76.2, 254, 127, 88.9, 1500, 63000, 60000, 380, 8200, 0, 'http://tanky/Chrysler-k'),
(270, 'M6A2E1', 11, 8, 3, 2, 29, 14, 1015, 15.16, 29.2, 20, 10, 191, 66, 51, 229, 89, 208, 1550, 70500, 66962, 380, 6700, 0, 'http://tanky/M6A2E1'),
(271, 'T26E5 Patriot', 11, 8, 3, 2, 40.2, 15, 704, 15.09, 31.29, 20, 10, 152.4, 76.2, 50.8, 190.5, 114.3, 127, 1500, 50000, 46402, 390, 8700, 0, 'http://tanky/t26e5-p'),
(272, 'T32', 11, 8, 3, 1, 35, 14, 846, 14.7, 26.07, 20, 10, 127, 76, 51, 298, 197, 152, 1550, 60500, 57549, 400, 2610000, 100000, 'http://tanky/T32'),
(273, 'T34', 11, 8, 3, 2, 35, 12, 930, 14.28, 27.12, 15, 10, 102, 76, 51, 279.4, 127, 203, 1500, 71850, 65138, 380, 10800, 0, 'http://tanky/T34'),
(274, 'M103', 11, 9, 3, 1, 34, 12, 909, 16.04, 29.2, 15, 8, 228.6, 44.5, 44.5, 254, 99.1, 53.3, 1850, 62500, 56689, 390, 3640000, 168500, 'http://tanky/M103'),
(275, 'T110E5', 11, 10, 3, 1, 37, 12, 925, 17.21, 31.29, 15, 8, 254, 76.2, 38.1, 203.2, 127, 76.2, 2200, 60050, 53760, 400, 6100000, 185000, 'http://tanky/T110E5'),
(276, 'T57 Heavy Tank', 11, 10, 3, 1, 35.4, 12, 856, 15.73, 31.29, 12, 8, 228.6, 44.5, 44.5, 152.4, 127, 50.8, 2250, 58000, 54431, 400, 6100000, 250000, 'http://tanky/T57-Heavy'),
(277, 'T3 HMC', 11, 2, 4, 1, 72.4, 7, 305, 33.23, 35.46, 20.53, 6.92, 15.9, 12.7, 6.4, 15.9, 12.7, 6.4, 220, 11000, 9162, 270, 3000, 280, 'http://tanky/T3-HMC'),
(278, 'T56 GMC', 11, 3, 4, 1, 50, 14, 423, 29.83, 31.29, 25, 5, 38.1, 25.4, 12.7, 12.7, 12.7, 12.7, 285, 16500, 14179, 290, 30000, 1050, 'http://tanky/T56-GMC'),
(279, 'M8A1', 11, 4, 4, 1, 58, 20, 370, 22.25, 41.72, 20, 8, 28.6, 28.6, 25.4, 38.1, 25.4, 25.4, 405, 17500, 16630, 320, 130000, 3350, 'http://tanky/M8A1'),
(280, 'T40', 11, 4, 4, 1, 38, 14, 465, 21.27, 33.38, 30, 10, 51, 38, 38, 0, 0, 0, 420, 24000, 21867, 310, 125000, 3300, 'http://tanky/T40'),
(281, 'M10 Wolverine', 11, 5, 4, 1, 48, 12, 529, 18.3, 31.29, 30, 10, 38.1, 19.1, 19.1, 57.2, 25.4, 25.4, 470, 31700, 28883, 370, 415000, 14430, 'http://tanky/Wolverine'),
(282, 'T67', 11, 5, 4, 1, 61, 17, 380, 25.72, 33.38, 20, 10, 12.7, 12.7, 12.7, 25.4, 12.7, 12.7, 470, 16400, 14772, 340, 400000, 10500, 'http://tanky/T67'),
(283, 'M18 Hellcat', 11, 6, 4, 1, 72, 12, 486, 24.01, 31.29, 20, 10, 12.7, 12.7, 12.7, 76.2, 31.8, 127, 640, 21800, 20255, 370, 950000, 27350, 'http://tanky/Hellcat'),
(284, 'M36 Jackson', 11, 6, 4, 1, 42, 11, 444, 15.27, 31.29, 20, 10, 114, 25, 25, 76, 25, 25, 660, 30500, 29084, 370, 884200, 21850, 'http://tanky/Jackson'),
(285, 'M56 Scorpion', 11, 7, 4, 2, 45, 17, 211, 29.6, 41.72, 15, 10, 1, 1, 1, 1, 1, 1, 820, 9000, 7144, 350, 4600, 0, 'http://tanky/Scorpion'),
(286, 'T25 AT', 11, 7, 4, 1, 56, 15, 744, 19.03, 31.29, 20, 10, 88.9, 76.2, 38.1, 0, 0, 0, 840, 43800, 39104, 350, 1327000, 45000, 'http://tanky/T25-AT'),
(287, 'T25/2', 11, 7, 4, 1, 56, 15, 744, 16.84, 31.29, 25, 10, 76.2, 50.8, 38.1, 76, 25, 25, 850, 45800, 44204, 380, 1364000, 42350, 'http://tanky/T252'),
(288, 'T28 Concept', 11, 7, 4, 2, 29, 10, 1015, 14.5, 18.77, 15, 4.4, 203.2, 101.6, 50.8, 0, 101.6, 0, 880, 73000, 70000, 370, 6300, 0, 'http://tanky/t28-htc'),
(289, 'T28', 11, 8, 4, 1, 22, 10, 780, 13.01, 25.03, 20, 5, 254, 101.6, 50.8, 0, 0, 0, 1500, 62450, 59934, 370, 2580000, 71000, 'http://tanky/T28'),
(290, 'T28 Prototype', 11, 8, 4, 1, 28, 10, 780, 11.76, 20.86, 15, 10, 203.2, 50.8, 50.8, 203.2, 127, 101.6, 1150, 76800, 66334, 380, 2650000, 102000, 'http://tanky/t28-prot'),
(291, 'T30', 11, 9, 4, 1, 35, 10, 909, 14.13, 22.95, 15, 10, 102, 76, 51, 279.4, 127, 102, 1650, 69050, 64345, 380, 3550000, 145000, 'http://tanky/T30'),
(292, 'T95', 11, 9, 4, 1, 20, 10, 780, 8.89, 25.03, 20, 5, 305, 152.4, 50.8, 0, 0, 0, 1800, 91890, 87745, 380, 3500000, 174690, 'http://tanky/T95'),
(293, 'T110E3', 11, 10, 4, 1, 24, 8, 925, 12.38, 25.03, 16, 8, 305, 76, 38, 0, 0, 0, 2050, 78000, 74731, 390, 6100000, 241000, 'http://tanky/T110E3'),
(294, 'T110E4', 11, 10, 4, 1, 35, 10, 925, 14.45, 27.12, 12, 6, 260, 76, 38, 203, 152, 152, 2000, 67000, 64031, 390, 6100000, 211000, 'http://tanky/T110E4'),
(295, 'T1 HMC', 11, 2, 5, 1, 34, 12, 94, 18.08, 20.86, 45, 5, 9.5, 9.5, 9.5, 9.5, 9.5, 9.5, 160, 7000, 5205, 250, 3300, 280, 'http://tanky/T1-HMC'),
(296, 'M7 Priest', 11, 3, 5, 1, 38.6, 10, 529, 22.76, 20.86, 45, 5, 101.6, 38.1, 12.7, 0, 0, 0, 250, 25500, 23224, 260, 47000, 1130, 'http://tanky/M7-Priest'),
(297, 'T18 HMC', 11, 3, 5, 1, 48, 6, 277, 20.31, 23.99, 40, 8.33, 50.8, 31.8, 25.4, 50.8, 50.8, 50.8, 195, 15000, 13638, 250, 45000, 1110, 'http://tanky/T18-HMC'),
(298, 'M37', 11, 4, 5, 1, 56.3, 14, 313, 14.94, 29.2, 42.8, 10.5, 12.7, 12.7, 12.7, 0, 0, 0, 275, 23000, 20945, 260, 130000, 3150, 'http://tanky/M37'),
(299, 'T82 HMC', 11, 4, 5, 1, 64, 12, 313, 21.44, 30.25, 27, 7, 28.6, 28.6, 25.4, 0, 0, 0, 200, 18000, 14599, 255, 145000, 4620, 'http://tanky/T82-HMC'),
(300, 'M41 HMC', 11, 5, 5, 1, 56.3, 14, 313, 16.23, 18.77, 45, 3.5, 12.7, 12.7, 12.7, 0, 0, 0, 300, 21000, 19278, 260, 405000, 13150, 'http://tanky/M41-HMC'),
(301, 'M44', 11, 6, 5, 1, 56.3, 14, 582, 20.03, 22.95, 65, 5, 12.7, 12.7, 12.7, 0, 0, 0, 315, 32000, 29027, 265, 920000, 33800, 'http://tanky/M44'),
(302, 'M12', 11, 7, 5, 1, 38.6, 10, 529, 19.27, 20.86, 45, 3, 50.8, 19.1, 19.1, 0, 0, 0, 350, 29500, 27433, 270, 1400000, 59400, 'http://tanky/M12'),
(303, 'M40/M43', 11, 8, 5, 1, 38.6, 10, 529, 14.22, 22.95, 55, 5, 108, 12.7, 12.7, 0, 0, 0, 400, 39500, 37172, 290, 2700000, 116500, 'http://tanky/M40M43'),
(304, 'M53/M55', 11, 9, 5, 1, 56.3, 14, 856, 19.27, 25.03, 65, 5, 25.4, 12.7, 12.7, 0, 0, 0, 450, 48000, 44449, 300, 3550000, 200000, 'http://tanky/M53M55'),
(305, 'T92', 11, 10, 5, 1, 60, 25, 600, 35.32, 57.36, 20, 10, 31.8, 25.4, 19.1, 28.6, 28.6, 28.6, 1000, 20000, 16987, 400, 5800, 271000, 'http://tanky/T92'),
(306, 'Cruiser Mk. I', 1, 1, 1, 1, 35, 12, 127, 9.93, 36.5, 20, 15, 14, 10, 10, 14, 12, 14, 255, 13500, 12783, 280, 0, 0, 'http://tanky/Cruiser-I'),
(307, 'Cruiser Mk. III', 1, 3, 1, 1, 48, 20, 418, 28.74, 36.5, 20, 15, 14, 14, 14, 14, 12, 14, 390, 17000, 14530, 330, 38000, 1500, 'http://tanky/Cruiser-III'),
(308, 'Light Mk. VIC', 1, 2, 1, 2, 52.5, 20, 93, 17.89, 41.72, 37, 10, 14, 13, 6, 14, 14, 11, 300, 7200, 5200, 300, 750, 0, 'http://tanky/Light-VIC'),
(309, 'M2', 1, 2, 1, 1, 58, 17, 277, 23.86, 41.72, 20, 10, 38.1, 25.4, 25.4, 38.1, 25.4, 25.4, 330, 14200, 11612, 320, 3800, 220, 'http://tanky/M2'),
(310, 'Cruiser Mk. II', 1, 2, 1, 1, 40, 15, 159, 11.03, 39.63, 20, 15, 30, 22, 12, 30, 26, 30, 360, 16700, 14376, 300, 3100, 220, 'http://tanky/Cruiser-II'),
(311, 'Cruiser Mk. IV', 1, 4, 1, 1, 48, 20, 418, 27.67, 39.63, 20, 15, 30, 14, 14, 30, 12, 14, 520, 17100, 15093, 340, 141000, 3500, 'http://tanky/Cruiser-IV'),
(312, 'Stuart I-IV', 1, 3, 1, 1, 58, 20, 277, 21.35, 46.93, 20, 10, 38.1, 25.4, 25.4, 38.1, 31.8, 31.8, 445, 14500, 12975, 330, 43500, 1215, 'http://tanky/Stuart-I-IV'),
(313, 'Covenanter', 1, 5, 1, 1, 55, 22, 400, 21.63, 41.72, 20, 15, 40, 30, 25, 39, 19.5, 25, 540, 20500, 18494, 350, 410000, 12300, 'http://tanky/Covenanter'),
(314, 'Valentine', 1, 3, 1, 1, 24, 10, 174, 9.41, 41.72, 17, 8, 60, 60, 60, 65, 65, 65, 390, 20000, 18548, 320, 40000, 1500, 'http://tanky/Valentine'),
(315, 'GSR 3301 Setter', 1, 7, 1, 1, 58, 22, 220, 27.85, 43.81, 15, 10, 30, 15, 15, 40, 15, 15, 860, 8500, 7899, 370, 1310000, 63000, 'http://tanky/Setter'),
(316, 'LHMTV', 1, 8, 1, 1, 63, 23, 160, 33.33, 43.81, 15, 10, 30, 20, 15, 60, 25, 20, 1050, 5500, 4801, 380, 2520000, 75000, 'http://tanky/LHMTV'),
(317, 'GSOR3301 AVR FS', 1, 9, 1, 1, 65, 25, 265, 39.42, 44.85, 35, 10, 35, 25, 20, 70, 30, 20, 1250, 7800, 6722, 390, 3500000, 164900, 'http://tanky/GSOR'),
(318, 'Manticore', 1, 10, 1, 1, 68, 25, 530, 42.74, 46.93, 8, 8, 50, 30, 25, 80, 40, 30, 1400, 13000, 12400, 400, 6100000, 252500, 'http://tanky/Manticore'),
(319, 'Vickers Medium Mk. I', 1, 1, 2, 1, 24, 8, 95, 8.03, 36.5, 16, 7, 6.35, 6.35, 6.35, 6.35, 6.35, 6.35, 300, 13200, 11850, 280, 0, 0, 'http://tanky/Medium-I'),
(320, 'Vickers Medium Mk. II', 1, 2, 2, 1, 40, 12, 169, 11.97, 29.2, 16, 7, 8, 8, 8, 8, 8, 8, 380, 15200, 14130, 300, 3500, 220, 'http://tanky/Medium-II'),
(321, 'Vickers Medium Mk. III', 1, 3, 2, 1, 48, 16, 233, 12.59, 33.38, 16, 8, 14, 9, 9, 14, 14, 14, 500, 19500, 18480, 330, 40000, 1000, 'http://tanky/Medium-III'),
(322, 'AC 1 Sentinel', 1, 4, 2, 2, 60.4, 20, 349, 12.49, 41.72, 20, 10, 65, 45, 45, 65, 65, 65, 570, 31000, 27941, 350, 1200, 0, 'http://tanky/Sentinel'),
(323, 'Grant', 1, 4, 2, 1, 39, 16, 433, 14.46, 43.81, 20, 9, 50.8, 38.1, 38.1, 50.8, 0, 0, 490, 33500, 29975, 325, 138500, 3720, 'http://tanky/Grant');
INSERT INTO `tank` (`idTank`, `TankNazev`, `Narod`, `TankTier`, `Kategorie`, `TankStatus`, `Rychlost`, `Couvani`, `Vykon`, `KoneTuna`, `OtaceniKorba`, `Elevace`, `Deprese`, `Korbapred`, `Korbabok`, `Korbazad`, `Vezpred`, `Vezbok`, `Vezzad`, `Zivoty`, `Naklad`, `Hmotnost`, `Dohled`, `Cena`, `Vyzkum`, `Odkaz`) VALUES
(324, 'Matilda', 1, 4, 2, 1, 24, 11, 201, 7.45, 37.55, 20, 10, 75, 70, 55, 75, 75, 75, 570, 29000, 26969, 340, 140000, 3900, 'http://tanky/Matilda'),
(325, 'Crusader', 1, 6, 1, 1, 58, 22, 433, 21.95, 46.93, 20, 12, 40.2, 28.3, 28.3, 50.8, 23.5, 29.7, 680, 21000, 19753, 370, 880000, 25000, 'http://tanky/Crusader'),
(326, 'Matilda Black Prince', 1, 5, 2, 2, 22, 10, 201, 6.69, 36.5, 20, 12.5, 75, 70, 55, 76.2, 63.5, 57.2, 800, 31950, 30041, 350, 1750, 0, 'http://tanky/Matilda-BP'),
(327, 'Sherman III', 1, 5, 2, 1, 48, 18, 486, 15.99, 38.59, 25, 10, 50.8, 38.1, 38.1, 63.5, 63.5, 63.5, 610, 34000, 30416, 370, 360000, 13480, 'http://tanky/Sherman-III'),
(328, 'AC 4 Experimental', 1, 6, 2, 2, 60.4, 20, 349, 12.26, 41.72, 20, 10, 65, 45, 45, 65, 65, 65, 840, 31000, 28449, 360, 3100, 0, 'http://tanky/ac-4-exp'),
(329, 'Cromwell', 1, 6, 2, 1, 64, 20, 687, 24.52, 37.55, 15, 8, 63.5, 42.9, 31.8, 76.2, 63.5, 57.2, 840, 29500, 28025, 360, 900000, 25000, 'http://tanky/Cromwell'),
(330, 'Cromwell B', 1, 6, 2, 2, 64, 20, 687, 24.52, 52.15, 15, 8, 63.5, 42.9, 31.8, 76.2, 63.5, 57.2, 840, 29500, 28025, 360, 3100, 0, 'http://tanky/Cromwell-B'),
(331, 'Sherman Firefly', 1, 6, 2, 1, 36, 18, 486, 14.62, 41.72, 20, 6, 50.8, 38.1, 38.1, 76.2, 50.8, 50.8, 840, 36100, 33276, 370, 945000, 28850, 'http://tanky/Firefly'),
(332, 'Comet', 1, 7, 2, 1, 51.5, 18, 687, 21.02, 37.55, 20, 12, 76.2, 42.9, 31.8, 101.6, 63.5, 57.2, 1150, 34000, 32700, 380, 1350500, 58000, 'http://tanky/Comet'),
(333, 'Centurion Mk. I', 1, 8, 2, 1, 50, 20, 793, 17.65, 37.55, 18, 10, 76.2, 50.8, 38.1, 254, 88.9, 88.9, 1450, 48000, 44916, 400, 2350000, 100000, 'http://tanky/Centurion-I'),
(334, 'FV4202', 1, 8, 2, 2, 40, 20, 856, 21.41, 52.15, 20, 10, 121, 51, 32, 196, 196, 35, 1950, 42500, 40000, 410, 6100000, 0, 'http://tanky/FV4202'),
(335, 'Chieftain/T95', 1, 8, 2, 2, 42, 15, 850, 17, 41.72, 20, 10, 85, 50.8, 25.4, 254, 88.9, 50.8, 1400, 60000, 50000, 400, 6400, 0, 'http://tanky/ChieftainT95'),
(336, 'Chimera', 1, 8, 2, 2, 50, 20, 900, 15.95, 31.29, 20, 10, 114.3, 76.2, 50.8, 203.2, 76.2, 76.2, 1400, 60000, 56436, 380, 7600, 0, 'http://tanky/Chimera'),
(337, 'Centurion Mk. 7/1', 1, 9, 2, 1, 50, 20, 1004, 19.24, 33.38, 18, 10, 120.7, 50.8, 31.8, 254, 88.9, 88.9, 1720, 54000, 52204, 410, 3515000, 165000, 'http://tanky/centurion-71'),
(338, 'Centurion Action X', 1, 10, 2, 1, 53, 20, 1100, 19.99, 52.15, 20, 10, 120.7, 50.8, 31.8, 254, 152.4, 95.3, 1950, 60000, 55000, 410, 6100000, 180000, 'http://tanky/Centurion-AX'),
(339, 'Excelsior', 1, 5, 3, 2, 38.6, 12, 634, 15.45, 33.38, 20, 13, 114.3, 31.75, 108, 114.3, 92.1, 92.1, 880, 44100, 41048, 350, 1500, 0, 'http://tanky/Excelsior'),
(340, 'Churchill I', 1, 5, 3, 1, 25.7, 14, 370, 9.25, 22.95, 12, 4, 177.8, 63.5, 50.8, 88.9, 88.9, 76.2, 920, 43000, 40015, 350, 340000, 11500, 'http://tanky/Churchill-I'),
(341, 'Churchill VII', 1, 6, 3, 1, 20, 12, 370, 9.09, 20.86, 12, 4, 152.4, 95.3, 50.8, 152.4, 95.3, 95.3, 1080, 43000, 40727, 360, 900000, 27000, 'http://tanky/Churchill-VII'),
(342, 'TOG II*', 1, 6, 3, 2, 14, 7, 634, 7.8, 20.86, 20, 10, 76.2, 76.2, 50.8, 114.3, 76.2, 53.3, 1560, 85000, 81284, 360, 3100, 0, 'http://tanky/TOG-II'),
(343, 'Black Prince', 1, 7, 3, 1, 20, 12, 634, 12.68, 20.86, 20, 8, 152.4, 95.3, 50.8, 240, 95.2, 101.6, 1450, 53000, 50010, 370, 1400000, 54000, 'http://tanky/Black-Prince'),
(344, 'FV201 (A45)', 1, 7, 3, 2, 31, 16, 846, 15.14, 29.2, 20, 10, 76.2, 50.8, 38.1, 152.4, 88.9, 88.9, 1500, 58000, 55883, 380, 4400, 0, 'http://tanky/FV201-A45'),
(345, 'Caernarvon', 1, 8, 3, 1, 34.3, 12, 856, 13.87, 25.03, 18, 10, 130, 76.2, 38.1, 254, 88.9, 88.9, 1600, 64000, 61726, 400, 2520000, 110000, 'http://tanky/Caernarvon'),
(346, 'Caernarvon Action X', 1, 8, 3, 2, 36.3, 12, 1100, 16.92, 29.2, 20, 10, 130, 50.8, 38.1, 254, 152.4, 95.3, 1500, 70000, 65000, 380, 9400, 0, 'http://tanky/Caernarvon-AX'),
(347, 'Conqueror', 1, 9, 3, 1, 34.3, 12, 950, 14.44, 27.12, 15, 10, 152.4, 76.2, 38.1, 254, 88.9, 69.9, 1950, 68000, 65812, 400, 3600000, 110000, 'http://tanky/Conqueror'),
(348, 'FV215b', 1, 10, 3, 2, 34.3, 12, 1004, 14.35, 39.63, 15, 7, 152.4, 101.6, 76.2, 254, 152.4, 101.6, 2500, 73000, 70000, 410, 5, 0, 'http://tanky/FV215b'),
(349, 'Super Conqueror', 1, 10, 3, 1, 34.3, 12, 1060, 13.77, 27.12, 15, 10, 152.4, 101.6, 38.1, 279.4, 88.9, 69.9, 2400, 80000, 77000, 400, 6100000, 255000, 'http://tanky/S-Conqueror'),
(350, 'T95/Chieftain', 1, 10, 3, 2, 56, 17, 592, 13.16, 33.38, 20, 10, 114.3, 50.8, 19, 250, 140, 30, 2000, 50000, 45000, 400, 5, 0, 'http://tanky/T95Chieftain'),
(351, 'Universal Carrier 2-pdr', 1, 2, 4, 1, 48, 8, 106, 21.84, 41.72, 15, 5, 10, 7, 7, 0, 0, 0, 240, 7000, 4840, 300, 3900, 220, 'http://tanky/UC-2-pdr'),
(352, 'Valentine AT', 1, 4, 4, 1, 24, 12, 174, 11.64, 39.63, 15, 5, 60, 60, 60, 0, 0, 0, 405, 17000, 14991, 330, 134000, 3700, 'http://tanky/valentine-at?l=2031350'),
(353, 'Alecto', 1, 4, 4, 1, 50.5, 16, 190, 23.45, 43.81, 25, 5, 6, 10, 10, 0, 0, 0, 415, 10200, 8117, 330, 130000, 3700, 'http://tanky/Alecto'),
(354, 'Archer', 1, 5, 4, 1, 12, 32, 203, 12.49, 47.98, 15, 7.5, 20, 20, 20, 20, 10, 10, 470, 17500, 16257, 360, 395000, 19340, 'http://tanky/Archer'),
(355, 'AT 2', 1, 5, 4, 1, 20, 10, 418, 10.19, 20.86, 13, 7, 152.4, 76.2, 50.8, 0, 0, 0, 590, 44000, 41000, 310, 425000, 13500, 'http://tanky/AT-2'),
(356, 'AT 8', 1, 6, 4, 1, 20, 10, 433, 10.48, 20.86, 7.5, 5, 203.2, 101.6, 101.6, 0, 0, 0, 900, 44500, 41376, 330, 940000, 29000, 'http://tanky/AT-8'),
(357, 'Excalibur', 1, 6, 4, 2, 50, 15, 500, 18.26, 36.5, 20, 10, 50, 25, 15, 50, 30, 7, 840, 30000, 27379, 360, 3100, 0, 'http://tanky/Excalibur'),
(358, 'Churchill Gun Carrier', 1, 6, 4, 1, 25.7, 12, 370, 9.04, 29.2, 15, 10, 88.9, 63.5, 50.8, 0, 0, 0, 730, 43000, 40951, 340, 965000, 49050, 'http://tanky/Churchill-GC'),
(359, 'AT 15A', 1, 7, 4, 2, 20, 10, 687, 10.57, 25.03, 10, 10, 228.6, 152.4, 101.6, 0, 0, 0, 1050, 68000, 65000, 350, 5800, 0, 'http://tanky/AT-15A'),
(360, 'AT 7', 1, 7, 4, 1, 20, 10, 529, 11.85, 22.95, 7.5, 5, 203.2, 101.6, 101.6, 0, 0, 0, 1250, 48000, 44617, 350, 1400000, 56000, 'http://tanky/AT-7'),
(361, 'Challenger', 1, 7, 4, 1, 52, 20, 687, 20.43, 31.29, 20, 10, 88.9, 50.8, 38.1, 50.8, 40, 200, 900, 36800, 33644, 370, 1380000, 59100, 'http://tanky/Challenger'),
(362, 'AT 15', 1, 8, 4, 1, 20, 10, 687, 11.37, 20.86, 10, 10, 228.6, 152.4, 101.6, 0, 0, 0, 1450, 66000, 60456, 370, 2650000, 92000, 'http://tanky/AT-15'),
(363, 'Charioteer', 1, 8, 4, 1, 52, 20, 687, 22.7, 37.55, 12, 10, 63.5, 46, 38.1, 30, 25, 30, 1050, 32500, 30270, 370, 2470000, 106250, 'http://tanky/Charioteer'),
(364, 'FV4004 Conway', 1, 9, 4, 1, 40, 15, 950, 18.99, 29.2, 10, 10, 76.2, 50.8, 38.1, 132.1, 95.3, 36.5, 1500, 55000, 50029, 380, 3440000, 125900, 'http://tanky/conway'),
(365, 'Tortoise', 1, 9, 4, 1, 20, 10, 856, 11.14, 22.95, 20, 10, 273.1, 152.4, 101.6, 0, 0, 0, 2000, 81000, 76878, 390, 3500000, 116600, 'http://tanky/Tortoise'),
(366, 'FV215b (183)', 1, 10, 4, 2, 34.3, 12, 846, 14.1, 25.03, 15, 5, 152.4, 50.8, 76.2, 254, 177.8, 31.8, 2000, 64000, 60000, 390, 5, 0, 'http://tanky/FV215b-183'),
(367, 'FV217 Badger', 1, 10, 4, 1, 30, 12, 1000, 15.38, 22.95, 20, 10, 355.6, 101.6, 38.1, 0, 0, 0, 2100, 70000, 65000, 390, 6100000, 235000, 'http://tanky/Badger'),
(368, 'FV4005 Stage II', 1, 10, 4, 1, 32, 8, 850, 16.66, 27.12, 8, 10, 76.2, 50.8, 38.1, 14, 14, 14, 1850, 54000, 51010, 390, 6100000, 259000, 'http://tanky/FV4005'),
(369, 'Loyd Gun Carriage', 1, 2, 5, 1, 48, 12, 90, 19.97, 25.03, 45, 0, 7, 7, 0, 0, 0, 0, 160, 6500, 4500, 260, 3900, 220, 'http://tanky/Loyd-GC'),
(370, 'Sexton I', 1, 3, 5, 2, 40.2, 10, 412, 15.95, 25.03, 40, 9, 50.8, 31.8, 38.1, 0, 0, 0, 250, 31000, 25855, 330, 1250, 0, 'http://tanky/Sexton-I'),
(371, 'Sexton II', 1, 3, 5, 1, 40.2, 10, 486, 18.81, 20.86, 40, 9, 50.8, 38.1, 38.1, 0, 0, 0, 250, 28000, 25855, 260, 49000, 1350, 'http://tanky/Sexton-II'),
(372, 'Birch Gun', 1, 4, 5, 1, 45, 10, 116, 9.57, 18.77, 70, 5, 6, 6, 6, 0, 0, 0, 290, 14200, 12153, 265, 152000, 5250, 'http://tanky/Birch-Gun'),
(373, 'Bishop', 1, 5, 5, 1, 24, 10, 174, 9.78, 22.95, 45, 5, 60, 50, 60, 0, 0, 0, 460, 20000, 17834, 250, 405000, 14750, 'http://tanky/Bishop'),
(374, 'FV304', 1, 6, 5, 1, 72.4, 14, 529, 25.6, 22.95, 45, 1.5, 14, 14, 14, 0, 0, 0, 315, 22700, 20653, 255, 930000, 31000, 'http://tanky/FV304'),
(375, 'Crusader 5.5-in. SP', 1, 7, 5, 1, 14, 43.5, 433, 22.82, 33.38, 45, 5, 28.3, 28.3, 12, 0, 0, 0, 350, 21000, 19000, 275, 1440000, 64750, 'http://tanky/Crusader-SP'),
(376, 'FV207', 1, 8, 5, 1, 29, 10, 793, 13.22, 20.86, 50, 1, 50.8, 50.8, 50.8, 0, 0, 0, 430, 63000, 60000, 265, 2730000, 118200, 'http://tanky/FV207'),
(377, 'FV3805', 1, 9, 5, 1, 40, 12, 793, 15.22, 22.95, 63, 2, 50.8, 50.8, 50.8, 0, 0, 0, 450, 55000, 52103, 275, 3560000, 202000, 'http://tanky/FV3805'),
(378, 'Conqueror Gun Carriage', 1, 10, 5, 1, 34.3, 10, 856, 15.57, 25.03, 45, 0, 130, 50.8, 76.2, 0, 0, 0, 530, 60000, 55000, 290, 6100000, 267000, 'http://tanky/ConquerorGC'),
(379, 'Renault NC-31', 3, 1, 1, 1, 25, 8, 79, 12.03, 62.58, 35, 6, 16, 16, 16, 22, 22, 22, 235, 8600, 6589, 280, 0, 0, 'http://tanky/NC-31'),
(380, 'Vickers Mk. E Type B', 3, 2, 1, 1, 35, 15, 106, 14.4, 50.06, 23, 6, 12.7, 12.7, 12.7, 30, 15, 15, 340, 10000, 7342, 310, 3900, 275, 'http://tanky/vae-type-b'),
(381, 'Type 2597 Chi-Ha', 3, 3, 1, 1, 40, 15, 254, 15.89, 33.38, 20, 15, 25, 25, 20, 35, 25, 25, 425, 18000, 15970, 330, 42000, 1300, 'http://tanky/type-2597-chi-ha'),
(382, 'M5A1 Stuart', 3, 4, 1, 1, 64.4, 20, 423, 26.33, 39.63, 20, 10, 28.6, 28.6, 25.4, 44.5, 31.8, 31.8, 520, 18000, 16059, 350, 143000, 3200, 'http://tanky/m5a1-stuart'),
(383, '59-16', 3, 6, 1, 1, 60, 23, 450, 27.77, 56.32, 20, 5, 30, 20, 20, 45, 30, 20, 670, 19000, 16202, 360, 900000, 31000, 'http://tanky/59-16'),
(384, 'Type 64', 3, 6, 1, 2, 72.4, 23, 529, 22.98, 58.41, 20, 10, 25.4, 12.7, 19.1, 25.4, 12.7, 12.7, 650, 25000, 23000, 390, 3100, 0, 'http://tanky/Type-64'),
(385, 'Type 62', 3, 7, 1, 1, 60, 23, 455, 21.65, 56.32, 20, 5, 35, 20, 20, 45, 30, 20, 880, 24000, 21000, 390, 4300, 0, 'http://tanky/Type-62'),
(386, 'WZ-131', 3, 7, 1, 1, 60, 23, 550, 26.07, 56.32, 20, 5, 35, 20, 20, 45, 30, 20, 900, 24000, 21100, 370, 1350000, 43000, 'http://tanky/WZ-131'),
(387, 'WZ-132', 3, 8, 1, 1, 64, 23, 700, 28.79, 58.41, 20, 5, 50, 25, 20, 55, 35, 20, 1100, 26500, 24312, 380, 2400000, 75000, 'http://tanky/WZ-132'),
(388, 'WZ-132A', 3, 9, 1, 1, 64, 23, 770, 32.08, 47.98, 20, 5, 50, 25, 20, 55, 35, 20, 1250, 27000, 24000, 390, 3400000, 133000, 'http://tanky/WZ-132A'),
(389, 'WZ-132-1', 3, 10, 1, 1, 65, 23, 1080, 36, 52.15, 20, 5, 50, 25, 20, 200, 160, 65, 1500, 33000, 30000, 400, 6100000, 244000, 'http://tanky/WZ-132-1'),
(390, 'Type T-34', 3, 5, 2, 1, 55, 20, 529, 18.33, 43.81, 25, 5, 45, 40, 40, 52, 52, 45, 590, 32000, 28848, 350, 430000, 16000, 'http://tanky/Type-T-34'),
(391, 'Type 58', 3, 6, 2, 1, 55, 20, 550, 16.92, 43.81, 22, 5, 45, 45, 40, 90, 75, 52, 840, 35000, 32500, 370, 920000, 33000, 'http://tanky/Type-58'),
(392, 'T-34-1', 3, 7, 2, 1, 50, 20, 550, 16.91, 43.81, 18, 5, 60, 45, 40, 170, 120, 60, 1150, 35000, 32507, 370, 1400000, 49000, 'http://tanky/T-34-1'),
(393, '59-Patton', 3, 8, 2, 2, 50, 20, 620, 17.05, 47.98, 19, 9, 100, 80, 45, 177.8, 76.2, 50.8, 1400, 39000, 36360, 400, 6400, 0, 'http://tanky/59-Patton'),
(394, 'T-34-2', 3, 8, 2, 1, 56, 20, 613, 18.04, 47.98, 18, 5, 100, 45, 45, 180, 120, 60, 1400, 36500, 34000, 380, 2480000, 105000, 'http://tanky/T-34-2'),
(395, 'T-34-3', 3, 8, 2, 2, 50, 20, 550, 15.49, 47.98, 15, 6.5, 100, 80, 45, 200, 130, 60, 1400, 38000, 35500, 380, 9900, 0, 'http://tanky/T-34-3'),
(396, 'Type 59', 3, 8, 2, 2, 60, 20, 650, 18.06, 47.98, 20, 7, 100, 80, 45, 230, 130, 60, 1300, 39800, 36000, 380, 6700, 0, 'http://tanky/Type-59'),
(397, 'WZ-120', 3, 9, 2, 1, 60, 20, 634, 17.05, 47.98, 15, 3, 100, 80, 45, 220, 160, 65, 1750, 40200, 37200, 390, 3520000, 175000, 'http://tanky/WZ-120'),
(398, '121', 3, 10, 2, 1, 56, 20, 650, 16.67, 52.15, 15, 5, 135, 80, 60, 240, 130, 60, 2050, 42000, 39000, 400, 6100000, 180000, 'http://tanky/121'),
(399, '121B', 3, 10, 2, 2, 55, 25, 700, 17.5, 52.15, 18, 5, 135, 80, 60, 275, 200, 60, 1950, 43000, 40000, 420, 22500, 0, 'http://tanky/121B'),
(400, 'IS-2', 3, 7, 3, 1, 37, 14, 613, 13.32, 39.63, 20, 5, 90, 90, 60, 100, 90, 90, 1280, 49000, 46040, 350, 1450000, 52000, 'http://tanky/IS-2'),
(401, '110', 3, 8, 3, 1, 40, 15, 613, 12.15, 31.29, 15, 6, 120, 90, 60, 201, 148, 50, 1550, 54000, 50467, 380, 2600000, 85000, 'http://tanky/110'),
(402, '112', 3, 8, 3, 2, 45, 15, 613, 13.33, 27.12, 17, 6, 120, 120, 60, 240, 130, 60, 1500, 49000, 46000, 380, 9400, 0, 'http://tanky/112'),
(403, 'WZ-111', 3, 8, 3, 2, 50, 15, 600, 13.48, 27.12, 23, 5, 120, 120, 60, 230, 120, 60, 1550, 48000, 44500, 380, 11000, 0, 'http://tanky/WZ-111'),
(404, 'WZ-111 model 1-4', 3, 9, 3, 1, 50, 15, 634, 14.1, 29.2, 23, 5, 120, 120, 60, 230, 120, 60, 1850, 48000, 45000, 400, 3500000, 106700, 'http://tanky/WZ-111-1-4'),
(405, '113', 3, 10, 3, 1, 50, 15, 793, 17.62, 37.55, 18, 7, 120, 120, 70, 290, 180, 80, 2300, 48000, 45000, 400, 6100000, 205000, 'http://tanky/113'),
(406, 'WZ-111 model 5A', 3, 10, 3, 1, 50, 15, 793, 15.86, 37.55, 23, 7, 140, 120, 60, 300, 180, 60, 2200, 55000, 50000, 400, 6100000, 198000, 'http://tanky/wz-111-5a'),
(407, 'T-26G FT', 3, 2, 4, 1, 36, 10, 120, 12, 34.42, 15, 6, 18, 15, 15, 0, 0, 0, 250, 12000, 10000, 270, 3000, 275, 'http://tanky/t-26g-ft'),
(408, 'M3G FT', 3, 3, 4, 1, 55, 12, 310, 22.96, 41.72, 15, 5, 25.4, 25.4, 25.4, 10, 10, 10, 285, 15000, 13500, 310, 32400, 1060, 'http://tanky/M3G-FT'),
(409, 'SU-76G FT', 3, 4, 4, 1, 45, 12, 300, 25.21, 41.72, 15, 5, 25, 15, 10, 15, 10, 10, 430, 14000, 11900, 320, 135000, 3100, 'http://tanky/SU-76G-FT'),
(410, '60G FT', 3, 5, 4, 1, 45, 18, 450, 17.31, 36.5, 25, 8, 25, 20, 20, 0, 0, 0, 520, 29000, 26000, 340, 365000, 10300, 'http://tanky/60G-FT'),
(411, 'WZ-131G FT', 3, 6, 4, 1, 50, 18, 430, 21.5, 46.93, 15, 5, 35, 20, 20, 0, 0, 0, 620, 23000, 20000, 350, 910000, 20350, 'http://tanky/WZ-131G-FT'),
(412, 'T-34-2G FT', 3, 7, 4, 1, 50, 16, 520, 16.25, 41.72, 15, 5, 70, 45, 45, 0, 0, 0, 800, 35000, 32000, 360, 1440000, 50400, 'http://tanky/T-34-2G-FT'),
(413, 'WZ-111-1G FT', 3, 8, 4, 1, 35, 18, 600, 13.33, 26.07, 15, 6, 180, 80, 60, 0, 0, 0, 1000, 48000, 45000, 370, 2520000, 76400, 'http://tanky/wz-111-1-ft'),
(414, 'WZ-120-1G FT', 3, 8, 4, 2, 50, 20, 640, 17.78, 43.81, 15, 6, 120, 80, 45, 0, 0, 0, 1100, 39000, 36000, 380, 9100, 0, 'http://tanky/wz-120-1-ft'),
(415, 'WZ-111G FT', 3, 9, 4, 1, 35, 16, 600, 12, 26.07, 15, 6, 200, 80, 60, 0, 0, 0, 1800, 53000, 50000, 380, 3350000, 116600, 'http://tanky/WZ-111G-FT'),
(416, 'WZ-113G FT', 3, 10, 4, 1, 38, 16, 650, 11.82, 31.29, 15, 6, 230, 80, 70, 0, 0, 0, 2100, 60000, 55000, 390, 6100000, 231000, 'http://tanky/WZ-113G-FT'),
(417, 'Renault Otsu', 6, 1, 1, 1, 23, 8, 79, 9.29, 41.72, 20, 22, 30, 30, 22, 20, 20, 20, 235, 10500, 8539, 280, 0, 0, 'http://tanky/r-otsu'),
(418, 'Type 95 Ha-Go', 6, 2, 1, 1, 40, 15, 143, 17.71, 45.89, 20, 15, 12, 12, 10, 35, 25, 25, 350, 10100, 8058, 300, 3000, 270, 'http://tanky/Ha-go'),
(419, 'Type 97 Te-Ke', 6, 2, 1, 2, 42, 15, 69, 14.45, 45.89, 20, 15, 12, 10, 8, 12, 10, 10, 320, 5800, 4757, 300, 750, 0, 'http://tanky/Te-ke'),
(420, 'Type 98 Ke-Ni', 6, 3, 1, 1, 50, 20, 159, 21.58, 50.06, 20, 15, 16, 12, 10, 30, 16, 16, 425, 9500, 7350, 310, 43500, 1300, 'http://tanky/Ke-ni'),
(421, 'Type 98 Ke-Ni Otsu', 6, 3, 1, 2, 50, 20, 137, 19.09, 54.24, 20, 15, 16, 12, 10, 30, 16, 16, 465, 9400, 7200, 310, 1000, 0, 'http://tanky/ke-ni-otsu'),
(422, 'Type 5 Ke-Ho', 6, 4, 1, 1, 50, 22, 159, 15.48, 62.58, 20, 10, 20, 16, 12, 30, 20, 16, 520, 12500, 10242, 340, 140000, 3740, 'http://tanky/Ke-ho'),
(423, 'Chi-Ni', 6, 2, 2, 1, 30, 12, 143, 14.56, 39.63, 20, 15, 25, 12, 10, 30, 20, 20, 380, 12000, 9800, 300, 3900, 270, 'http://tanky/Chi-ni'),
(424, 'Type 89 I-Go/Chi-Ro', 6, 2, 2, 1, 25, 12, 127, 9.72, 39.63, 20, 15, 17, 15, 15, 15, 15, 15, 400, 14700, 13054, 320, 3400, 270, 'http://tanky/i-gochi-ro'),
(425, 'Type 97 Chi-Ha', 6, 3, 1, 1, 45, 18, 270, 16.91, 46.93, 20, 15, 25, 25, 20, 35, 25, 25, 425, 18000, 15970, 330, 45000, 1460, 'http://tanky/Chi-ha'),
(426, 'Type 1 Chi-He', 6, 4, 2, 1, 44, 20, 254, 15.02, 37.55, 20, 15, 50, 25, 20, 50, 35, 25, 540, 19500, 16890, 340, 136000, 3730, 'http://tanky/Chi-he'),
(427, 'Type 3 Chi-Nu', 6, 5, 2, 1, 38.8, 16, 317, 16.64, 35.46, 15, 10, 50, 25, 20, 50, 35, 25, 630, 21300, 19059, 350, 410000, 15000, 'http://tanky/Chi-nu'),
(428, 'Type 3 Chi-Nu Kai', 6, 5, 2, 2, 38.8, 16, 254, 11.91, 39.63, 20, 6.5, 50, 25, 20, 75, 50, 50, 630, 23300, 21300, 350, 1500, 0, 'http://tanky/Chi-nu-kai'),
(429, 'Type 4 Chi-To', 6, 6, 2, 1, 45, 18, 423, 12.93, 31.29, 20, 10, 75, 35, 35, 75, 35, 50, 920, 35000, 32705, 360, 940000, 31150, 'http://tanky/Chi-to'),
(430, 'Type 5 Chi-Ri', 6, 7, 2, 1, 42, 18, 582, 13.76, 35.46, 20, 10, 75, 35, 35, 75, 50, 50, 1250, 44800, 42257, 370, 1440000, 52650, 'http://tanky/Chi-ri'),
(431, 'STA-1', 6, 8, 2, 1, 45, 20, 650, 19.07, 45.89, 13, 10, 45, 35, 25, 70, 60, 35, 1450, 37000, 34080, 390, 2550000, 111000, 'http://tanky/STA-1'),
(432, 'STA-2', 6, 8, 2, 2, 55, 23, 650, 19.12, 45.89, 13, 10, 45, 35, 25, 70, 60, 35, 1420, 37000, 34000, 400, 6600, 0, 'http://tanky/STA-2'),
(433, 'Type 61', 6, 9, 2, 1, 45, 23, 750, 21.43, 52.15, 13, 10, 55, 45, 25, 85, 80, 35, 1750, 38000, 35000, 400, 3600000, 169000, 'http://tanky/Type-61'),
(434, 'STB-1', 6, 10, 2, 1, 50, 25, 950, 25.4, 54.24, 21, 14, 110, 35, 25, 222, 60, 25, 2000, 40000, 37400, 400, 6100000, 255000, 'http://tanky/STB-1'),
(435, 'Type 91 Heavy', 6, 3, 3, 1, 25, 13, 264, 13.15, 33.38, 20, 12, 20, 15, 15, 20, 20, 20, 445, 23000, 20096, 330, 46500, 1240, 'http://tanky/Type-91'),
(436, 'Type 95 Heavy', 6, 4, 3, 1, 22, 10, 307, 10.49, 31.29, 20, 12, 35, 30, 25, 30, 25, 25, 670, 32000, 29228, 340, 166000, 3850, 'http://tanky/Type-95'),
(437, 'O-I Experimental', 6, 5, 3, 1, 25, 12, 800, 8, 22.95, 20, 10, 125, 70, 70, 125, 75, 75, 920, 105500, 99967, 360, 445000, 14730, 'http://tanky/O-I-Exp'),
(438, 'Heavy Tank No. VI', 6, 6, 3, 2, 40, 12, 687, 12.06, 27.12, 15, 8, 100, 80, 80, 100, 80, 80, 1060, 61000, 57000, 370, 3300, 0, 'http://tanky/ht-no-vi'),
(439, 'O-I', 6, 6, 3, 1, 29.4, 10, 1269, 8.46, 18.77, 20, 10, 150, 70, 105, 150, 150, 105, 1060, 155000, 150010, 370, 950000, 26950, 'http://tanky/O-I'),
(440, 'O-Ni', 6, 7, 3, 1, 25, 10, 1269, 12.57, 18.77, 20, 10, 175, 70, 150, 200, 150, 150, 1550, 105500, 100898, 380, 1490000, 56320, 'http://tanky/O-Ni'),
(441, 'O-Ho', 6, 8, 3, 1, 25, 10, 1269, 10.47, 19.82, 20, 10, 200, 105, 150, 200, 200, 200, 1700, 130000, 121218, 380, 2680000, 110200, 'http://tanky/O-Ho'),
(442, 'Type 4 Heavy', 6, 9, 3, 1, 25, 10, 1269, 7.9, 17.73, 20, 10, 250, 140, 150, 250, 200, 200, 2050, 170000, 160510, 390, 3700000, 177700, 'http://tanky/type-4-h'),
(443, 'Type 5 Heavy', 6, 10, 3, 1, 25, 15, 1370, 9.13, 20.86, 20, 10, 270, 160, 150, 280, 210, 200, 2900, 160000, 150000, 400, 6100000, 257560, 'http://tanky/type-5-h'),
(444, 'Renault FT', 4, 1, 1, 1, 21, 8, 41, 8.62, 62.58, 35, 10, 16, 16, 16, 22, 22, 16, 245, 6800, 4786, 280, 0, 280, 'http://tanky/FT'),
(445, 'D1', 4, 2, 1, 1, 28, 12, 78, 6.44, 35.46, 20, 18, 30, 30, 30, 40, 40, 40, 340, 14250, 12156, 300, 3800, 280, 'http://tanky/D1'),
(446, 'FCM 36', 4, 2, 1, 1, 24, 12, 111, 9, 35.46, 10, 17, 40, 20, 20, 40, 40, 40, 280, 14250, 12329, 280, 3900, 280, 'http://tanky/FCM-36'),
(447, 'Hotchkiss H35', 4, 2, 1, 1, 27, 11, 87, 9.19, 35.46, 13, 10, 40, 40, 40, 40, 40, 40, 320, 10500, 9436, 300, 4200, 280, 'http://tanky/H35'),
(448, 'Renault R35', 4, 2, 1, 1, 23, 12, 87, 8.2, 35.46, 20, 16, 40, 40, 32, 40, 40, 40, 310, 11700, 10579, 300, 3850, 280, 'http://tanky/R35'),
(449, 'AMX 38', 4, 3, 1, 1, 25, 10, 169, 10.54, 33.38, 20, 6, 60, 40, 40, 60, 40, 40, 390, 18000, 16050, 310, 41000, 1270, 'http://tanky/AMX-38'),
(450, 'AMX 40', 4, 4, 1, 1, 50, 20, 201, 9.19, 31.29, 17, 7, 70, 65, 40, 80, 60, 60, 400, 25230, 21860, 340, 147500, 4610, 'http://tanky/AMX-40'),
(451, 'AMX ELC bis', 4, 5, 1, 1, 60, 20, 180, 26.63, 39.63, 13, 5, 25, 10, 15, 20, 15, 10, 490, 7950, 6760, 360, 315000, 14900, 'http://tanky/amx-elc-bis'),
(452, 'AMX 12 t', 4, 6, 1, 1, 60, 23, 330, 27.25, 39.63, 12, 6, 50, 20, 15, 30, 20, 20, 650, 13500, 12110, 360, 875000, 28150, 'http://tanky/AMX-12-t'),
(453, 'Panhard AMD 178B', 4, 6, 1, 1, 65, 65, 315, 33.16, 35.46, 14, 12, 20, 13, 13, 20, 13, 13, 640, 11000, 9500, 300, 895000, 32030, 'http://tanky/amd-178b'),
(454, 'AMX 13 57 GF', 4, 7, 1, 2, 61, 23, 380, 25.85, 50.06, 12, 6, 50, 20, 15, 40, 20, 20, 890, 16450, 14700, 390, 4500, 0, 'http://tanky/amx-13-57f'),
(455, 'AMX 13 75', 4, 7, 1, 1, 61, 23, 400, 26.32, 43.81, 9, 6, 50, 20, 15, 40, 20, 20, 850, 16350, 15195, 370, 1345000, 107000, 'http://tanky/AMX-13-75'),
(456, 'Hotchkiss EBR', 4, 7, 1, 1, 70, 45, 525, 35, 35.46, 20, 10, 40, 20, 20, 40, 20, 20, 750, 18000, 15000, 310, 1380000, 61800, 'http://tanky/ebr-hotch'),
(457, 'Bat.-Châtillon 12 t', 4, 8, 1, 1, 68, 23, 400, 33.33, 43.81, 13, 6, 40, 20, 20, 25, 25, 25, 1000, 15000, 12000, 380, 2370000, 107000, 'http://tanky/b-c-12-t'),
(458, 'ELC EVEN 90', 4, 8, 1, 2, 70, 20, 160, 23.88, 46.93, 13, 9, 15, 10, 10, 15, 10, 10, 900, 8000, 6700, 380, 5800, 0, 'http://tanky/elc-even-90'),
(459, 'Panhard AML Lynx 6x6', 4, 8, 1, 1, 58, 40, 285, 34.71, 35.46, 15, 8, 13, 13, 13, 16, 13, 13, 920, 9500, 8210, 310, 2350000, 104400, 'http://tanky/lynx-6x6'),
(460, 'AMX 13 90', 4, 9, 1, 1, 64, 23, 470, 31.55, 41.72, 12, 6, 50, 20, 15, 40, 20, 20, 1200, 17840, 14895, 380, 3500000, 189900, 'http://tanky/AMX-13-90'),
(461, 'Panhard EBR 90', 4, 9, 1, 1, 65, 65, 560, 38.62, 35.46, 12, 6, 40, 16, 40, 40, 25, 20, 1150, 15500, 14500, 330, 3400000, 191800, 'http://tanky/EBR-90'),
(462, 'AMX 13 105', 4, 10, 1, 1, 68, 22, 600, 37.5, 41.72, 12, 8, 50, 20, 15, 40, 20, 20, 1400, 18000, 16000, 390, 6100000, 261000, 'http://tanky/AMX-13-105'),
(463, 'Panhard EBR 105', 4, 10, 1, 1, 70, 50, 720, 42.35, 35.46, 15, 7, 40, 16, 40, 15, 10, 10, 1300, 20000, 17000, 340, 6100000, 230000, 'http://tanky/EBR-105'),
(464, 'D2', 4, 3, 2, 1, 23, 12, 190, 9.74, 39.63, 20, 10, 40, 40, 40, 46, 46, 46, 410, 20900, 19540, 320, 42500, 1175, 'http://tanky/D2'),
(465, 'Somua S35', 4, 3, 2, 1, 45, 12, 243, 11.98, 39.63, 25, 11, 47, 40, 35, 40, 40, 60, 445, 23500, 20290, 330, 42000, 1360, 'http://tanky/Somua-S35'),
(466, 'SARL 42', 4, 4, 2, 1, 40, 16, 243, 11.04, 29.2, 18, 10, 40, 30, 30, 40, 30, 30, 540, 24300, 22030, 330, 155000, 3230, 'http://tanky/SARL-42'),
(467, 'Renault G1', 4, 5, 2, 1, 40, 12, 476, 13.7, 31.29, 15, 8, 60, 60, 60, 60, 60, 60, 600, 36000, 34740, 350, 350000, 13550, 'http://tanky/g1-r'),
(468, 'AMX Chasseur de chars', 4, 8, 2, 2, 57, 23, 1269, 37.32, 41.72, 20, 10, 30, 20, 20, 30, 20, 20, 1400, 37800, 34000, 390, 6700, 0, 'http://tanky/AMX-CDC'),
(469, 'Lorraine 40 t', 4, 8, 2, 2, 60, 23, 899, 22.47, 35.46, 15, 8, 40, 30, 25, 45, 30, 20, 1300, 43000, 40000, 380, 9600, 0, 'http://tanky/lorr-40-t'),
(470, 'M4A1 Revalorisé', 4, 8, 2, 2, 40, 16, 550, 15.71, 41.72, 15, 10, 50.8, 38.1, 38.1, 63.5, 63.5, 63.5, 1400, 40200, 35000, 390, 6400, 0, 'http://tanky/m4a1-rev'),
(471, 'AMX 30 1er prototype', 4, 9, 2, 1, 65, 23, 761, 23.42, 37.55, 20, 8, 80, 30, 30, 150, 40, 30, 1650, 37800, 32500, 390, 3550000, 197300, 'http://tanky/AMX-30'),
(472, 'Bat.-Châtillon 25 t AP', 4, 9, 2, 1, 65, 20, 800, 30.16, 45.89, 13, 6, 30, 25, 20, 25, 25, 20, 1600, 32000, 26525, 380, 3450000, 198000, 'http://tanky/b-c-25-t-ap'),
(473, 'AMX 30 B', 4, 10, 2, 1, 65, 23, 761, 21.15, 50.06, 20, 8, 80, 35, 30, 150, 40, 30, 1900, 38000, 36000, 410, 6100000, 180100, 'http://tanky/amx-30-b'),
(474, 'Bat.-Châtillon 25 t', 4, 10, 2, 1, 65, 23, 761, 30.11, 43.81, 11, 6, 60, 40, 30, 50, 30, 15, 1800, 28000, 25280, 400, 6100000, 200000, 'http://tanky/B-C-25-t'),
(475, 'B1', 4, 4, 3, 1, 30, 10, 370, 12.51, 29.2, 18, 13, 60, 60, 55, 46, 46, 46, 660, 39300, 29590, 330, 185000, 4200, 'http://tanky/B1'),
(476, 'BDR G1 B', 4, 5, 3, 1, 30, 10, 476, 12.62, 25.03, 17, 8, 60, 40, 60, 80, 70, 60, 920, 40000, 37700, 320, 400000, 15800, 'http://tanky/BDR-G1-B'),
(477, 'ARL 44', 4, 6, 3, 1, 37, 10, 793, 16.81, 20.86, 15, 10, 120, 60, 40, 110, 30, 30, 920, 50500, 47180, 350, 925000, 33000, 'http://tanky/ARL-44'),
(478, 'AMX M4 mle. 45', 4, 7, 3, 1, 35, 12, 899, 16.26, 25.03, 12, 10, 90, 40, 40, 100, 70, 40, 1350, 60000, 55280, 360, 1395000, 47590, 'http://tanky/AMX-M4-45'),
(479, 'AMX 50 100', 4, 8, 3, 1, 51, 20, 899, 18, 33.38, 13, 9, 90, 35, 30, 90, 30, 30, 1400, 57000, 49930, 380, 2552500, 81000, 'http://tanky/AMX-50-100'),
(480, 'AMX 65 t', 4, 8, 3, 1, 40, 15, 1050, 16.15, 26.07, 13, 8, 100, 80, 60, 250, 80, 60, 1550, 72000, 65000, 370, 2500000, 62500, 'http://tanky/AMX-65-t'),
(481, 'AMX M4 mle. 49 Liberté', 4, 8, 3, 2, 40, 15, 1057, 15.1, 26.07, 20, 10, 190, 55, 40, 250, 120, 60, 1500, 75000, 70000, 370, 10500, 0, 'http://tanky/amx-m4-49-l'),
(482, 'FCM 50 t', 4, 8, 3, 2, 51, 20, 1250, 23.05, 41.72, 17, 10, 120, 80, 80, 120, 80, 60, 1500, 57500, 54240, 400, 10700, 0, 'http://tanky/FCM-50-t'),
(483, 'AMX 50 120', 4, 9, 3, 1, 65, 20, 1057, 17.62, 33.38, 11, 9, 100, 80, 60, 100, 80, 60, 1750, 65000, 60010, 390, 3565000, 185000, 'http://tanky/AMX-50-120'),
(484, 'AMX M4 mle. 51', 4, 9, 3, 1, 40, 15, 1170, 16.03, 29.2, 15, 8, 180, 60, 40, 300, 80, 40, 1900, 78000, 73000, 380, 3580000, 151700, 'http://tanky/AMX-M4-51'),
(485, 'AMX 50 B', 4, 10, 3, 1, 65, 20, 1269, 20.39, 37.55, 12, 10, 170, 30, 30, 100, 50, 30, 2100, 68000, 62210, 400, 6100000, 212100, 'http://tanky/AMX-50-B'),
(486, 'AMX M4 mle. 54', 4, 10, 3, 1, 40, 15, 1350, 16.88, 33.38, 15, 8, 220, 60, 40, 300, 80, 40, 2200, 85000, 80000, 390, 6100000, 182000, 'http://tanky/AMX-M4-54'),
(487, 'Renault FT AC', 4, 2, 4, 1, 21, 8, 48, 10.15, 31.29, 15, 15, 16, 16, 16, 0, 0, 0, 240, 6890, 4686, 300, 3600, 280, 'http://tanky/FT-AC'),
(488, 'FCM 36 Pak 40', 4, 3, 4, 2, 24, 10, 96, 6.93, 38.59, 17, 8, 40, 20, 20, 0, 0, 0, 320, 14600, 13890, 400, 850, 0, 'http://tanky/FCM36Pak40'),
(489, 'Renault UE 57', 4, 3, 4, 1, 36, 12, 51, 18.19, 31.29, 20, 2, 9, 6, 6, 0, 0, 0, 265, 7800, 2790, 320, 42500, 1750, 'http://tanky/UE-57'),
(490, 'Somua SAu 40', 4, 4, 4, 1, 37, 12, 275, 11.08, 31.29, 30, 10, 36, 35, 35, 0, 0, 0, 430, 26000, 24820, 330, 110000, 3100, 'http://tanky/SAu-40'),
(491, 'S35 CA', 4, 5, 4, 1, 37, 12, 275, 13.7, 29.2, 22, 9, 56, 35, 35, 0, 0, 0, 430, 22800, 20070, 340, 403000, 12550, 'http://tanky/s35-ca'),
(492, 'ARL V39', 4, 6, 4, 1, 42, 12, 476, 17.74, 25.03, 18, 6, 60, 40, 60, 0, 0, 0, 680, 28400, 26825, 350, 900000, 20000, 'http://tanky/ARL-V39'),
(493, 'AMX AC mle. 46', 4, 7, 4, 1, 50, 12, 899, 17.8, 27.12, 15, 10, 120, 40, 40, 0, 0, 0, 820, 63000, 50500, 350, 1350000, 58500, 'http://tanky/AMX-AC-46'),
(494, 'AMX AC mle. 48', 4, 8, 4, 1, 50, 13, 899, 17.77, 29.2, 18, 6, 150, 55, 40, 0, 0, 0, 1000, 59300, 50580, 370, 2570000, 70000, 'http://tanky/AMX-AC-48'),
(495, 'AMX Canon d assaut 105', 4, 8, 4, 2, 55, 18, 720, 26.79, 29.2, 20, 8, 100, 40, 30, 0, 0, 0, 1000, 32000, 26880, 360, 9600, 0, 'http://tanky/amx-cda-105'),
(496, 'AMX 50 Foch', 4, 9, 4, 1, 50, 13, 1057, 21.07, 29.2, 18, 6, 180, 70, 40, 0, 0, 0, 1550, 62560, 50180, 380, 3670000, 178250, 'http://tanky/Foch'),
(497, 'AMX 50 Foch (155)', 4, 10, 4, 2, 50, 13, 1057, 18.36, 31.29, 18, 6, 180, 80, 40, 0, 0, 0, 1850, 59560, 57600, 380, 5, 0, 'http://tanky/Foch-155'),
(498, 'AMX 50 Foch B', 4, 10, 4, 1, 50, 13, 1057, 18.82, 31.29, 18, 6, 180, 80, 40, 0, 0, 0, 1850, 59560, 56180, 380, 6100000, 290000, 'http://tanky/Foch-B'),
(499, 'Renault FT 75 BS', 4, 2, 5, 1, 19, 6, 106, 14.48, 14.6, 45, 7, 16, 16, 16, 0, 0, 0, 160, 9300, 7300, 250, 3700, 280, 'http://tanky/FT-BS'),
(500, 'Lorraine 39L AM', 4, 3, 5, 1, 37, 10, 95, 14.11, 22.95, 45, 4, 20, 9, 16, 0, 0, 0, 215, 9000, 6745, 260, 51000, 1450, 'http://tanky/lorr-39l-am'),
(501, 'AMX 105 AM mle. 47', 4, 4, 5, 1, 60, 14, 264, 17.01, 27.12, 45, 0, 30, 20, 15, 0, 0, 0, 260, 18600, 15540, 260, 124000, 3100, 'http://tanky/AMX-105-AM'),
(502, '105 leFH18B2', 4, 5, 5, 2, 28, 10, 325, 9.99, 22.95, 45, 4, 60, 60, 55, 0, 0, 0, 340, 34000, 32490, 390, 1500, 0, 'http://tanky/lefh18b2'),
(503, 'AMX 13 105 AM mle. 50', 4, 5, 5, 1, 60, 14, 296, 18.18, 31.29, 45, 4, 40, 20, 15, 0, 0, 0, 290, 18300, 16280, 265, 410000, 15220, 'http://tanky/amx-13-am'),
(504, 'AMX 13 F3 AM', 4, 6, 5, 1, 60, 14, 296, 17.96, 31.29, 45, 0, 40, 20, 15, 0, 0, 0, 300, 18500, 16480, 270, 935000, 31900, 'http://tanky/AMX-13-F3'),
(505, 'Lorraine 155 mle. 50', 4, 7, 5, 1, 60, 14, 740, 24.69, 31.29, 45, 0, 40, 30, 20, 0, 0, 0, 340, 32000, 29980, 270, 1420000, 60750, 'http://tanky/lorr-155-50'),
(506, 'Lorraine 155 mle. 51', 4, 8, 5, 1, 60, 14, 899, 26.21, 29.2, 45, 0, 40, 30, 25, 0, 0, 0, 390, 36500, 34294, 270, 2550000, 92100, 'http://tanky/Lorr-155-51'),
(507, 'Bat.-Châtillon 155 55', 4, 9, 5, 1, 56.3, 14, 630, 18.35, 25.03, 45, 0, 16, 16, 12, 0, 0, 0, 440, 38000, 34334, 270, 3500000, NULL, 'http://tanky/b-c-155-55'),
(508, 'Bat.-Châtillon 155 58', 4, 10, 5, 1, 62, 14, 761, 21.75, 18.77, 45, 0, 16, 16, 12, 0, 0, 0, 490, 38000, 35000, 280, 6100000, NULL, 'http://tanky/B-C-155-58'),
(509, 'Kolohousenka', 2, 1, 1, 1, 25, 8, 53, 6.67, 41.72, 20, 10, 14, 8, 6, 14, 14, 14, 235, 10000, 7925, 280, 0, 0, 'http://tanky/k-housenka'),
(510, 'LT vz. 35', 2, 2, 1, 1, 34, 15, 143, 13.59, 46.93, 25, 10, 25, 16, 16, 25, 16, 16, 360, 13000, 10500, 320, 3900, 230, 'http://tanky/LT-vz-35'),
(511, 'LT vz. 38', 2, 3, 1, 1, 42, 18, 148, 13.97, 39.63, 25, 5, 25, 15, 15, 50, 30, 25, 390, 13000, 10595, 330, 43500, 1055, 'http://tanky/LT-vz-38'),
(512, 'ST vz. 39', 2, 4, 2, 1, 45, 18, 275, 16.27, 34.42, 25, 10, 32, 25, 20, 60, 40, 30, 540, 20000, 16895, 340, 151000, 4660, 'http://tanky/ST-vz-39'),
(513, 'Škoda T 24', 2, 5, 2, 1, 58, 18, 476, 24.65, 41.72, 20, 10, 50, 30, 30, 50, 30, 30, 590, 23000, 19300, 350, 380000, 12380, 'http://tanky/skoda-t-24'),
(514, 'Škoda T 25', 2, 6, 2, 1, 60, 20, 529, 22.69, 31.29, 20, 10, 50, 35, 35, 50, 35, 35, 820, 27000, 23300, 360, 930000, 27040, 'http://tanky/Skoda-T-25'),
(515, 'Škoda T 40', 2, 6, 2, 2, 50, 20, 740, 18.53, 39.63, 20, 6, 65, 40, 30, 65, 40, 40, 780, 41500, 39950, 370, 3300, 0, 'http://tanky/Skoda-T-40'),
(516, 'Konštrukta T-34/100', 2, 7, 2, 1, 54, 20, 550, 16.17, 39.63, 20, 5, 45, 45, 45, 90, 75, 52, 1100, 37000, 34000, 370, 1430000, 57950, 'http://tanky/t-34100'),
(517, 'TVP VTU Koncept', 2, 8, 2, 1, 50, 20, 740, 20.31, 45.89, 20, 6, 65, 40, 30, 65, 40, 40, 1450, 41500, 36442, 380, 2410000, 118000, 'http://tanky/TVP-VTU'),
(518, 'Škoda T 27', 2, 8, 2, 2, 50, 20, 900, 22.5, 45.89, 20, 8, 65, 40, 40, 100, 100, 100, 1350, 43000, 40000, 380, 8700, 0, 'http://tanky/Skoda-T-27'),
(519, 'Škoda T 50', 2, 9, 2, 1, 50, 20, 1057, 27.53, 43.81, 20, 8, 65, 40, 40, 120, 80, 60, 1650, 43000, 38400, 400, 3460000, 156150, 'http://tanky/Skoda-T-50'),
(520, 'TVP T 50/51', 2, 10, 2, 1, 60, 20, 1057, 26.43, 56.32, 20, 8, 65, 40, 30, 120, 80, 60, 1800, 43000, 40000, 410, 6100000, 208000, 'http://tanky/tvp-t-5051'),
(521, 'Strv fm/21', 10, 1, 1, 1, 25, 14, 80, 8.87, 36.5, 15, 10, 14, 14, 14, 14, 14, 14, 280, 10000, 9015, 290, 0, 0, 'http://tanky/strv-fm21'),
(522, 'L-60', 10, 2, 1, 2, 48, 20, 170, 23.29, 46.93, 30, 10, 13, 13, 7, 13, 13, 13, 360, 8000, 7300, 280, 500, 0, 'http://tanky/L-60'),
(523, 'Strv m/38', 10, 2, 1, 1, 45, 18, 180, 19.68, 43.81, 25, 15, 13, 13, 13, 15, 13, 13, 340, 10000, 9148, 300, 3900, 275, 'http://tanky/strv-m38'),
(524, 'Strv m/40L', 10, 3, 1, 1, 45, 18, 220, 21.69, 46.93, 25, 15, 48, 13, 13, 50, 20, 35, 410, 12000, 10142, 320, 38500, 1065, 'http://tanky/Strv-m40L'),
(525, 'Lago', 10, 4, 2, 1, 45, 18, 400, 21.53, 39.63, 25, 10, 34, 34, 24, 34, 28, 20, 540, 21000, 18575, 330, 140000, 3690, 'http://tanky/Lago'),
(526, 'Strv m/42', 10, 5, 2, 1, 45, 20, 460, 20.45, 46.93, 25, 15, 55, 30, 20, 55, 30, 20, 590, 25000, 22491, 350, 386000, 13740, 'http://tanky/strv-m42'),
(527, 'Strv 74', 10, 6, 2, 1, 45, 18, 420, 16.15, 35.46, 15, 15, 55, 30, 20, 20, 20, 20, 840, 29000, 26000, 360, 910000, 28300, 'http://tanky/Strv-74'),
(528, 'Strv m/42-57 Alt A.2', 10, 6, 2, 2, 45, 20, 359, 14.04, 39.63, 12, 6, 55, 30, 20, 40, 20, 20, 780, 29000, 25600, 350, 3300, 0, 'http://tanky/strv-m42-57'),
(529, 'Leo', 10, 7, 2, 1, 60, 20, 500, 19.75, 39.63, 15, 10, 70, 30, 20, 70, 30, 20, 1100, 28000, 25311, 370, 1410000, 60380, 'http://tanky/leo'),
(530, 'Strv 81', 10, 8, 2, 2, 50, 20, 900, 17.72, 37.55, 18, 10, 76.2, 50.8, 38.1, 254, 88.9, 88.9, 1450, 53000, 50803, 400, 8700, 0, 'http://tanky/Strv-81'),
(531, 'UDES 14 Alt 5', 10, 8, 2, 1, 55, 20, 550, 25, 41.72, 26, 12, 35, 35, 10, 66, 30, 20, 1400, 24000, 22000, 390, 2510000, 93550, 'http://tanky/udes-14-5'),
(532, 'UDES 16', 10, 9, 2, 1, 50, 20, 590, 21.07, 47.98, 22, 12, 45, 40, 20, 70, 40, 20, 1650, 33000, 28000, 390, 3480000, 150350, 'http://tanky/UDES-16'),
(533, 'UDES 15/16', 10, 10, 2, 1, 50, 24, 610, 19.06, 52.15, 27, 13, 50, 50, 30, 100, 40, 20, 1950, 35000, 32000, 390, 6100000, 213760, 'http://tanky/UDES-1516'),
(534, 'Emil I', 10, 8, 3, 1, 50, 16, 380, 13.19, 27.12, 15, 12, 100, 35, 30, 180, 35, 20, 1400, 32000, 28800, 360, 2540000, 95400, 'http://tanky/Emil-I'),
(535, 'Emil II', 10, 9, 3, 1, 56, 18, 550, 14.91, 31.29, 8, 12, 80, 60, 30, 215, 60, 30, 1700, 40000, 36900, 380, 3550000, 167500, 'http://tanky/Emil-II'),
(536, 'Kranvagn', 10, 10, 3, 1, 60, 18, 810, 18.08, 31.29, 10, 12, 90, 70, 37, 225, 70, 37, 2000, 48000, 44800, 390, 6100000, 238000, 'http://tanky/Kranvagn'),
(537, 'Pvlvv fm/42', 10, 2, 4, 1, 50, 20, 80, 16.49, 36.5, 30, 7, 10, 8, 8, 10, 8, 5, 220, 6000, 4850, 280, 3800, 275, 'http://tanky/pvlvv-fm42'),
(538, 'Ikv 72', 10, 3, 4, 1, 57, 20, 130, 16.1, 41.72, 20, 12, 18.5, 7, 12, 0, 0, 0, 265, 10000, 8075, 300, 40800, 1180, 'http://tanky/Ikv-72'),
(539, 'Sav m/43', 10, 4, 4, 1, 43, 20, 170, 13.67, 33.38, 20, 14, 50, 15, 15, 0, 0, 0, 415, 14000, 12435, 310, 135500, 3170, 'http://tanky/Sav-m43'),
(540, 'Ikv 103', 10, 5, 4, 1, 60, 20, 140, 15.91, 33.38, 20, 12, 18.5, 7, 12, 0, 0, 0, 460, 10000, 8800, 340, 394000, 10830, 'http://tanky/Ikv-103'),
(541, 'Ikv 65 Alt II', 10, 6, 4, 1, 60, 20, 227, 20.67, 33.38, 12, 10, 15, 10, 10, 0, 0, 0, 650, 14000, 11000, 330, 933000, 30620, 'http://tanky/Ikv-65-II'),
(542, 'Ikv 90 Typ B', 10, 7, 4, 1, 65, 20, 270, 20.05, 31.29, 12, 10, 15, 12, 12, 0, 0, 0, 800, 16000, 13465, 340, 1420000, 61420, 'http://tanky/ikv-90-b'),
(543, 'Strv S1', 10, 8, 4, 2, 50, 45, 540, 16.36, 27.12, 1, 1, 30, 30, 30, 0, 0, 0, 1000, 35000, 33000, 350, 9800, 0, 'http://tanky/Strv-S1'),
(544, 'UDES 03', 10, 8, 4, 1, 70, 50, 540, 25.89, 29.2, 20, 0, 20, 20, 20, 0, 0, 0, 1000, 24000, 20860, 350, 2620000, 104500, 'http://tanky/UDES-03'),
(545, 'Strv 103-0', 10, 9, 4, 1, 50, 45, 634, 17.15, 41.72, 1, 1, 40, 30, 30, 0, 0, 0, 1500, 40000, 37000, 360, 3600000, 154900, 'http://tanky/Strv-103-0'),
(546, 'Strv 103B', 10, 10, 4, 1, 50, 45, 860, 21.34, 36.5, 1, 1, 40, 30, 30, 0, 0, 0, 1800, 43000, 40300, 360, 6100000, 240800, 'http://tanky/Strv-103B'),
(547, '4TP', 8, 1, 1, 1, 35, 12, 85, 17.56, 46.93, 15, 8, 11, 8, 6, 10, 8, 6, 235, 6500, 4840, 280, 0, 0, 'http://tanky/4TP'),
(548, '7TP', 8, 2, 1, 1, 35, 18, 140, 13.92, 46.93, 20, 12, 17, 13, 10, 18, 16, 15, 380, 10800, 10060, 300, 3950, 235, 'http://tanky/7TP'),
(549, '10TP', 8, 3, 1, 1, 50, 20, 220, 17.49, 46.93, 20, 12, 20, 20, 20, 18, 16, 16, 410, 14000, 12580, 310, 37000, 950, 'http://tanky/10TP'),
(550, '14TP', 8, 4, 1, 1, 50, 20, 280, 19.18, 52.15, 20, 8, 30, 25, 25, 30, 27, 25, 550, 15300, 14600, 330, 134000, 3250, 'http://tanky/14TP'),
(551, '25TP KSUST II', 8, 5, 2, 1, 56, 20, 500, 18.92, 43.81, 10, 10, 45, 40, 35, 80, 50, 45, 590, 27500, 26430, 350, 372000, 11930, 'http://tanky/25TP'),
(552, '40TP Habicha', 8, 6, 2, 1, 50, 18, 450, 11.2, 41.72, 15, 8, 90, 40, 35, 130, 60, 40, 840, 41350, 40180, 360, 925000, 23930, 'http://tanky/40TP'),
(553, 'Pudel', 8, 6, 2, 2, 55, 20, 740, 16.73, 31.29, 18, 8, 85, 50, 40, 100, 45, 45, 940, 48000, 44235, 370, 3200, 0, 'http://tanky/Pudel'),
(554, '45TP Habicha', 8, 7, 3, 1, 35, 14, 750, 16.84, 36.5, 20, 8, 100, 50, 40, 170, 100, 70, 1200, 47400, 44540, 350, 1450000, 43550, 'http://tanky/45TP'),
(555, '50TP prototyp', 8, 8, 3, 2, 35, 14, 750, 14.33, 39.63, 20, 10, 170, 90, 80, 210, 150, 100, 1500, 59900, 52345, 380, 9600, 0, 'http://tanky/50tp-pr'),
(556, '53TP Markowskiego', 8, 8, 3, 1, 40, 16, 800, 13.95, 33.38, 20, 8, 110, 80, 50, 210, 140, 90, 1450, 60000, 57356, 370, 2600000, 84200, 'http://tanky/53TP'),
(557, '50TP Tyszkiewicza', 8, 9, 3, 1, 35, 14, 650, 13, 27.12, 20, 8, 120, 90, 60, 230, 160, 100, 2000, 53000, 49990, 380, 3500000, 106700, 'http://tanky/50TP'),
(558, '60TP Lewandowskiego', 8, 10, 3, 1, 35, 14, 780, 12.97, 25.03, 20, 8, 160, 100, 90, 260, 150, 100, 2600, 65000, 60130, 390, 6100000, 186860, 'http://tanky/60TP'),
(559, 'Fiat 3000', 5, 1, 1, 1, 21, 8, 63, 10.68, 52.15, 20, 10, 16, 16, 16, 16, 16, 16, 255, 6500, 5900, 280, 0, 0, 'http://tanky/Fiat-3000'),
(560, 'L6/40', 5, 2, 1, 1, 42.3, 15, 108, 15.61, 58.41, 20, 12, 30, 15, 15, 30, 15, 15, 340, 7500, 6920, 320, 3800, 270, 'http://tanky/L640'),
(561, 'M15/42', 5, 3, 2, 1, 40, 15, 250, 15.97, 43.81, 20, 10, 45, 25, 25, 42, 25, 25, 465, 17000, 15650, 320, 45400, 1230, 'http://tanky/M1542'),
(562, 'P26/40', 5, 4, 2, 1, 40, 15, 400, 15.79, 47.98, 23, 10, 50, 40, 40, 50, 40, 40, 540, 28000, 25338, 330, 148000, 4160, 'http://tanky/P2640'),
(563, 'P.43', 5, 5, 2, 1, 42, 18, 430, 14.32, 50.06, 20, 10, 80, 50, 50, 80, 50, 50, 600, 32000, 30038, 350, 375000, 11850, 'http://tanky/P43'),
(564, 'P.43 bis', 5, 6, 2, 1, 50, 20, 520, 15.66, 43.81, 20, 7, 80, 50, 50, 80, 50, 50, 830, 36000, 33200, 360, 905000, 25510, 'http://tanky/P43-bis'),
(565, 'P.44 Pantera', 5, 8, 2, 1, 60, 20, 1000, 22.22, 56.31, 20, -8, 80, 50, 50, 120, 60, 60, 1400, 48000, 45000, 380, 2530000, 100750, 'http://tanky/p44-pantera'),
(566, 'Progetto M35 mod. 46', 5, 8, 2, 2, 55, 20, 652, 18.63, 47.97, 20, -9, 60, 30, 20, 80, 60, 25, 1400, 40000, 35000, 390, 11000, 0, 'http://tanky/Progetto-46'),
(567, 'Prototipo Standard B', 5, 9, 2, 1, 65, 23, 750, 21.75, 56.31, 20, -10, 50, 25, 15, 60, 55, 55, 1700, 39000, 34500, 390, 3500000, 149200, 'http://tanky/Standard-B'),
(568, 'Progetto M40 mod. 65', 5, 10, 2, 1, 65, 23, 750, 18.75, 56.31, 20, -9, 50, 40, 25, 120, 40, 30, 1900, 43000, 40000, 400, 6100000, 197000, 'http://tanky/Progetto-65'),
(569, 'Object 277', 9, 10, 3, 1, 55, 15, 950, 17.27, 33.38, 15.5, 5.5, 140, 112, 50, 290, 224, 80, 2200, 60000, 55000, 400, 6100000, 220800, 'http://tanky/Obj-277'),
(570, 'Achilles', 1, 6, 4, 1, 48, 13, 500, 17.68, 35.46, 20, 5, 38.1, 0, 19.1, 57.2, 25.4, 25.4, 720, 32500, 28287, 370, 930000, 29700, 'http://tanky/Achilles'),
(571, 'M54 Renegade', 11, 8, 3, 2, 45, 17, 800, 16.15, 36.5, 20, 10, 152.4, 76.2, 38.1, 250, 140, 40, 1500, 55000, 49539, 400, 9000, 0, 'http://tanky/Renegade'),
(572, 'E 75 TS', 7, 8, 3, 2, 45, 18, 1280, 16, 27.12, 15, 8, 120, 80, 80, 230, 120, 80, 1500, 85000, 80000, 390, 9400, 0, 'http://tanky/e-75-ts'),
(573, 'AE Phase I', 11, 9, 3, 2, 35, 12, 900, 16.07, 31.29, 15, 10, 120.7, 88.9, 38.1, 292.1, 101.6, 50.8, 1800, 60000, 56000, 390, 17500, 0, 'http://tanky/ae-phase-i'),
(574, 'IS-2 shielded', 9, 7, 3, 2, 30, 14, 600, 12.91, 33.38, 25, 6, 100, 90, 60, 100, 90, 90, 1230, 48400, 46465, 340, 5400, 0, 'http://tanky/is-2s'),
(575, 'Object 703 Version II', 9, 8, 3, 2, 38, 15, 720, 12, 27.11, 18, -5, 140, 100, 60, 220, 120, 90, 1500, 65000, 60000, 350, 11500, 0, 'http://tanky/703-ii-122'),
(576, 'DS PZInz', 8, 5, 2, 1, 56, 15, 585, 18.61, 40.68, 15, 8, 50, 40, 30, 50, 30, 30, 590, 33000, 31430, 350, 365000, 13230, 'http://tanky/ds-pzinz'),
(577, 'B.U.G.I.', 8, 6, 2, 1, 55, 11, 700, 17.74, 35.46, 20, 8, 55, 40, 40, 100, 60, 40, 840, 41350, 39450, 360, 915000, 22680, 'http://tanky/bugi'),
(578, 'CS-44', 8, 7, 2, 1, 57, 15, 550, 18.3, 37.55, 15, 6, 140, 50, 30, 150, 80, 50, 1100, 31500, 30050, 370, 1410000, 46700, 'http://tanky/cs-44'),
(579, 'CS-53', 8, 8, 2, 1, 50, 17, 710, 17.81, 45.89, 15, 8, 80, 60, 40, 130, 60, 40, 1300, 41000, 39875, 380, 2550000, 93450, 'http://tanky/cs-53'),
(580, 'CS-59', 8, 9, 2, 1, 50, 18, 700, 17.99, 46.93, 20, 9, 110, 45, 40, 130, 55, 40, 1800, 40000, 38900, 390, 3470000, 119600, 'http://tanky/cs-59'),
(581, 'CS-63', 8, 10, 2, 1, 55, 15, 740, 18.12, 50.06, 20, 8, 80, 50, 40, 260, 60, 40, 2000, 42500, 40850, 400, 6100000, 186500, 'http://tanky/cs-63'),
(582, 'Bat.-Châtillon Bourrasque', 4, 8, 2, 2, 62, 23, 310, 25.77, 41.72, 13, 6, 40, 20, 20, 15, 10, 10, 1250, 15000, 12030, 390, 7600, 0, 'http://tanky/bourrasque'),
(583, 'IS-2-II', 9, 8, 3, 1, 34, 12, 750, 14.72, 31.29, 20, -7, 110, 90, 60, 235, 140, 120, 1500, 55500, 51000, 350, 2480000, 51300, 'http://tanky/is-2-ii'),
(584, 'IS-3-II', 9, 9, 3, 1, 38, 15, 780, 14.06, 29.2, 20, -8, 145, 90, 60, 280, 150, 130, 1800, 58000, 55500, 380, 3570000, 165400, 'http://tanky/is-3-ii'),
(585, 'ST-II', 9, 10, 3, 1, 40, 13, 840, 12.12, 27.12, 20, -8, 150, 140, 100, 300, 160, 160, 2500, 71500, 69300, 390, 6100000, 217000, 'http://tanky/st-ii'),
(586, 'T26E3 Eagle 7', 11, 7, 2, 2, 48, 20, 500, 12.69, 38.59, 20, 10, 101.6, 76.2, 50.8, 101.6, 76.2, 76.2, 1200, 43000, 39400, 380, 6000, 0, 'http://tanky/eagle-7'),
(587, 'Sherman VC Firefly', 1, 6, 2, 2, 40.2, 18, 425, 12.8, 44.85, 20, 6, 50.8, 38.1, 38.1, 76.2, 50.8, 50.8, 840, 36000, 33200, 370, 2800, 0, 'http://tanky/firefly-vc'),
(588, 'Carro d\'assalto P.88', 5, 7, 3, 1, 35, 12, 650, 14.38, 26.07, 20, 8, 100, 60, 20, 100, 70, 70, 1250, 37900, 45200, 350, 1480000, 57750, 'http://tanky/carro-p88'),
(589, 'Progetto CC55 mod. 54', 5, 8, 3, 1, 45, 12, 850, 17.71, 29.2, 20, 9, 100, 70, 40, 180, 100, 100, 1450, 50000, 48000, 370, 2600000, 87200, 'http://tanky/progetto-54'),
(590, 'Progetto C50 mod. 66', 5, 9, 3, 1, 45, 12, 690, 13.79, 29.2, 20, 9, 130, 70, 40, 195, 105, 105, 1850, 52000, 50033, 390, 3600000, 150190, 'http://tanky/progetto-66'),
(591, 'Rinoceronte', 5, 10, 3, 1, 40, 12, 700, 15.65, 29.2, 15, 10, 135, 75, 40, 190, 120, 120, 2000, 46500, 44717, 390, 6100000, 209860, 'http://tanky/rinoceronte'),
(592, '122 TM', 3, 8, 2, 2, 50, 15, 580, 15.47, 41.72, 15, 8, 120, 80, 50, 280, 140, 70, 1400, 39000, 37498, 370, 8450, 0, 'http://tanky/122-tm'),
(593, 'M-IV-Y', 11, 8, 3, 2, 45, 18, 850, 18.09, 36.5, 20, 10, 177.8, 76.2, 50.8, 279.4, 241.3, 38.1, 1500, 50000, 47000, 380, 9500, 0, 'http://tanky/m-iv-y'),
(594, 'Caliban', 1, 8, 3, 2, 33, 12, 750, 18.44, 31.29, 12, 10, 130, 35, 35, 250, 80, 50, 1500, 43000, 40700, 370, 9450, 0, 'http://tanky/caliban'),
(595, 'Bofors Tornvagn', 10, 8, 3, 2, 32, 12, 500, 11.63, 22.95, 20, 10, 260, 50, 40, 280, 90, 75, 1600, 45000, 43000, 360, 9650, 0, 'http://tanky/tornvagn'),
(596, 'CS-52 LIS', 8, 8, 2, 2, 50, 20, 720, 19.69, 41.72, 17, 7, 80, 75, 45, 190, 110, 90, 1300, 38000, 36575, 380, 6700, 0, 'http://tanky/cs-52-lis'),
(597, 'GSOR 1008', 1, 8, 4, 2, 60, 17, 640, 14.66, 29.2, 10, 11, 98.9, 50.8, 38.1, 152.4, 50.8, 38.1, 1200, 45500, 43650, 370, 9000, 0, 'http://tanky/gsor-1008'),
(598, 'Škoda T 56', 2, 8, 3, 2, 35, 15, 650, 13.54, 27.12, 15, 8, 100, 70, 70, 220, 95, 70, 1500, 50000, 48000, 370, 10550, 0, 'http://tanky/skoda-t-56'),
(599, 'WZ-114', 3, 9, 3, 2, 33, 10, 850, 12.14, 25.03, 20, 10, 140, 60, 60, 300, 175, 95, 2300, 72000, 70000, 390, 13100, 0, 'http://tanky/wz-114'),
(600, 'Strv K', 10, 9, 3, 2, 40, 18, 670, 16.37, 31.29, 18, 10, 90, 70, 37, 254, 88.9, 88.9, 1850, 48000, 40933, 400, 12700, 0, 'http://tanky/strv-k'),
(601, 'Pawlack Tank', 11, 6, 3, 1, 45, 14, 650, 17.57, 33.38, 15, 5, 127, 63.5, 38.1, 139.7, 76.2, 38.1, 950, 40000, 37000, 360, 905000, 28550, 'http://tanky/pawlack-tank'),
(602, 'M-II-Y', 11, 7, 3, 1, 40, 15, 600, 13.95, 29.2, 20, 10, 165.1, 76.2, 38.1, 228.6, 76.2, 38.1, 1250, 45000, 43000, 370, 1440000, 43350, 'http://tanky/m-ii-y'),
(603, 'M-III-Y', 11, 8, 3, 1, 40, 15, 675, 15, 29.2, 20, 10, 177.8, 88.9, 38.1, 279.4, 88.9, 38.1, 1450, 50000, 45000, 390, 2600000, 89800, 'http://tanky/m-iii-y'),
(604, 'M-VI-Y', 11, 9, 3, 1, 40, 15, 780, 16.78, 29.2, 20, 10, 165.1, 88.9, 38.1, 330.2, 101.6, 50.8, 1800, 50, 46487, 390, 3620000, 163300, 'http://tanky/m-vi-y'),
(605, 'M-V-Y', 11, 10, 3, 1, 40, 15, 750, 18.44, 31.29, 18, 10, 177.8, 88.9, 38.1, 355.6, 101.6, 50.8, 2200, 45000, 40673, 400, 6100000, 194000, 'http://tanky/m-v-y'),
(613, 'FV1066 Senlac', 1, 8, 1, 2, 65, 23, 710, 35.15, 45, 14, 10, 22, 20, 11, 32, 20, 15, 1050, 22000, 20200, 410, 5800, 0, 'http://tanky/senlac'),
(659, 'Semovente M41', 5, 5, 4, 1, 35, 15, 250, NULL, 42, 23, 8, 50, 25, 25, 0, 0, 0, 460, 14500, 13518, 350, 370000, 8855, 'http://tanky/semovente-m41'),
(660, 'Semovente M43 Bassotto', 5, 6, 4, 1, 35, 15, 300, NULL, 46, 15, 10, 75, 45, 35, 0, 0, 0, 600, 17000, 15700, 360, 890000, 28500, 'http://tanky/bassotto'),
(670, 'SMV CC-56', 5, 7, 4, 1, 31, 10, 650, NULL, 25, 20, 10, 220, 60, 40, 260, 60, 40, 1200, 50000, 47500, 350, 1370000, 46300, 'http://tanky/smv-cc-56'),
(672, 'SMV CC-67', 5, 8, 4, 1, 35, 16, 700, NULL, 27, 20, 10, 260, 60, 40, 260, 60, 40, 1300, 50000, 47119, 360, 2530000, 73900, 'http://tanky/smv-cc-67'),
(673, 'Controcarro 1 Mk. 2', 5, 9, 4, 1, 30, 10, 700, NULL, 22, 20, 10, 290, 70, 40, 290, 70, 40, 1900, 56000, 53425, 380, 3550000, 154100, 'http://tanky/cc-1-mk-2'),
(674, 'Controcarro 3 Minotauro', 5, 10, 4, 1, 30, 12, 700, NULL, 24, 20, 10, 300, 75, 40, 300, 75, 50, 2100, 61000, 57495, 390, 6100000, 197400, 'http://tanky/minotauro'),
(675, 'P.43 ter', 5, 7, 2, 1, 55, 20, 700, NULL, 44, 20, 7, 100, 50, 50, 100, 50, 50, 1100, 39000, 36000, 380, 1440000, 58370, 'http://tanky/p43-ter'),
(676, 'Object 780', 9, 10, 3, 2, 45, 15, 870, NULL, 34, 15, 7, 100, 100, 50, 300, 200, 60, 2200, 55000, 49800, 410, 22500, 0, 'http://tanky/obj-780');

-- --------------------------------------------------------

--
-- Struktura tabulky `tank_has_gun`
--

DROP TABLE IF EXISTS `tank_has_gun`;
CREATE TABLE IF NOT EXISTS `tank_has_gun` (
  `Tank_ID` int(11) NOT NULL,
  `Gun_idGun` int(11) NOT NULL,
  `Zamereni` float NOT NULL,
  `Presnost` varchar(45) NOT NULL,
  `Autoloader` tinyint(4) NOT NULL,
  `PocetRan` int(11) DEFAULT NULL,
  `MeziNabijeni` float DEFAULT NULL,
  PRIMARY KEY (`Tank_ID`,`Gun_idGun`),
  KEY `fk_Tank_has_Gun_Gun1_idx` (`Gun_idGun`),
  KEY `fk_Tank_has_Gun_Tank_idx` (`Tank_ID`)
) ENGINE=InnoDB DEFAULT CHARSET=utf8;

--
-- Vypisuji data pro tabulku `tank_has_gun`
--

INSERT INTO `tank_has_gun` (`Tank_ID`, `Gun_idGun`, `Zamereni`, `Presnost`, `Autoloader`, `PocetRan`, `MeziNabijeni`) VALUES
(1, 1, 1.7, '0.46', 0, NULL, NULL),
(1, 2, 1.8, '0.53', 1, 12, 0.25),
(2, 3, 1.7, '0.48', 0, NULL, NULL),
(2, 4, 1.7, '0.41', 0, NULL, NULL),
(2, 5, 1.6, '0.45', 1, 10, 0.13),
(3, 6, 1.71, '0.40', 0, NULL, NULL),
(4, 2, 1.5, '0.51', 1, 12, 0.25),
(4, 7, 1.7, '0.59', 1, 10, 0.21),
(4, 8, 1.6, '0.57', 1, 10, 0.13),
(5, 5, 1.6, '0.45', 1, 10, 0.13),
(5, 7, 1.7, '0.59', 1, 10, 0.21),
(5, 8, 1.6, '0.57', 1, 10, 0.13),
(5, 9, 1.6, '0.38', 0, NULL, NULL),
(6, 7, 1.4, '0.57', 1, 10, 0.21),
(7, 10, 2.01, '0.41', 0, NULL, NULL),
(8, 4, 1.7, '0.41', 0, NULL, NULL),
(8, 5, 1.4, '0.45', 1, 10, 0.13),
(8, 11, 1.9, '0.39', 0, NULL, NULL),
(9, 5, 1.5, '0.45', 1, 10, 0.17),
(9, 8, 1.5, '0.57', 1, 10, 0.17),
(9, 12, 1.4, '0.45', 1, 40, 0.17),
(10, 5, 1.5, '0.45', 1, 10, 0.13),
(10, 8, 1.5, '0.57', 1, 10, 0.13),
(10, 13, 2.3, '0.50', 1, 6, 0.17),
(11, 8, 1.4, '0.57', 1, 10, 0.13),
(12, 1, 1.63, '0.44', 0, NULL, NULL),
(12, 5, 1.34, '0.43', 1, 10, 0.13),
(12, 8, 1.34, '0.55', 1, 10, 0.13),
(12, 14, 2.21, '0.46', 0, NULL, NULL),
(13, 4, 1.71, '0.41', 0, NULL, NULL),
(14, 1, 1.7, '0.46', 0, NULL, NULL),
(14, 5, 1.4, '0.45', 1, 10, 0.13),
(14, 8, 1.4, '0.57', 1, 10, 0.13),
(14, 13, 2.2, '0.50', 1, 10, 0.17),
(14, 14, 2.3, '0.48', 0, NULL, NULL),
(14, 15, 2.3, '0.40', 0, NULL, NULL),
(15, 4, 1.7, '0.41', 0, NULL, NULL),
(15, 5, 1.3, '0.45', 1, 10, 0.13),
(15, 11, 1.3, '0.37', 0, NULL, NULL),
(15, 15, 2.3, '0.40', 0, NULL, NULL),
(16, 16, 1.7, '0.46', 1, 12, 0.14),
(16, 17, 1.7, '0.39', 0, NULL, NULL),
(17, 17, 1.63, '0.37', 0, NULL, NULL),
(17, 18, 1.82, '0.36', 0, NULL, NULL),
(18, 19, 2.4, '0.36', 0, NULL, NULL),
(18, 20, 2.11, '0.35', 0, NULL, NULL),
(19, 21, 1.92, '0.35', 0, NULL, NULL),
(20, 22, 1.73, '0.36', 0, NULL, NULL),
(21, 23, 1.92, '0.35', 0, NULL, NULL),
(22, 24, 1.53, '0.35', 0, NULL, NULL),
(23, 25, 2.11, '0.53', 0, NULL, NULL),
(24, 14, 1.82, '0.44', 0, NULL, NULL),
(24, 25, 1.82, '0.48', 0, NULL, NULL),
(25, 26, 1.14, '0.39', 0, NULL, NULL),
(26, 1, 1.63, '0.44', 0, NULL, NULL),
(26, 5, 1.34, '0.43', 1, 10, 0.13),
(26, 14, 2.21, '0.46', 0, NULL, NULL),
(26, 15, 2.21, '0.38', 0, NULL, NULL),
(26, 25, 2.21, '0.53', 0, NULL, NULL),
(27, 14, 1.92, '0.44', 0, NULL, NULL),
(27, 15, 1.82, '0.36', 0, NULL, NULL),
(27, 25, 1.82, '0.48', 0, NULL, NULL),
(27, 27, 2.4, '0.38', 0, NULL, NULL),
(28, 14, 2.21, '0.46', 0, NULL, NULL),
(28, 15, 2.21, '0.38', 0, NULL, NULL),
(28, 25, 2.21, '0.53', 0, NULL, NULL),
(29, 27, 2.21, '0.38', 0, NULL, NULL),
(30, 27, 2.21, '0.39', 0, NULL, NULL),
(30, 28, 2.21, '0.37', 0, NULL, NULL),
(31, 27, 2.21, '0.39', 0, NULL, NULL),
(31, 28, 2.21, '0.37', 0, NULL, NULL),
(31, 29, 2.21, '0.53', 0, NULL, NULL),
(32, 28, 2.21, '0.37', 0, NULL, NULL),
(33, 30, 2.4, '0.39', 0, NULL, NULL),
(34, 28, 1.92, '0.35', 0, NULL, NULL),
(35, 28, 1.92, '0.35', 0, NULL, NULL),
(36, 31, 2.11, '0.37', 0, NULL, NULL),
(37, 32, 2.21, '0.31', 0, NULL, NULL),
(38, 28, 1.92, '0.35', 0, NULL, NULL),
(39, 28, 2.21, '0.37', 0, NULL, NULL),
(39, 33, 2.21, '0.34', 0, NULL, NULL),
(40, 28, 2.21, '0.37', 0, NULL, NULL),
(40, 29, 2.21, '0.53', 0, NULL, NULL),
(40, 33, 2.21, '0.34', 0, NULL, NULL),
(40, 34, 2.21, '0.36', 0, NULL, NULL),
(41, 28, 2.21, '0.37', 0, NULL, NULL),
(41, 33, 2.21, '0.34', 0, NULL, NULL),
(42, 29, 2.21, '0.53', 0, NULL, NULL),
(42, 33, 2.21, '0.34', 0, NULL, NULL),
(42, 35, 2.21, '0.31', 0, NULL, NULL),
(43, 33, 2.21, '0.31', 0, NULL, NULL),
(44, 28, 2.21, '0.37', 0, NULL, NULL),
(44, 29, 2.21, '0.53', 0, NULL, NULL),
(44, 33, 2.21, '0.34', 0, NULL, NULL),
(44, 34, 2.21, '0.36', 0, NULL, NULL),
(45, 34, 2.21, '0.36', 0, NULL, NULL),
(45, 36, 2.4, '0.33', 0, NULL, NULL),
(45, 37, 1.92, '0.31', 0, NULL, NULL),
(46, 29, 2.01, '0.53', 0, NULL, NULL),
(46, 33, 2.01, '0.34', 0, NULL, NULL),
(46, 35, 2.01, '0.31', 0, NULL, NULL),
(46, 36, 2.59, '0.33', 0, NULL, NULL),
(46, 38, 2.11, '0.29', 0, NULL, NULL),
(47, 39, 2.4, '0.31', 0, NULL, NULL),
(48, 37, 2.21, '0.33', 0, NULL, NULL),
(49, 33, 2.01, '0.34', 0, NULL, NULL),
(49, 35, 2.01, '0.31', 0, NULL, NULL),
(49, 36, 2.59, '0.33', 0, NULL, NULL),
(49, 38, 1.92, '0.28', 0, NULL, NULL),
(49, 40, 2.01, '0.29', 0, NULL, NULL),
(50, 37, 2.21, '0.31', 0, NULL, NULL),
(50, 41, 1.92, '0.30', 0, NULL, NULL),
(51, 42, 1.92, '0.32', 0, NULL, NULL),
(52, 43, 2.01, '0.29', 0, NULL, NULL),
(53, 44, 1.63, '0.28', 0, NULL, NULL),
(54, 15, 2.11, '0.37', 0, NULL, NULL),
(54, 25, 2.21, '0.53', 0, NULL, NULL),
(55, 26, 1.14, '0.39', 0, NULL, NULL),
(56, 15, 2.21, '0.38', 0, NULL, NULL),
(56, 25, 2.21, '0.53', 0, NULL, NULL),
(56, 27, 2.21, '0.39', 0, NULL, NULL),
(56, 28, 2.21, '0.37', 0, NULL, NULL),
(56, 29, 2.21, '0.53', 0, NULL, NULL),
(56, 33, 2.4, '0.34', 0, NULL, NULL),
(56, 45, 2.4, '0.33', 0, NULL, NULL),
(57, 29, 2.21, '0.53', 0, NULL, NULL),
(57, 33, 2.21, '0.34', 0, NULL, NULL),
(57, 34, 2.21, '0.35', 0, NULL, NULL),
(57, 45, 2.21, '0.33', 0, NULL, NULL),
(58, 29, 2.21, '0.53', 0, NULL, NULL),
(58, 33, 2.21, '0.34', 0, NULL, NULL),
(58, 34, 2.21, '0.36', 0, NULL, NULL),
(58, 36, 2.78, '0.33', 0, NULL, NULL),
(59, 29, 2.21, '0.53', 0, NULL, NULL),
(59, 33, 2.21, '0.34', 0, NULL, NULL),
(59, 34, 2.21, '0.36', 0, NULL, NULL),
(59, 39, 2.4, '0.33', 0, NULL, NULL),
(60, 36, 2.11, '0.32', 0, NULL, NULL),
(61, 46, 2.74, '0.32', 0, NULL, NULL),
(62, 39, 2.21, '0.33', 0, NULL, NULL),
(62, 47, 2.21, '0.34', 0, NULL, NULL),
(62, 48, 2.4, '0.30', 0, NULL, NULL),
(63, 49, 2.01, '0.35', 0, NULL, NULL),
(63, 50, 2.59, '0.38', 0, NULL, NULL),
(64, 51, 2.59, '0.38', 0, NULL, NULL),
(65, 34, 2.21, '0.36', 0, NULL, NULL),
(65, 36, 2.78, '0.33', 0, NULL, NULL),
(65, 49, 2.21, '0.35', 0, NULL, NULL),
(66, 39, 2.78, '0.33', 0, NULL, NULL),
(66, 47, 2.21, '0.35', 0, NULL, NULL),
(66, 48, 2.21, '0.33', 0, NULL, NULL),
(66, 52, 2.3, '0.35', 0, NULL, NULL),
(67, 50, 2.59, '0.38', 0, NULL, NULL),
(67, 53, 2.21, '0.36', 0, NULL, NULL),
(68, 36, 2.78, '0.33', 0, NULL, NULL),
(68, 49, 2.21, '0.35', 0, NULL, NULL),
(68, 53, 2.49, '0.35', 0, NULL, NULL),
(68, 54, 2.21, '0.33', 0, NULL, NULL),
(69, 52, 2.4, '0.37', 0, NULL, NULL),
(69, 55, 2.59, '0.38', 0, NULL, NULL),
(70, 53, 2.01, '0.35', 0, NULL, NULL),
(71, 56, 2.49, '0.35', 0, NULL, NULL),
(72, 55, 2.78, '0.38', 0, NULL, NULL),
(73, 57, 1.63, '0.37', 0, NULL, NULL),
(73, 58, 1.63, '0.34', 0, NULL, NULL),
(74, 59, 2.59, '0.42', 0, NULL, NULL),
(74, 60, 2.4, '0.38', 0, NULL, NULL),
(75, 61, 1.63, '0.37', 0, NULL, NULL),
(75, 62, 1.63, '0.35', 0, NULL, NULL),
(75, 63, 1.63, '0.51', 0, NULL, NULL),
(76, 59, 1.9, '0.42', 0, NULL, NULL),
(76, 60, 1.7, '0.38', 0, NULL, NULL),
(76, 64, 1.7, '0.35', 0, NULL, NULL),
(77, 61, 1.73, '0.37', 0, NULL, NULL),
(77, 62, 1.63, '0.35', 0, NULL, NULL),
(77, 63, 1.92, '0.53', 0, NULL, NULL),
(77, 65, 1.63, '0.53', 0, NULL, NULL),
(78, 66, 1.63, '0.34', 0, NULL, NULL),
(78, 67, 1.82, '0.34', 0, NULL, NULL),
(78, 68, 2.01, '0.31', 0, NULL, NULL),
(79, 61, 1.63, '0.37', 0, NULL, NULL),
(79, 62, 1.63, '0.35', 0, NULL, NULL),
(79, 63, 1.63, '0.51', 0, NULL, NULL),
(79, 69, 1.63, '0.32', 0, NULL, NULL),
(80, 70, 1.53, '0.34', 0, NULL, NULL),
(81, 71, 2.21, '0.35', 0, NULL, NULL),
(82, 62, 1.63, '0.35', 0, NULL, NULL),
(82, 69, 1.63, '0.32', 0, NULL, NULL),
(82, 72, 1.63, '0.34', 0, NULL, NULL),
(83, 69, 1.63, '0.32', 0, NULL, NULL),
(83, 72, 1.63, '0.34', 0, NULL, NULL),
(83, 73, 1.82, '0.31', 0, NULL, NULL),
(84, 69, 1.44, '0.29', 0, NULL, NULL),
(85, 69, 1.63, '0.32', 0, NULL, NULL),
(85, 72, 1.63, '0.34', 0, NULL, NULL),
(85, 73, 2.21, '0.31', 0, NULL, NULL),
(85, 74, 1.63, '0.33', 0, NULL, NULL),
(86, 73, 1.82, '0.32', 0, NULL, NULL),
(87, 71, 2.21, '0.35', 0, NULL, NULL),
(87, 75, 2.4, '0.35', 0, NULL, NULL),
(88, 76, 1.73, '0.30', 0, NULL, NULL),
(89, 73, 2.21, '0.31', 0, NULL, NULL),
(89, 74, 1.63, '0.33', 0, NULL, NULL),
(89, 77, 2.21, '0.34', 0, NULL, NULL),
(90, 73, 2.21, '0.31', 0, NULL, NULL),
(90, 74, 1.63, '0.33', 0, NULL, NULL),
(90, 77, 2.21, '0.34', 0, NULL, NULL),
(91, 23, 1.73, '0.31', 0, NULL, NULL),
(92, 78, 2.01, '0.29', 0, NULL, NULL),
(93, 79, 2.21, '0.34', 0, NULL, NULL),
(93, 80, 2.59, '0.38', 0, NULL, NULL),
(94, 77, 2.21, '0.34', 0, NULL, NULL),
(94, 81, 2.21, '0.32', 0, NULL, NULL),
(95, 79, 2.01, '0.34', 0, NULL, NULL),
(95, 80, 2.4, '0.38', 0, NULL, NULL),
(95, 82, 2.01, '0.32', 0, NULL, NULL),
(95, 83, 2.4, '0.36', 0, NULL, NULL),
(96, 84, 1.44, '0.26', 0, NULL, NULL),
(97, 85, 2.59, '0.34', 0, NULL, NULL),
(98, 86, 6.23, '0.81', 0, NULL, NULL),
(99, 87, 6.23, '0.82', 0, NULL, NULL),
(100, 86, 5.75, '0.77', 0, NULL, NULL),
(100, 88, 5.75, '0.73', 0, NULL, NULL),
(101, 86, 5.27, '0.73', 0, NULL, NULL),
(101, 88, 5.27, '0.69', 0, NULL, NULL),
(102, 87, 6.23, '0.81', 0, NULL, NULL),
(103, 87, 6.23, '0.81', 0, NULL, NULL),
(103, 89, 5.75, '0.75', 0, NULL, NULL),
(104, 89, 4.7, '0.67', 0, NULL, NULL),
(104, 90, 5.94, '0.65', 0, NULL, NULL),
(105, 90, 5.47, '0.65', 0, NULL, NULL),
(105, 91, 4.89, '0.61', 0, NULL, NULL),
(106, 92, 4.6, '0.64', 0, NULL, NULL),
(106, 93, 4.99, '0.76', 0, NULL, NULL),
(107, 92, 4.6, '0.62', 0, NULL, NULL),
(107, 93, 4.99, '0.74', 0, NULL, NULL),
(108, 94, 4.6, '0.73', 0, NULL, NULL),
(109, 95, 2.5, '0.54', 0, NULL, NULL),
(109, 96, 2.5, '0.46', 0, NULL, NULL),
(110, 97, 2.21, '0.44', 0, NULL, NULL),
(110, 98, 1.63, '0.51', 1, 20, 0.1),
(110, 99, 2.21, '0.42', 0, NULL, NULL),
(111, 97, 2.21, '0.44', 0, NULL, NULL),
(111, 99, 2.21, '0.44', 0, NULL, NULL),
(111, 100, 2.21, '0.37', 0, NULL, NULL),
(112, 101, 2.4, '0.40', 0, NULL, NULL),
(113, 98, 1.7, '0.53', 1, 20, 0.1),
(113, 100, 2.5, '0.39', 0, NULL, NULL),
(113, 102, 1.5, '0.57', 1, 50, 0.1),
(114, 103, 2.19, '0.38', 0, NULL, NULL),
(115, 99, 1.63, '0.40', 0, NULL, NULL),
(115, 100, 1.63, '0.35', 0, NULL, NULL),
(116, 104, 2.3, '0.58', 0, NULL, NULL),
(117, 101, 1.64, '0.39', 0, NULL, NULL),
(118, 101, 2.1, '0.46', 0, NULL, NULL),
(119, 105, 1.82, '0.44', 0, NULL, NULL),
(120, 101, 1.97, '0.42', 0, NULL, NULL),
(121, 99, 2.21, '0.44', 0, NULL, NULL),
(121, 100, 2.21, '0.37', 0, NULL, NULL),
(121, 106, 2.21, '0.35', 0, NULL, NULL),
(121, 107, 2.21, '0.43', 1, 5, 0.35),
(121, 108, 2.78, '0.55', 0, NULL, NULL),
(122, 99, 2.1, '0.46', 0, NULL, NULL),
(122, 100, 2.1, '0.39', 0, NULL, NULL),
(122, 106, 2.3, '0.37', 0, NULL, NULL),
(123, 99, 1.82, '0.40', 0, NULL, NULL),
(123, 100, 1.82, '0.37', 0, NULL, NULL),
(123, 106, 1.63, '0.35', 0, NULL, NULL),
(123, 107, 2.21, '0.43', 1, 5, 0.33),
(123, 109, 2.21, '0.41', 0, NULL, NULL),
(124, 101, 1.71, '0.41', 0, NULL, NULL),
(125, 99, 2.21, '0.44', 0, NULL, NULL),
(125, 106, 1.82, '0.35', 0, NULL, NULL),
(125, 107, 2.21, '0.43', 1, 5, 0.33),
(125, 110, 1.63, '0.33', 0, NULL, NULL),
(126, 111, 2.21, '0.40', 0, NULL, NULL),
(126, 112, 1.92, '0.38', 0, NULL, NULL),
(127, 112, 1.92, '0.35', 0, NULL, NULL),
(127, 113, 2.21, '0.35', 0, NULL, NULL),
(127, 114, 2.21, '0.40', 0, NULL, NULL),
(128, 99, 2.21, '0.44', 0, NULL, NULL),
(129, 115, 2.4, '0.40', 0, NULL, NULL),
(129, 116, 2.21, '0.38', 0, NULL, NULL),
(130, 116, 2.01, '0.35', 0, NULL, NULL),
(130, 117, 2.01, '0.35', 0, NULL, NULL),
(131, 118, 2.21, '0.40', 0, NULL, NULL),
(131, 119, 2.11, '0.40', 0, NULL, NULL),
(132, 120, 1.92, '0.44', 0, NULL, NULL),
(133, 121, 2.21, '0.53', 0, NULL, NULL),
(134, 122, 2.29, '0.44', 0, NULL, NULL),
(135, 104, 2.21, '0.58', 0, NULL, NULL),
(135, 108, 2.78, '0.55', 0, NULL, NULL),
(135, 123, 2.21, '0.43', 0, NULL, NULL),
(135, 124, 2.78, '0.49', 0, NULL, NULL),
(135, 125, 2.21, '0.33', 0, NULL, NULL),
(136, 126, 3.07, '0.41', 0, NULL, NULL),
(137, 127, 1.64, '0.39', 0, NULL, NULL),
(138, 109, 2.9, '0.51', 0, NULL, NULL),
(138, 125, 2.3, '0.34', 0, NULL, NULL),
(138, 128, 2.3, '0.46', 0, NULL, NULL),
(138, 129, 2.9, '0.41', 0, NULL, NULL),
(139, 130, 2.3, '0.43', 0, NULL, NULL),
(140, 125, 1.82, '0.33', 0, NULL, NULL),
(140, 128, 1.82, '0.44', 0, NULL, NULL),
(140, 129, 1.82, '0.39', 0, NULL, NULL),
(141, 129, 2.21, '0.39', 0, NULL, NULL),
(141, 131, 2.21, '0.40', 0, NULL, NULL),
(141, 132, 2.21, '0.35', 0, NULL, NULL),
(141, 133, 2.78, '0.55', 0, NULL, NULL),
(142, 131, 2.11, '0.35', 0, NULL, NULL),
(143, 131, 2.11, '0.35', 0, NULL, NULL),
(144, 125, 1.82, '0.33', 0, NULL, NULL),
(144, 128, 1.82, '0.44', 0, NULL, NULL),
(144, 129, 1.82, '0.39', 0, NULL, NULL),
(144, 134, 3.26, '0.43', 0, NULL, NULL),
(145, 129, 2.78, '0.39', 0, NULL, NULL),
(145, 132, 2.21, '0.35', 0, NULL, NULL),
(145, 133, 2.78, '0.55', 0, NULL, NULL),
(145, 135, 2.21, '0.44', 0, NULL, NULL),
(145, 136, 2.78, '0.44', 0, NULL, NULL),
(146, 131, 2.21, '0.40', 0, NULL, NULL),
(146, 132, 2.21, '0.35', 0, NULL, NULL),
(146, 133, 2.78, '0.55', 0, NULL, NULL),
(147, 137, 2.21, '0.37', 0, NULL, NULL),
(147, 138, 2.21, '0.35', 0, NULL, NULL),
(148, 139, 2.4, '0.32', 0, NULL, NULL),
(149, 131, 2.78, '0.40', 0, NULL, NULL),
(149, 132, 2.78, '0.35', 0, NULL, NULL),
(149, 137, 2.78, '0.40', 0, NULL, NULL),
(149, 140, 2.01, '0.34', 0, NULL, NULL),
(149, 141, 3.07, '0.40', 0, NULL, NULL),
(150, 140, 1.92, '0.34', 0, NULL, NULL),
(151, 142, 2.11, '0.35', 0, NULL, NULL),
(152, 143, 2.4, '0.40', 0, NULL, NULL),
(153, 138, 2.21, '0.35', 0, NULL, NULL),
(153, 144, 1.92, '0.34', 0, NULL, NULL),
(154, 140, 2.21, '0.34', 0, NULL, NULL),
(154, 145, 2.78, '0.37', 0, NULL, NULL),
(154, 146, 1.92, '0.32', 0, NULL, NULL),
(154, 147, 2.4, '0.37', 0, NULL, NULL),
(155, 148, 1.63, '0.32', 0, NULL, NULL),
(156, 149, 2.01, '0.34', 0, NULL, NULL),
(157, 150, 2.21, '0.38', 0, NULL, NULL),
(158, 151, 1.92, '0.35', 0, NULL, NULL),
(159, 151, 2.01, '0.36', 0, NULL, NULL),
(160, 149, 1.92, '0.33', 0, NULL, NULL),
(161, 152, 2.19, '0.42', 0, NULL, NULL),
(162, 126, 2.78, '0.40', 0, NULL, NULL),
(162, 133, 2.78, '0.55', 0, NULL, NULL),
(162, 135, 2.21, '0.44', 0, NULL, NULL),
(162, 153, 2.21, '0.33', 0, NULL, NULL),
(163, 135, 2.21, '0.36', 0, NULL, NULL),
(163, 154, 2.4, '0.36', 0, NULL, NULL),
(163, 155, 2.78, '0.46', 0, NULL, NULL),
(164, 135, 2.19, '0.44', 0, NULL, NULL),
(165, 135, 2.19, '0.44', 0, NULL, NULL),
(166, 133, 2.78, '0.55', 0, NULL, NULL),
(166, 134, 3.26, '0.43', 0, NULL, NULL),
(166, 156, 3.64, '0.58', 0, NULL, NULL),
(167, 156, 3.64, '0.58', 0, NULL, NULL),
(168, 136, 2.59, '0.36', 0, NULL, NULL),
(168, 157, 2.59, '0.36', 0, NULL, NULL),
(168, 158, 3.45, '0.48', 0, NULL, NULL),
(169, 133, 2.78, '0.55', 0, NULL, NULL),
(169, 134, 3.26, '0.43', 0, NULL, NULL),
(169, 135, 2.21, '0.44', 0, NULL, NULL),
(169, 153, 2.21, '0.33', 0, NULL, NULL),
(169, 159, 2.78, '0.40', 0, NULL, NULL),
(170, 132, 2.78, '0.35', 0, NULL, NULL),
(170, 136, 2.78, '0.44', 0, NULL, NULL),
(170, 137, 2.59, '0.36', 0, NULL, NULL),
(170, 158, 3.26, '0.44', 0, NULL, NULL),
(170, 160, 3.26, '0.44', 0, NULL, NULL),
(171, 160, 3.07, '0.44', 0, NULL, NULL),
(172, 126, 3.26, '0.40', 0, NULL, NULL),
(172, 134, 3.26, '0.43', 0, NULL, NULL),
(172, 137, 2.78, '0.40', 0, NULL, NULL),
(172, 158, 3.26, '0.44', 0, NULL, NULL),
(172, 159, 3.26, '0.40', 0, NULL, NULL),
(172, 160, 2.97, '0.42', 0, NULL, NULL),
(173, 137, 2.78, '0.40', 0, NULL, NULL),
(173, 158, 3.26, '0.44', 0, NULL, NULL),
(173, 160, 3.26, '0.44', 0, NULL, NULL),
(173, 161, 3.26, '0.38', 0, NULL, NULL),
(174, 162, 2.88, '0.44', 1, 3, 3),
(175, 162, 3.07, '0.44', 0, NULL, NULL),
(176, 163, 2.68, '0.42', 0, NULL, NULL),
(177, 160, 3.26, '0.42', 0, NULL, NULL),
(177, 164, 2.88, '0.40', 0, NULL, NULL),
(178, 134, 2.78, '0.43', 0, NULL, NULL),
(178, 139, 2.88, '0.42', 0, NULL, NULL),
(178, 158, 3.26, '0.44', 0, NULL, NULL),
(178, 165, 2.21, '0.35', 0, NULL, NULL),
(179, 166, 2.78, '0.36', 0, NULL, NULL),
(180, 167, 2.21, '0.38', 0, NULL, NULL),
(181, 168, 3.07, '0.42', 0, NULL, NULL),
(182, 168, 3.07, '0.42', 0, NULL, NULL),
(183, 161, 2.88, '0.36', 0, NULL, NULL),
(183, 169, 2.78, '0.38', 0, NULL, NULL),
(184, 164, 2.88, '0.38', 0, NULL, NULL),
(184, 169, 2.88, '0.38', 0, NULL, NULL),
(184, 170, 2.88, '0.42', 0, NULL, NULL),
(185, 139, 2.88, '0.42', 0, NULL, NULL),
(185, 161, 3.26, '0.38', 0, NULL, NULL),
(185, 171, 3.26, '0.38', 0, NULL, NULL),
(186, 160, 2.78, '0.44', 0, NULL, NULL),
(186, 161, 2.78, '0.38', 0, NULL, NULL),
(186, 171, 2.68, '0.36', 0, NULL, NULL),
(187, 139, 2.78, '0.42', 0, NULL, NULL),
(187, 171, 2.4, '0.40', 0, NULL, NULL),
(188, 170, 2.78, '0.38', 0, NULL, NULL),
(189, 172, 2.11, '0.34', 0, NULL, NULL),
(190, 173, 2.21, '0.35', 0, NULL, NULL),
(191, 174, 2.68, '0.42', 0, NULL, NULL),
(192, 175, 1.63, '0.41', 0, NULL, NULL),
(192, 176, 2.78, '0.53', 0, NULL, NULL),
(192, 177, 2.21, '0.41', 0, NULL, NULL),
(193, 177, 1.63, '0.39', 0, NULL, NULL),
(193, 178, 2.21, '0.41', 0, NULL, NULL),
(193, 179, 1.63, '0.33', 0, NULL, NULL),
(194, 178, 2.21, '0.41', 0, NULL, NULL),
(194, 179, 1.63, '0.33', 0, NULL, NULL),
(194, 180, 2.21, '0.40', 0, NULL, NULL),
(194, 181, 2.21, '0.36', 0, NULL, NULL),
(195, 182, 2.21, '0.37', 0, NULL, NULL),
(195, 183, 2.21, '0.41', 0, NULL, NULL),
(195, 184, 2.21, '0.53', 0, NULL, NULL),
(195, 185, 2.21, '0.33', 0, NULL, NULL),
(196, 180, 2.21, '0.40', 0, NULL, NULL),
(197, 183, 2.21, '0.41', 0, NULL, NULL),
(197, 185, 2.21, '0.33', 0, NULL, NULL),
(197, 186, 2.21, '0.38', 0, NULL, NULL),
(197, 187, 2.78, '0.41', 0, NULL, NULL),
(198, 188, 2.78, '0.36', 0, NULL, NULL),
(199, 189, 2.78, '0.39', 0, NULL, NULL),
(200, 190, 2.21, '0.40', 0, NULL, NULL),
(200, 191, 2.21, '0.39', 0, NULL, NULL),
(201, 192, 2.78, '0.39', 0, NULL, NULL),
(202, 189, 2.78, '0.39', 0, NULL, NULL),
(202, 193, 3.26, '0.48', 0, NULL, NULL),
(202, 194, 2.78, '0.41', 0, NULL, NULL),
(203, 195, 3.26, '0.46', 0, NULL, NULL),
(203, 196, 2.78, '0.36', 0, NULL, NULL),
(203, 197, 3.26, '0.39', 0, NULL, NULL),
(204, 166, 2.4, '0.35', 0, NULL, NULL),
(205, 190, 2.21, '0.38', 0, NULL, NULL),
(205, 198, 2.21, '0.37', 0, NULL, NULL),
(205, 199, 2.4, '0.42', 0, NULL, NULL),
(205, 200, 2.4, '0.40', 0, NULL, NULL),
(206, 201, 2.21, '0.34', 0, NULL, NULL),
(207, 197, 2.88, '0.38', 0, NULL, NULL),
(207, 202, 2.59, '0.44', 0, NULL, NULL),
(207, 203, 2.78, '0.37', 0, NULL, NULL),
(208, 200, 2.01, '0.40', 0, NULL, NULL),
(208, 204, 2.01, '0.41', 0, NULL, NULL),
(209, 205, 2.4, '0.31', 0, NULL, NULL),
(210, 206, 2.59, '0.32', 0, NULL, NULL),
(211, 207, 2.4, '0.40', 0, NULL, NULL),
(212, 208, 4.5, '0.76', 0, NULL, NULL),
(213, 208, 4.31, '0.72', 0, NULL, NULL),
(213, 209, 4.31, '0.70', 0, NULL, NULL),
(213, 210, 3.84, '0.63', 0, NULL, NULL),
(214, 209, 4.31, '0.70', 0, NULL, NULL),
(214, 210, 4.31, '0.68', 0, NULL, NULL),
(214, 211, 6.23, '0.81', 0, NULL, NULL),
(214, 212, 6.23, '0.84', 0, NULL, NULL),
(215, 213, 6.71, '0.82', 0, NULL, NULL),
(215, 214, 6.71, '0.81', 0, NULL, NULL),
(216, 215, 5.27, '0.73', 0, NULL, NULL),
(216, 216, 5.47, '0.72', 0, NULL, NULL),
(217, 217, 5.18, '0.66', 0, NULL, NULL),
(217, 218, 6.04, '0.80', 0, NULL, NULL),
(218, 216, 5.27, '0.67', 0, NULL, NULL),
(218, 217, 5.08, '0.66', 0, NULL, NULL),
(218, 218, 6.33, '0.79', 0, NULL, NULL),
(219, 217, 4.31, '0.63', 0, NULL, NULL),
(219, 218, 5.37, '0.74', 0, NULL, NULL),
(220, 217, 4.31, '0.62', 0, NULL, NULL),
(220, 218, 4.99, '0.72', 0, NULL, NULL),
(221, 219, 4.31, '0.57', 0, NULL, NULL),
(222, 220, 2.5, '0.54', 0, NULL, NULL),
(222, 221, 2.5, '0.51', 1, 5, 0.5),
(223, 222, 1.63, '0.55', 1, 40, 0.11),
(223, 223, 1.63, '0.48', 1, 15, 0.1),
(223, 224, 2.01, '0.44', 0, NULL, NULL),
(224, 225, 1.9, '0.51', 1, 5, 0.5),
(225, 223, 1.71, '0.50', 1, 15, 0.1),
(226, 222, 1.7, '0.53', 1, 50, 0.11),
(227, 226, 1.64, '0.39', 0, NULL, NULL),
(228, 223, 1.53, '0.48', 1, 15, 0.1),
(228, 224, 1.63, '0.44', 0, NULL, NULL),
(228, 226, 1.63, '0.39', 0, NULL, NULL),
(229, 227, 1.44, '0.40', 1, 2, 0.5),
(230, 226, 1.63, '0.40', 0, NULL, NULL),
(230, 228, 1.63, '0.40', 1, 5, 0.67),
(231, 229, 1.92, '0.40', 0, NULL, NULL),
(231, 230, 1.53, '0.42', 0, NULL, NULL),
(232, 231, 1.82, '0.42', 0, NULL, NULL),
(232, 232, 2.21, '0.41', 0, NULL, NULL),
(232, 233, 1.82, '0.36', 0, NULL, NULL),
(233, 234, 1.82, '0.38', 0, NULL, NULL),
(233, 235, 1.63, '0.43', 0, NULL, NULL),
(234, 236, 2.21, '0.39', 0, NULL, NULL),
(234, 237, 1.82, '0.35', 0, NULL, NULL),
(235, 237, 1.92, '0.36', 0, NULL, NULL),
(235, 238, 1.82, '0.36', 0, NULL, NULL),
(236, 237, 2.01, '0.38', 1, 6, 2),
(236, 238, 2.01, '0.37', 1, 6, 2),
(237, 239, 1.82, '0.38', 0, NULL, NULL),
(237, 240, 1.82, '0.36', 0, NULL, NULL),
(238, 241, 1.73, '0.36', 0, NULL, NULL),
(239, 242, 2.21, '0.38', 0, NULL, NULL),
(239, 243, 3.45, '0.55', 0, NULL, NULL),
(240, 243, 3.16, '0.49', 0, NULL, NULL),
(240, 244, 1.63, '0.38', 0, NULL, NULL),
(241, 223, 1.63, '0.48', 1, 15, 0.1),
(241, 224, 1.63, '0.44', 0, NULL, NULL),
(241, 245, 1.63, '0.45', 1, 5, 0.5),
(242, 224, 2.01, '0.44', 0, NULL, NULL),
(242, 226, 1.63, '0.40', 0, NULL, NULL),
(242, 246, 2.21, '0.53', 0, NULL, NULL),
(243, 247, 1.73, '0.45', 0, NULL, NULL),
(243, 248, 2.01, '0.39', 0, NULL, NULL),
(244, 248, 2.01, '0.42', 0, NULL, NULL),
(245, 248, 2.01, '0.44', 0, NULL, NULL),
(245, 249, 2.4, '0.53', 0, NULL, NULL),
(245, 250, 2.21, '0.41', 0, NULL, NULL),
(246, 248, 1.98, '0.44', 0, NULL, NULL),
(247, 251, 2.2, '0.41', 0, NULL, NULL),
(248, 248, 2.01, '0.44', 0, NULL, NULL),
(248, 249, 2.21, '0.53', 0, NULL, NULL),
(248, 250, 2.21, '0.41', 0, NULL, NULL),
(248, 252, 2.21, '0.38', 0, NULL, NULL),
(249, 252, 2.21, '0.38', 0, NULL, NULL),
(250, 248, 2.01, '0.44', 0, NULL, NULL),
(250, 249, 2.21, '0.53', 0, NULL, NULL),
(250, 250, 2.21, '0.41', 0, NULL, NULL),
(250, 252, 2.21, '0.38', 0, NULL, NULL),
(251, 252, 2.01, '0.36', 0, NULL, NULL),
(252, 249, 2.21, '0.53', 0, NULL, NULL),
(252, 250, 2.21, '0.41', 0, NULL, NULL),
(252, 252, 2.21, '0.38', 0, NULL, NULL),
(252, 253, 2.21, '0.36', 0, NULL, NULL),
(253, 250, 2.11, '0.35', 0, NULL, NULL),
(254, 249, 2.21, '0.53', 0, NULL, NULL),
(254, 250, 2.21, '0.41', 0, NULL, NULL),
(254, 252, 2.21, '0.38', 0, NULL, NULL),
(254, 253, 2.21, '0.36', 0, NULL, NULL),
(254, 254, 2.21, '0.35', 0, NULL, NULL),
(255, 255, 2.11, '0.36', 0, NULL, NULL),
(256, 256, 1.92, '0.35', 0, NULL, NULL),
(257, 257, 2.21, '0.36', 0, NULL, NULL),
(258, 258, 2.21, '0.36', 1, 5, 1.82),
(258, 259, 2.78, '0.36', 1, 4, 2),
(259, 260, 1.92, '0.35', 0, NULL, NULL),
(260, 249, 1.92, '0.53', 0, NULL, NULL),
(260, 253, 1.92, '0.36', 0, NULL, NULL),
(260, 254, 1.92, '0.35', 0, NULL, NULL),
(260, 261, 1.92, '0.36', 0, NULL, NULL),
(260, 262, 1.92, '0.37', 0, NULL, NULL),
(261, 259, 2.49, '0.36', 1, 5, 2),
(261, 263, 2.78, '0.38', 1, 4, 2.22),
(262, 264, 1.82, '0.35', 0, NULL, NULL),
(263, 264, 1.53, '0.32', 0, NULL, NULL),
(264, 265, 1.92, '0.36', 0, NULL, NULL),
(265, 250, 2.21, '0.41', 0, NULL, NULL),
(265, 266, 2.21, '0.44', 0, NULL, NULL),
(266, 248, 1.98, '0.44', 0, NULL, NULL),
(267, 250, 2.21, '0.41', 0, NULL, NULL),
(267, 252, 2.21, '0.38', 0, NULL, NULL),
(267, 253, 2.21, '0.36', 0, NULL, NULL),
(267, 266, 2.21, '0.44', 0, NULL, NULL),
(268, 252, 2.21, '0.38', 0, NULL, NULL),
(268, 253, 2.21, '0.36', 0, NULL, NULL),
(268, 267, 2.21, '0.40', 0, NULL, NULL),
(269, 268, 1.82, '0.35', 0, NULL, NULL),
(270, 269, 2.01, '0.38', 0, NULL, NULL),
(271, 270, 2.21, '0.36', 0, NULL, NULL),
(272, 271, 2.21, '0.36', 0, NULL, NULL),
(272, 272, 2.01, '0.38', 0, NULL, NULL),
(273, 273, 3.07, '0.34', 0, NULL, NULL),
(274, 272, 2.01, '0.37', 0, NULL, NULL),
(274, 274, 2.4, '0.38', 0, NULL, NULL),
(274, 275, 2.21, '0.35', 0, NULL, NULL),
(275, 275, 1.92, '0.34', 0, NULL, NULL),
(276, 276, 2.78, '0.34', 1, 4, 2),
(277, 277, 1.5, '0.40', 0, NULL, NULL),
(277, 278, 3, '0.53', 0, NULL, NULL),
(277, 279, 1.7, '0.38', 0, NULL, NULL),
(278, 280, 2.15, '0.41', 0, NULL, NULL),
(278, 281, 1.96, '0.39', 0, NULL, NULL),
(279, 280, 1.63, '0.41', 0, NULL, NULL),
(279, 281, 1.63, '0.37', 0, NULL, NULL),
(279, 282, 1.82, '0.51', 0, NULL, NULL),
(279, 283, 1.63, '0.41', 0, NULL, NULL),
(280, 278, 1.63, '0.51', 0, NULL, NULL),
(280, 281, 1.63, '0.37', 0, NULL, NULL),
(280, 284, 1.63, '0.41', 0, NULL, NULL),
(280, 285, 1.63, '0.53', 0, NULL, NULL),
(280, 286, 1.63, '0.39', 0, NULL, NULL),
(281, 280, 1.63, '0.41', 0, NULL, NULL),
(281, 286, 1.63, '0.39', 0, NULL, NULL),
(281, 287, 1.63, '0.36', 0, NULL, NULL),
(281, 288, 1.63, '0.51', 0, NULL, NULL),
(282, 280, 1.82, '0.41', 0, NULL, NULL),
(282, 281, 1.82, '0.37', 0, NULL, NULL),
(282, 286, 1.82, '0.39', 0, NULL, NULL),
(283, 280, 1.63, '0.39', 0, NULL, NULL),
(283, 286, 1.63, '0.37', 0, NULL, NULL),
(283, 287, 1.63, '0.34', 0, NULL, NULL),
(283, 289, 1.63, '0.34', 0, NULL, NULL),
(284, 287, 1.63, '0.34', 0, NULL, NULL),
(284, 289, 1.63, '0.34', 0, NULL, NULL),
(285, 290, 1.82, '0.32', 0, NULL, NULL),
(286, 289, 1.63, '0.34', 0, NULL, NULL),
(286, 291, 1.63, '0.34', 0, NULL, NULL),
(286, 292, 1.63, '0.36', 0, NULL, NULL),
(287, 289, 1.63, '0.35', 0, NULL, NULL),
(287, 291, 1.63, '0.35', 0, NULL, NULL),
(288, 293, 2.21, '0.38', 0, NULL, NULL),
(289, 291, 1.63, '0.34', 0, NULL, NULL),
(289, 292, 1.63, '0.36', 0, NULL, NULL),
(289, 294, 2.01, '0.36', 0, NULL, NULL),
(290, 291, 1.63, '0.35', 0, NULL, NULL),
(290, 292, 1.63, '0.37', 0, NULL, NULL),
(290, 294, 2.01, '0.36', 0, NULL, NULL),
(291, 292, 1.63, '0.37', 0, NULL, NULL),
(291, 294, 2.21, '0.37', 0, NULL, NULL),
(291, 295, 2.78, '0.35', 0, NULL, NULL),
(292, 292, 1.63, '0.36', 0, NULL, NULL),
(292, 294, 2.01, '0.36', 0, NULL, NULL),
(292, 295, 2.4, '0.36', 0, NULL, NULL),
(293, 296, 2.4, '0.35', 0, NULL, NULL),
(294, 296, 2.78, '0.35', 0, NULL, NULL),
(295, 297, 5.38, '0.78', 0, NULL, NULL),
(296, 298, 5.27, '0.81', 0, NULL, NULL),
(296, 299, 5.27, '0.79', 0, NULL, NULL),
(297, 300, 4.6, '0.65', 0, NULL, NULL),
(298, 298, 5.27, '0.79', 0, NULL, NULL),
(298, 301, 4.79, '0.77', 0, NULL, NULL),
(299, 298, 5.19, '0.78', 0, NULL, NULL),
(299, 301, 4.89, '0.76', 0, NULL, NULL),
(300, 302, 6.71, '0.79', 0, NULL, NULL),
(301, 302, 4.99, '0.71', 0, NULL, NULL),
(301, 303, 5.18, '0.69', 0, NULL, NULL),
(302, 304, 5.47, '0.66', 0, NULL, NULL),
(302, 305, 5.27, '0.64', 0, NULL, NULL),
(303, 305, 4.41, '0.62', 0, NULL, NULL),
(303, 306, 5.08, '0.74', 0, NULL, NULL),
(304, 307, 4.31, '0.60', 0, NULL, NULL),
(304, 308, 4.99, '0.72', 0, NULL, NULL),
(305, 241, 1.73, '0.36', 0, NULL, NULL),
(306, 309, 2.4, '0.46', 0, NULL, NULL),
(306, 310, 2.4, '0.50', 1, 4, 0.63),
(307, 279, 2.01, '0.38', 0, NULL, NULL),
(307, 311, 1.63, '0.51', 1, 40, 0.14),
(307, 312, 2.21, '0.43', 1, 4, 0.5),
(308, 311, 1.44, '0.50', 1, 40, 0.14),
(309, 222, 1.63, '0.55', 1, 40, 0.11),
(309, 224, 2.01, '0.45', 0, NULL, NULL),
(310, 309, 1.63, '0.38', 0, NULL, NULL),
(310, 312, 2.3, '0.43', 1, 4, 0.63),
(311, 279, 1.63, '0.35', 0, NULL, NULL),
(311, 312, 1.82, '0.41', 1, 4, 0.5),
(311, 313, 1.82, '0.41', 1, 4, 0.5),
(312, 224, 1.63, '0.44', 0, NULL, NULL),
(312, 226, 1.63, '0.39', 0, NULL, NULL),
(312, 279, 1.92, '0.38', 0, NULL, NULL),
(313, 312, 1.63, '0.39', 1, 4, 0.5),
(313, 313, 1.82, '0.39', 1, 4, 0.4),
(313, 314, 1.63, '0.35', 0, NULL, NULL),
(313, 315, 2.21, '0.47', 0, NULL, NULL),
(314, 314, 1.7, '0.38', 0, NULL, NULL),
(314, 316, 2.7, '0.45', 0, NULL, NULL),
(314, 317, 2.7, '0.43', 0, NULL, NULL),
(315, 318, 1.82, '0.38', 0, NULL, NULL),
(315, 319, 1.92, '0.36', 0, NULL, NULL),
(315, 320, 1.73, '0.36', 0, NULL, NULL),
(316, 320, 2.01, '0.35', 0, NULL, NULL),
(316, 321, 2.11, '0.35', 0, NULL, NULL),
(317, 321, 1.92, '0.35', 0, NULL, NULL),
(317, 322, 1.82, '0.35', 0, NULL, NULL),
(318, 323, 1.9, '0.38', 0, NULL, NULL),
(319, 324, 2.78, '0.43', 0, NULL, NULL),
(319, 325, 2.21, '0.50', 0, NULL, NULL),
(320, 325, 1.82, '0.50', 0, NULL, NULL),
(320, 326, 2.21, '0.41', 0, NULL, NULL),
(320, 327, 2.21, '0.45', 0, NULL, NULL),
(321, 279, 1.63, '0.35', 0, NULL, NULL),
(321, 326, 1.63, '0.39', 0, NULL, NULL),
(321, 327, 1.63, '0.42', 0, NULL, NULL),
(322, 328, 2.59, '0.35', 0, NULL, NULL),
(323, 232, 2.11, '0.40', 0, NULL, NULL),
(323, 247, 1.73, '0.45', 0, NULL, NULL),
(323, 248, 2.01, '0.39', 0, NULL, NULL),
(324, 314, 1.63, '0.35', 0, NULL, NULL),
(324, 315, 1.82, '0.51', 0, NULL, NULL),
(324, 329, 1.82, '0.35', 0, NULL, NULL),
(325, 232, 2.21, '0.41', 0, NULL, NULL),
(325, 314, 1.44, '0.34', 0, NULL, NULL),
(325, 315, 1.82, '0.47', 0, NULL, NULL),
(325, 330, 1.92, '0.35', 0, NULL, NULL),
(326, 331, 2.21, '0.39', 0, NULL, NULL),
(327, 232, 1.92, '0.42', 0, NULL, NULL),
(327, 248, 2.01, '0.44', 0, NULL, NULL),
(327, 249, 2.4, '0.53', 0, NULL, NULL),
(327, 250, 2.21, '0.41', 0, NULL, NULL),
(327, 330, 1.92, '0.40', 0, NULL, NULL),
(328, 332, 2.01, '0.37', 0, NULL, NULL),
(329, 232, 1.82, '0.39', 0, NULL, NULL),
(329, 330, 1.82, '0.37', 0, NULL, NULL),
(329, 333, 2.21, '0.51', 0, NULL, NULL),
(329, 334, 1.82, '0.39', 0, NULL, NULL),
(329, 335, 2.21, '0.35', 0, NULL, NULL),
(330, 334, 2.21, '0.35', 0, NULL, NULL),
(331, 248, 2.01, '0.40', 0, NULL, NULL),
(331, 249, 2.4, '0.50', 0, NULL, NULL),
(331, 250, 2.21, '0.38', 0, NULL, NULL),
(331, 332, 2.01, '0.36', 0, NULL, NULL),
(331, 336, 2.11, '0.36', 0, NULL, NULL),
(332, 333, 2.21, '0.49', 0, NULL, NULL),
(332, 334, 1.44, '0.37', 0, NULL, NULL),
(332, 335, 2.21, '0.33', 0, NULL, NULL),
(332, 337, 2.21, '0.33', 0, NULL, NULL),
(333, 332, 2.01, '0.33', 0, NULL, NULL),
(333, 337, 1.82, '0.33', 0, NULL, NULL),
(333, 338, 2.21, '0.32', 0, NULL, NULL),
(334, 339, 2.01, '0.31', 0, NULL, NULL),
(335, 340, 2.11, '0.35', 0, NULL, NULL),
(336, 341, 2.4, '0.35', 0, NULL, NULL),
(337, 338, 2.21, '0.32', 0, NULL, NULL),
(337, 339, 2.21, '0.31', 0, NULL, NULL),
(337, 342, 1.82, '0.31', 0, NULL, NULL),
(338, 343, 2.01, '0.31', 0, NULL, NULL),
(339, 334, 2.21, '0.40', 0, NULL, NULL),
(340, 232, 1.82, '0.41', 0, NULL, NULL),
(340, 314, 1.44, '0.35', 0, NULL, NULL),
(340, 315, 1.82, '0.49', 0, NULL, NULL),
(340, 330, 1.82, '0.39', 0, NULL, NULL),
(340, 334, 1.82, '0.40', 0, NULL, NULL),
(340, 335, 2.21, '0.35', 0, NULL, NULL),
(341, 330, 1.82, '0.37', 0, NULL, NULL),
(341, 333, 2.21, '0.49', 0, NULL, NULL),
(341, 334, 1.82, '0.39', 0, NULL, NULL),
(341, 335, 2.21, '0.35', 0, NULL, NULL),
(341, 337, 2.21, '0.35', 0, NULL, NULL),
(342, 332, 2.21, '0.35', 0, NULL, NULL),
(343, 332, 2.21, '0.33', 0, NULL, NULL),
(343, 337, 2.21, '0.33', 0, NULL, NULL),
(344, 332, 2.21, '0.37', 0, NULL, NULL),
(345, 332, 1.82, '0.33', 0, NULL, NULL),
(345, 344, 2.21, '0.33', 0, NULL, NULL),
(346, 342, 2.21, '0.31', 0, NULL, NULL),
(347, 344, 2.01, '0.32', 0, NULL, NULL),
(347, 345, 1.82, '0.32', 0, NULL, NULL),
(348, 346, 1.63, '0.32', 0, NULL, NULL),
(349, 345, 1.92, '0.32', 0, NULL, NULL),
(350, 347, 1.82, '0.34', 0, NULL, NULL),
(351, 348, 1.63, '0.36', 0, NULL, NULL),
(351, 349, 1.63, '0.48', 0, NULL, NULL),
(351, 350, 1.63, '0.43', 0, NULL, NULL),
(352, 351, 2, '0.41', 0, NULL, NULL),
(352, 352, 2.5, '0.49', 0, NULL, NULL),
(352, 353, 1.5, '0.35', 0, NULL, NULL),
(353, 351, 1.63, '0.39', 0, NULL, NULL),
(353, 352, 2.01, '0.47', 0, NULL, NULL),
(353, 353, 1.63, '0.35', 0, NULL, NULL),
(353, 354, 2.01, '0.44', 0, NULL, NULL),
(354, 353, 1.82, '0.35', 0, NULL, NULL),
(354, 355, 2.59, '0.35', 0, NULL, NULL),
(354, 356, 2.21, '0.35', 0, NULL, NULL),
(355, 352, 2.21, '0.47', 0, NULL, NULL),
(355, 357, 1.63, '0.39', 0, NULL, NULL),
(355, 358, 1.63, '0.35', 0, NULL, NULL),
(356, 356, 1.63, '0.31', 0, NULL, NULL),
(356, 358, 1.63, '0.35', 0, NULL, NULL),
(356, 359, 1.63, '0.37', 0, NULL, NULL),
(356, 360, 1.63, '0.31', 0, NULL, NULL),
(357, 657, 1.73, '0.29', 0, NULL, NULL),
(358, 361, 1.63, '0.35', 0, NULL, NULL),
(358, 362, 1.92, '0.34', 0, NULL, NULL),
(358, 363, 2.01, '0.33', 0, NULL, NULL),
(359, 356, 1.82, '0.31', 0, NULL, NULL),
(360, 356, 1.63, '0.31', 0, NULL, NULL),
(360, 358, 1.63, '0.35', 1, 10, 1.09),
(360, 360, 1.63, '0.31', 0, NULL, NULL),
(360, 364, 2.21, '0.30', 0, NULL, NULL),
(361, 355, 1.92, '0.32', 0, NULL, NULL),
(361, 356, 1.53, '0.29', 0, NULL, NULL),
(361, 365, 1.92, '0.34', 0, NULL, NULL),
(362, 356, 1.63, '0.31', 0, NULL, NULL),
(362, 363, 2.01, '0.32', 0, NULL, NULL),
(362, 364, 1.82, '0.30', 0, NULL, NULL),
(362, 366, 1.63, '0.29', 0, NULL, NULL),
(363, 364, 2.45, '0.36', 0, NULL, NULL),
(363, 366, 2.25, '0.34', 0, NULL, NULL),
(363, 367, 2.35, '0.34', 0, NULL, NULL),
(364, 368, 1.82, '0.31', 0, NULL, NULL),
(364, 369, 2.3, '0.36', 0, NULL, NULL),
(365, 363, 1.63, '0.32', 0, NULL, NULL),
(365, 366, 1.44, '0.29', 0, NULL, NULL),
(365, 368, 1.63, '0.30', 0, NULL, NULL),
(366, 370, 3.26, '0.38', 0, NULL, NULL),
(367, 371, 1.63, '0.29', 0, NULL, NULL),
(368, 370, 3.55, '0.40', 0, NULL, NULL),
(369, 372, 5, '0.80', 0, NULL, NULL),
(370, 373, 5.27, '0.73', 0, NULL, NULL),
(371, 374, 5.27, '0.75', 0, NULL, NULL),
(371, 375, 5.27, '0.73', 0, NULL, NULL),
(372, 374, 4.79, '0.71', 0, NULL, NULL),
(372, 375, 4.79, '0.69', 0, NULL, NULL),
(373, 375, 4.31, '0.65', 0, NULL, NULL),
(373, 376, 4.31, '0.69', 0, NULL, NULL),
(374, 375, 4.6, '0.63', 0, NULL, NULL),
(374, 376, 4.6, '0.67', 0, NULL, NULL),
(375, 369, 4.6, '0.63', 0, NULL, NULL),
(375, 376, 3.84, '0.63', 0, NULL, NULL),
(376, 369, 4.12, '0.60', 0, NULL, NULL),
(376, 377, 4.31, '0.62', 0, NULL, NULL),
(377, 369, 4.12, '0.60', 0, NULL, NULL),
(377, 377, 4.31, '0.62', 0, NULL, NULL),
(377, 378, 4.6, '0.71', 0, NULL, NULL),
(378, 379, 5.85, '1.04', 0, NULL, NULL),
(379, 380, 2, '0.54', 0, NULL, NULL),
(379, 381, 2, '0.46', 0, NULL, NULL),
(380, 99, 2.01, '0.44', 0, NULL, NULL),
(380, 312, 1.82, '0.43', 1, 4, 0.63),
(380, 382, 2.01, '0.46', 0, NULL, NULL),
(381, 99, 1.63, '0.44', 0, NULL, NULL),
(381, 383, 2.21, '0.44', 0, NULL, NULL),
(381, 384, 2.21, '0.42', 0, NULL, NULL),
(382, 384, 2.21, '0.40', 0, NULL, NULL),
(382, 385, 1.63, '0.40', 0, NULL, NULL),
(383, 386, 2.21, '0.33', 0, NULL, NULL),
(383, 387, 1.92, '0.38', 0, NULL, NULL),
(384, 252, 2.01, '0.38', 0, NULL, NULL),
(385, 388, 2.21, '0.35', 0, NULL, NULL),
(386, 389, 2.4, '0.35', 0, NULL, NULL),
(386, 390, 2.4, '0.35', 0, NULL, NULL),
(387, 390, 2.21, '0.36', 0, NULL, NULL),
(387, 391, 2.4, '0.40', 0, NULL, NULL),
(387, 392, 2.21, '0.38', 0, NULL, NULL),
(388, 392, 2.01, '0.36', 0, NULL, NULL),
(388, 393, 2.21, '0.40', 0, NULL, NULL),
(389, 394, 1.92, '0.40', 0, NULL, NULL),
(390, 128, 2.3, '0.46', 0, NULL, NULL),
(390, 395, 2, '0.34', 0, NULL, NULL),
(391, 396, 2.21, '0.40', 0, NULL, NULL),
(391, 397, 1.92, '0.35', 0, NULL, NULL),
(392, 396, 2.21, '0.40', 0, NULL, NULL),
(392, 397, 1.92, '0.35', 0, NULL, NULL),
(392, 398, 2.4, '0.38', 0, NULL, NULL),
(393, 399, 1.82, '0.35', 0, NULL, NULL),
(394, 396, 2.21, '0.40', 0, NULL, NULL),
(394, 397, 1.92, '0.35', 0, NULL, NULL),
(394, 398, 2.59, '0.38', 0, NULL, NULL),
(394, 400, 2.78, '0.41', 0, NULL, NULL),
(394, 401, 2.68, '0.37', 0, NULL, NULL),
(395, 162, 2.4, '0.40', 0, NULL, NULL),
(396, 402, 1.92, '0.34', 0, NULL, NULL),
(397, 401, 2.59, '0.37', 0, NULL, NULL),
(397, 403, 2.21, '0.35', 0, NULL, NULL),
(397, 404, 2.4, '0.35', 0, NULL, NULL),
(397, 405, 2.59, '0.36', 0, NULL, NULL),
(398, 406, 2.4, '0.34', 0, NULL, NULL),
(399, 407, 2.11, '0.32', 0, NULL, NULL),
(400, 160, 3.26, '0.44', 0, NULL, NULL),
(400, 398, 2.78, '0.40', 0, NULL, NULL),
(400, 408, 3.26, '0.46', 0, NULL, NULL),
(401, 160, 3.26, '0.44', 0, NULL, NULL),
(401, 404, 2.4, '0.35', 0, NULL, NULL),
(401, 408, 3.26, '0.46', 0, NULL, NULL),
(402, 162, 2.88, '0.42', 0, NULL, NULL),
(403, 162, 2.68, '0.40', 0, NULL, NULL),
(404, 160, 2.78, '0.44', 0, NULL, NULL),
(404, 404, 2.21, '0.36', 0, NULL, NULL),
(404, 409, 2.78, '0.38', 0, NULL, NULL),
(405, 405, 2.68, '0.35', 0, NULL, NULL),
(406, 410, 2.4, '0.37', 0, NULL, NULL),
(407, 411, 1.63, '0.38', 0, NULL, NULL),
(407, 412, 2.01, '0.36', 0, NULL, NULL),
(408, 178, 1.82, '0.36', 0, NULL, NULL),
(408, 179, 2.21, '0.40', 0, NULL, NULL),
(409, 178, 1.63, '0.35', 0, NULL, NULL),
(409, 179, 2.21, '0.38', 0, NULL, NULL),
(409, 413, 1.63, '0.38', 0, NULL, NULL),
(410, 413, 2.21, '0.41', 0, NULL, NULL),
(410, 414, 1.63, '0.36', 0, NULL, NULL),
(411, 414, 1.63, '0.35', 0, NULL, NULL),
(411, 415, 1.92, '0.35', 0, NULL, NULL),
(412, 415, 1.82, '0.34', 0, NULL, NULL),
(412, 416, 1.73, '0.34', 0, NULL, NULL),
(412, 417, 2.88, '0.38', 0, NULL, NULL),
(413, 417, 2.78, '0.36', 0, NULL, NULL),
(413, 418, 2.78, '0.36', 0, NULL, NULL),
(413, 419, 2.68, '0.35', 0, NULL, NULL),
(414, 420, 2.78, '0.35', 0, NULL, NULL),
(415, 419, 2.4, '0.35', 0, NULL, NULL),
(415, 421, 2.4, '0.38', 0, NULL, NULL),
(416, 421, 2.4, '0.36', 0, NULL, NULL),
(417, 422, 2, '0.56', 1, 15, 0.13),
(417, 423, 2.7, '0.50', 0, NULL, NULL),
(418, 424, 1.9, '0.46', 0, NULL, NULL),
(418, 425, 1.7, '0.44', 0, NULL, NULL),
(418, 426, 2.1, '0.50', 0, NULL, NULL),
(419, 425, 2.2, '0.40', 0, NULL, NULL),
(420, 427, 1.44, '0.39', 0, NULL, NULL),
(420, 428, 1.44, '0.35', 0, NULL, NULL),
(421, 427, 1.44, '0.39', 0, NULL, NULL),
(422, 384, 2.01, '0.40', 0, NULL, NULL),
(422, 429, 2.21, '0.40', 0, NULL, NULL),
(423, 422, 1.5, '0.56', 1, 30, 0.13),
(423, 423, 1.9, '0.45', 0, NULL, NULL),
(423, 426, 2.1, '0.50', 0, NULL, NULL),
(424, 426, 2.01, '0.38', 0, NULL, NULL),
(424, 430, 2.01, '0.39', 0, NULL, NULL),
(425, 384, 2.21, '0.42', 0, NULL, NULL),
(425, 426, 2.21, '0.44', 0, NULL, NULL),
(425, 427, 1.44, '0.39', 0, NULL, NULL),
(425, 428, 1.44, '0.35', 0, NULL, NULL),
(426, 384, 2.01, '0.40', 0, NULL, NULL),
(426, 429, 2.21, '0.40', 0, NULL, NULL),
(426, 431, 2.21, '0.51', 0, NULL, NULL),
(427, 429, 2.21, '0.40', 0, NULL, NULL),
(427, 431, 2.21, '0.51', 0, NULL, NULL),
(427, 432, 2.21, '0.41', 0, NULL, NULL),
(427, 433, 2.21, '0.35', 0, NULL, NULL),
(428, 433, 2.21, '0.35', 0, NULL, NULL),
(429, 433, 2.01, '0.35', 0, NULL, NULL),
(429, 434, 2.01, '0.35', 0, NULL, NULL),
(430, 433, 1.63, '0.34', 0, NULL, NULL),
(430, 434, 1.63, '0.34', 0, NULL, NULL),
(430, 435, 1.63, '0.34', 1, 3, 1),
(431, 255, 2.21, '0.36', 0, NULL, NULL),
(431, 436, 2.21, '0.36', 0, NULL, NULL),
(431, 437, 2.11, '0.36', 0, NULL, NULL),
(432, 436, 1.82, '0.34', 0, NULL, NULL),
(433, 437, 1.63, '0.35', 0, NULL, NULL),
(433, 438, 2.01, '0.36', 0, NULL, NULL),
(434, 438, 1.92, '0.35', 0, NULL, NULL),
(435, 439, 2.49, '0.46', 0, NULL, NULL),
(436, 431, 2.21, '0.38', 0, NULL, NULL),
(436, 439, 2.21, '0.40', 0, NULL, NULL),
(437, 432, 2.01, '0.38', 0, NULL, NULL),
(437, 433, 2.21, '0.37', 0, NULL, NULL),
(437, 440, 2.78, '0.52', 0, NULL, NULL),
(438, 34, 2.21, '0.36', 0, NULL, NULL),
(439, 441, 3.07, '0.41', 0, NULL, NULL),
(439, 442, 3.55, '0.56', 0, NULL, NULL),
(440, 441, 3.07, '0.39', 0, NULL, NULL),
(440, 442, 3.36, '0.54', 0, NULL, NULL),
(440, 443, 3.16, '0.40', 0, NULL, NULL),
(441, 441, 2.97, '0.39', 0, NULL, NULL),
(441, 442, 3.16, '0.52', 0, NULL, NULL),
(441, 444, 2.97, '0.40', 0, NULL, NULL),
(442, 445, 2.21, '0.36', 0, NULL, NULL),
(442, 446, 3.07, '0.47', 0, NULL, NULL),
(442, 447, 2.78, '0.38', 0, NULL, NULL),
(443, 446, 2.78, '0.45', 0, NULL, NULL),
(443, 447, 2.4, '0.36', 0, NULL, NULL),
(444, 380, 2, '0.54', 0, NULL, NULL),
(444, 448, 2, '0.58', 1, 15, 0.13),
(445, 448, 1.5, '0.54', 1, 30, 0.13),
(445, 449, 1.3, '0.43', 0, NULL, NULL),
(445, 450, 1.7, '0.53', 0, NULL, NULL),
(446, 380, 2, '0.50', 0, NULL, NULL),
(446, 449, 1.8, '0.43', 0, NULL, NULL),
(446, 451, 2, '0.48', 0, NULL, NULL),
(447, 380, 2, '0.54', 0, NULL, NULL),
(447, 449, 1.5, '0.43', 0, NULL, NULL),
(447, 451, 2, '0.48', 0, NULL, NULL),
(448, 380, 2, '0.50', 0, NULL, NULL),
(448, 449, 1.9, '0.43', 0, NULL, NULL),
(448, 451, 2, '0.48', 0, NULL, NULL),
(449, 449, 1.7, '0.45', 0, NULL, NULL),
(449, 450, 2.3, '0.53', 0, NULL, NULL),
(449, 451, 2, '0.48', 0, NULL, NULL),
(449, 452, 2.5, '0.47', 0, NULL, NULL),
(450, 450, 1.63, '0.51', 0, NULL, NULL),
(450, 452, 1.63, '0.45', 0, NULL, NULL),
(450, 453, 2.4, '0.44', 0, NULL, NULL),
(451, 454, 2.3, '0.42', 0, NULL, NULL),
(451, 455, 2.1, '0.40', 0, NULL, NULL),
(451, 456, 2.9, '0.38', 0, NULL, NULL),
(452, 457, 2.4, '0.40', 1, 4, 2.5),
(452, 458, 2.21, '0.38', 1, 4, 2.5),
(453, 459, 1.34, '0.35', 0, NULL, NULL),
(453, 460, 1.73, '0.39', 0, NULL, NULL),
(453, 461, 1.63, '0.38', 0, NULL, NULL),
(454, 462, 2.21, '0.35', 1, 8, 1),
(455, 457, 2.21, '0.40', 1, 4, 2),
(455, 458, 1.92, '0.36', 1, 4, 2),
(456, 461, 1.73, '0.38', 0, NULL, NULL),
(456, 463, 1.73, '0.39', 0, NULL, NULL),
(456, 464, 1.53, '0.38', 0, NULL, NULL),
(457, 465, 2.21, '0.36', 1, 4, 2),
(457, 466, 2.21, '0.36', 1, 4, 2),
(458, 467, 2.78, '0.36', 1, 3, 2.5),
(459, 468, 1.53, '0.39', 0, NULL, NULL),
(459, 469, 1.73, '0.39', 0, NULL, NULL),
(459, 470, 1.53, '0.38', 0, NULL, NULL),
(460, 471, 2.21, '0.35', 1, 4, 2),
(460, 472, 2.59, '0.36', 1, 4, 2.21),
(461, 470, 1.53, '0.36', 0, NULL, NULL),
(461, 473, 1.34, '0.36', 0, NULL, NULL),
(462, 474, 2.21, '0.40', 1, 3, 2.73),
(463, 475, 1.34, '0.36', 0, NULL, NULL),
(464, 449, 1.5, '0.45', 0, NULL, NULL),
(464, 450, 2, '0.53', 0, NULL, NULL),
(464, 452, 2, '0.47', 0, NULL, NULL),
(464, 476, 2.3, '0.39', 0, NULL, NULL),
(465, 450, 1.3, '0.40', 0, NULL, NULL),
(465, 452, 1.3, '0.38', 0, NULL, NULL),
(465, 476, 1.7, '0.38', 0, NULL, NULL),
(466, 452, 1.25, '0.35', 0, NULL, NULL),
(466, 453, 2.01, '0.43', 0, NULL, NULL),
(466, 476, 1.63, '0.35', 0, NULL, NULL),
(466, 477, 1.82, '0.35', 0, NULL, NULL),
(466, 478, 2.21, '0.41', 0, NULL, NULL),
(467, 453, 2.1, '0.43', 0, NULL, NULL),
(467, 478, 2, '0.39', 0, NULL, NULL),
(467, 479, 2.6, '0.54', 0, NULL, NULL),
(468, 480, 1.73, '0.33', 0, NULL, NULL),
(469, 481, 2.59, '0.36', 1, 4, 2.5),
(470, 482, 2.3, '0.34', 0, NULL, NULL),
(471, 483, 2.21, '0.32', 0, NULL, NULL),
(471, 484, 2.3, '0.34', 0, NULL, NULL),
(471, 485, 2.21, '0.35', 0, NULL, NULL),
(472, 483, 2.78, '0.36', 1, 6, 2.73),
(472, 484, 2.4, '0.35', 1, 6, 2.73),
(472, 486, 2.59, '0.36', 1, 6, 2.73),
(473, 485, 1.92, '0.35', 0, NULL, NULL),
(474, 483, 2.21, '0.36', 1, 6, 2.22),
(474, 484, 2.4, '0.35', 1, 6, 2.73),
(474, 487, 2.59, '0.36', 1, 5, 2.73),
(475, 450, 1.47, '0.51', 0, NULL, NULL),
(475, 452, 1.47, '0.45', 0, NULL, NULL),
(475, 476, 1.47, '0.38', 0, NULL, NULL),
(476, 453, 2.21, '0.44', 0, NULL, NULL),
(476, 478, 2.21, '0.41', 0, NULL, NULL),
(476, 488, 2.4, '0.36', 0, NULL, NULL),
(477, 250, 2.21, '0.41', 0, NULL, NULL),
(477, 483, 2.59, '0.37', 0, NULL, NULL),
(477, 488, 2.21, '0.38', 0, NULL, NULL),
(477, 489, 3.26, '0.39', 0, NULL, NULL),
(477, 490, 3.26, '0.36', 0, NULL, NULL),
(478, 483, 2.21, '0.36', 0, NULL, NULL),
(478, 488, 2.21, '0.38', 0, NULL, NULL),
(478, 489, 2.59, '0.39', 0, NULL, NULL),
(478, 490, 2.4, '0.35', 0, NULL, NULL),
(479, 483, 2.88, '0.36', 1, 6, 2.73),
(479, 484, 2.88, '0.35', 1, 6, 2.73),
(479, 490, 2.88, '0.35', 1, 6, 2.73),
(480, 484, 2.88, '0.33', 0, NULL, NULL),
(480, 490, 2.21, '0.36', 0, NULL, NULL),
(480, 491, 2.59, '0.35', 0, NULL, NULL),
(481, 484, 2.78, '0.35', 0, NULL, NULL),
(482, 490, 2.21, '0.35', 0, NULL, NULL),
(483, 484, 2.59, '0.35', 1, 6, 2.73),
(483, 490, 2.59, '0.35', 1, 6, 2.73),
(483, 492, 2.59, '0.34', 1, 4, 3.33),
(484, 493, 1.92, '0.33', 0, NULL, NULL),
(484, 494, 2.21, '0.35', 0, NULL, NULL),
(485, 492, 2.4, '0.34', 1, 4, 2.5),
(486, 495, 1.73, '0.32', 0, NULL, NULL),
(486, 496, 2.11, '0.34', 0, NULL, NULL),
(487, 497, 1.44, '0.39', 0, NULL, NULL),
(487, 498, 1.82, '0.35', 0, NULL, NULL),
(487, 499, 1.63, '0.41', 1, 10, 0.34),
(488, 500, 1.44, '0.35', 0, NULL, NULL),
(489, 498, 1.63, '0.34', 0, NULL, NULL),
(489, 501, 1.92, '0.37', 0, NULL, NULL),
(490, 502, 1.63, '0.43', 0, NULL, NULL),
(490, 503, 1.63, '0.39', 0, NULL, NULL),
(490, 504, 2.21, '0.51', 0, NULL, NULL),
(491, 505, 2.21, '0.35', 0, NULL, NULL),
(491, 506, 2.59, '0.38', 0, NULL, NULL),
(492, 480, 2.01, '0.35', 0, NULL, NULL),
(492, 502, 1.63, '0.43', 0, NULL, NULL),
(492, 503, 1.63, '0.39', 0, NULL, NULL),
(492, 506, 1.63, '0.36', 0, NULL, NULL),
(492, 507, 2.21, '0.37', 0, NULL, NULL),
(493, 480, 2.21, '0.33', 0, NULL, NULL),
(493, 506, 1.63, '0.36', 0, NULL, NULL),
(493, 508, 2.78, '0.33', 0, NULL, NULL),
(494, 480, 1.63, '0.33', 0, NULL, NULL),
(494, 508, 2.21, '0.33', 0, NULL, NULL),
(494, 509, 2.59, '0.35', 1, 3, 2.7),
(495, 510, 1.92, '0.29', 0, NULL, NULL),
(496, 509, 2.4, '0.34', 1, 4, 2.4),
(497, 511, 2.88, '0.35', 1, 3, 5),
(498, 509, 2.21, '0.33', 1, 6, 2),
(499, 512, 4.5, '0.77', 0, NULL, NULL),
(500, 513, 5.27, '0.81', 0, NULL, NULL),
(500, 514, 5.27, '0.77', 0, NULL, NULL),
(501, 515, 5.27, '0.74', 0, NULL, NULL),
(501, 516, 5.27, '0.71', 0, NULL, NULL),
(502, 88, 4.89, '0.70', 0, NULL, NULL),
(503, 514, 4.79, '0.71', 0, NULL, NULL),
(503, 516, 4.79, '0.66', 0, NULL, NULL),
(504, 517, 5.75, '0.71', 0, NULL, NULL),
(504, 518, 5.75, '0.67', 0, NULL, NULL),
(505, 518, 4.99, '0.68', 0, NULL, NULL),
(505, 519, 4.79, '0.66', 0, NULL, NULL),
(506, 519, 5.75, '0.65', 0, NULL, NULL),
(506, 520, 5.27, '0.63', 0, NULL, NULL),
(507, 520, 5.27, '0.60', 0, NULL, NULL),
(507, 521, 4.31, '0.60', 0, NULL, NULL),
(508, 521, 4.31, '0.58', 1, 3, 10),
(509, 522, 2.1, '0.44', 0, NULL, NULL),
(509, 523, 1.9, '0.42', 0, NULL, NULL),
(510, 524, 1.9, '0.40', 0, NULL, NULL),
(510, 525, 1.7, '0.38', 0, NULL, NULL),
(511, 524, 1.9, '0.40', 0, NULL, NULL),
(511, 525, 1.7, '0.38', 0, NULL, NULL),
(511, 526, 1.5, '0.38', 0, NULL, NULL),
(511, 527, 1.7, '0.38', 1, 3, 1),
(512, 528, 2.11, '0.38', 0, NULL, NULL),
(512, 529, 2.11, '0.36', 0, NULL, NULL),
(512, 530, 1.92, '0.35', 0, NULL, NULL),
(513, 531, 2.4, '0.38', 0, NULL, NULL),
(513, 532, 2.21, '0.36', 0, NULL, NULL),
(514, 532, 2.21, '0.38', 0, NULL, NULL),
(514, 533, 2.01, '0.36', 1, 3, 1.33),
(515, 534, 2.21, '0.35', 0, NULL, NULL),
(516, 535, 2.21, '0.35', 0, NULL, NULL),
(516, 536, 2.3, '0.36', 0, NULL, NULL),
(517, 534, 2.21, '0.35', 0, NULL, NULL),
(517, 536, 2.3, '0.36', 0, NULL, NULL),
(517, 537, 1.92, '0.35', 0, NULL, NULL),
(517, 538, 2.3, '0.38', 0, NULL, NULL),
(518, 539, 2.11, '0.36', 1, 3, 1.8),
(519, 540, 2.4, '0.35', 0, NULL, NULL),
(519, 541, 2.21, '0.35', 0, NULL, NULL),
(519, 542, 2.11, '0.34', 1, 3, 1.8),
(520, 542, 2.01, '0.34', 1, 4, 1.5),
(521, 543, 1.9, '0.44', 0, NULL, NULL),
(521, 544, 2.5, '0.50', 1, 10, 0.3),
(522, 544, 1.92, '0.46', 1, 10, 0.3),
(523, 545, 1.92, '0.46', 1, 10, 0.3),
(523, 546, 1.73, '0.40', 0, NULL, NULL),
(524, 546, 1.82, '0.36', 0, NULL, NULL),
(524, 547, 1.53, '0.36', 0, NULL, NULL),
(525, 548, 1.92, '0.36', 0, NULL, NULL),
(525, 549, 2.4, '0.36', 0, NULL, NULL),
(525, 550, 2.59, '0.38', 0, NULL, NULL),
(526, 550, 2.21, '0.36', 0, NULL, NULL),
(526, 551, 2.4, '0.36', 0, NULL, NULL),
(527, 552, 1.92, '0.34', 0, NULL, NULL),
(527, 553, 1.73, '0.32', 0, NULL, NULL),
(528, 553, 2.21, '0.34', 1, 4, 2),
(529, 551, 1.73, '0.32', 0, NULL, NULL),
(529, 553, 1.73, '0.32', 0, NULL, NULL),
(529, 554, 2.88, '0.40', 0, NULL, NULL),
(530, 555, 2.21, '0.32', 0, NULL, NULL),
(531, 556, 1.92, '0.35', 0, NULL, NULL),
(531, 557, 1.82, '0.35', 0, NULL, NULL),
(531, 558, 2.01, '0.36', 0, NULL, NULL),
(532, 558, 2.21, '0.35', 0, NULL, NULL),
(532, 559, 2.11, '0.35', 0, NULL, NULL),
(533, 560, 2.11, '0.34', 0, NULL, NULL),
(534, 561, 3.07, '0.37', 1, 3, 3),
(534, 562, 3.07, '0.36', 1, 3, 3),
(535, 562, 2.88, '0.35', 1, 3, 3),
(535, 563, 2.68, '0.36', 1, 3, 3),
(536, 563, 2.4, '0.35', 1, 3, 2.75),
(537, 564, 1.82, '0.48', 1, 20, 0.25),
(537, 565, 1.92, '0.38', 0, NULL, NULL),
(538, 566, 2.4, '0.39', 0, NULL, NULL),
(538, 567, 2.01, '0.37', 0, NULL, NULL),
(539, 568, 1.92, '0.38', 0, NULL, NULL),
(539, 569, 1.82, '0.36', 0, NULL, NULL),
(539, 570, 3.36, '0.54', 0, NULL, NULL),
(540, 571, 2.21, '0.52', 0, NULL, NULL),
(540, 572, 2.01, '0.40', 0, NULL, NULL),
(541, 573, 2.01, '0.35', 0, NULL, NULL),
(541, 574, 1.82, '0.33', 0, NULL, NULL),
(542, 574, 2.01, '0.38', 0, NULL, NULL),
(542, 575, 2.21, '0.35', 0, NULL, NULL),
(543, 576, 2.94, '0.39', 0, NULL, NULL),
(544, 575, 2.94, '0.34', 0, NULL, NULL),
(544, 577, 2.94, '0.34', 0, NULL, NULL),
(545, 576, 2.94, '0.39', 0, NULL, NULL),
(545, 578, 2.94, '0.39', 0, NULL, NULL),
(546, 578, 2.94, '0.29', 0, NULL, NULL),
(547, 579, 2, '0.48', 1, 12, 0.25),
(547, 580, 2.8, '0.46', 0, NULL, NULL),
(548, 580, 2.4, '0.38', 0, NULL, NULL),
(548, 581, 2.21, '0.38', 0, NULL, NULL),
(548, 582, 2.21, '0.38', 0, NULL, NULL),
(549, 548, 2.21, '0.38', 0, NULL, NULL),
(549, 581, 2.21, '0.38', 0, NULL, NULL),
(550, 581, 1.82, '0.35', 0, NULL, NULL),
(550, 583, 2.4, '0.38', 1, 4, 0.4),
(550, 584, 1.92, '0.36', 0, NULL, NULL),
(551, 583, 1.82, '0.35', 1, 4, 0.4),
(551, 585, 2.4, '0.36', 0, NULL, NULL),
(551, 586, 2.4, '0.36', 0, NULL, NULL),
(552, 586, 2.01, '0.36', 0, NULL, NULL),
(552, 587, 2.21, '0.38', 0, NULL, NULL),
(552, 588, 2.59, '0.38', 0, NULL, NULL),
(553, 33, 2.21, '0.34', 0, NULL, NULL),
(554, 588, 2.21, '0.38', 0, NULL, NULL),
(554, 589, 2.21, '0.38', 0, NULL, NULL),
(555, 590, 2.88, '0.38', 0, NULL, NULL),
(556, 160, 2.88, '0.38', 0, NULL, NULL),
(556, 589, 1.92, '0.36', 0, NULL, NULL),
(556, 591, 2.59, '0.36', 0, NULL, NULL),
(557, 591, 2.4, '0.36', 0, NULL, NULL),
(557, 592, 2.88, '0.38', 0, NULL, NULL),
(558, 593, 2.88, '0.36', 0, NULL, NULL),
(559, 594, 2, '0.50', 0, NULL, NULL),
(559, 595, 2, '0.42', 0, NULL, NULL),
(560, 595, 2, '0.42', 0, NULL, NULL),
(560, 596, 1.6, '0.47', 1, 12, 0.25),
(561, 597, 1.9, '0.40', 0, NULL, NULL),
(561, 598, 1.8, '0.38', 0, NULL, NULL),
(562, 598, 1.7, '0.36', 0, NULL, NULL),
(562, 599, 2.2, '0.41', 0, NULL, NULL),
(562, 600, 2.2, '0.41', 0, NULL, NULL),
(563, 600, 2.11, '0.39', 0, NULL, NULL),
(563, 601, 2.21, '0.39', 0, NULL, NULL),
(563, 602, 2.3, '0.39', 0, NULL, NULL),
(564, 602, 2.11, '0.36', 0, NULL, NULL),
(564, 603, 2.3, '0.38', 0, NULL, NULL),
(565, 604, 2.11, '0.33', 1, 3, 2.5),
(565, 605, 2.01, '0.32', 1, 3, 2.5),
(566, 606, 2.01, '0.32', 1, 3, 2),
(567, 607, 2.01, '0.32', 1, 3, 2),
(567, 608, 2.4, '0.35', 1, 3, 3),
(568, 609, 2.4, '0.34', 1, 4, 2.5),
(569, 610, 2.59, '0.36', 0, NULL, NULL),
(570, 280, 2.21, '0.32', 0, NULL, NULL),
(570, 356, 1.82, '0.31', 0, NULL, NULL),
(570, 611, 2.01, '0.34', 0, NULL, NULL),
(571, 612, 2.4, '0.36', 0, NULL, NULL),
(572, 613, 2.4, '0.36', 0, NULL, NULL),
(573, 614, 2.4, '0.36', 0, NULL, NULL),
(574, 160, 3.26, '0.44', 0, NULL, NULL),
(575, 615, 3.36, '0.42', 0, NULL, NULL),
(576, 586, 2.01, '0.37', 0, NULL, NULL),
(576, 587, 2.4, '0.39', 0, NULL, NULL),
(577, 586, 2.01, '0.35', 0, NULL, NULL),
(577, 588, 2.49, '0.38', 0, NULL, NULL),
(577, 616, 2.49, '0.48', 0, NULL, NULL),
(578, 617, 2.21, '0.37', 0, NULL, NULL),
(578, 618, 2.21, '0.37', 0, NULL, NULL),
(578, 619, 2.01, '0.39', 0, NULL, NULL),
(579, 619, 2.59, '0.38', 0, NULL, NULL),
(579, 620, 2.4, '0.37', 0, NULL, NULL),
(579, 621, 2.4, '0.36', 0, NULL, NULL),
(580, 621, 2.4, '0.37', 0, NULL, NULL),
(580, 622, 2.01, '0.37', 0, NULL, NULL),
(580, 623, 2.4, '0.36', 0, NULL, NULL),
(581, 624, 2.21, '0.35', 0, NULL, NULL),
(582, 625, 3.36, '0.40', 1, 2, 2),
(583, 626, 2.11, '0.36', 0, NULL, NULL),
(583, 627, 2.4, '0.36', 0, NULL, NULL),
(584, 627, 2.21, '0.36', 0, NULL, NULL),
(584, 628, 3.07, '0.40', 0, NULL, NULL),
(584, 629, 2.88, '0.38', 0, NULL, NULL),
(585, 630, 2.88, '0.38', 0, NULL, NULL),
(586, 631, 2.21, '0.37', 0, NULL, NULL),
(587, 332, 2.01, '0.35', 0, NULL, NULL),
(588, 632, 2.11, '0.38', 0, NULL, NULL),
(588, 633, 2.4, '0.4', 0, NULL, NULL),
(589, 634, 2.4, '0.36', 1, 3, 3.5),
(589, 635, 2.4, '0.36', 1, 3, 3.5),
(590, 635, 2.3, '0.35', 1, 3, 3),
(590, 636, 2.97, '0.33', 1, 4, 3),
(590, 637, 2.59, '0.35', 1, 3, 3.5),
(591, 638, 1.92, '0.32', 1, 3, 4),
(592, 639, 2.21, '0.32', 0, NULL, NULL),
(593, 640, 2.4, '0.38', 0, NULL, NULL),
(594, 641, 4.1, '0.58', 1, 2, 3.75),
(595, 642, 2.21, '0.42', 0, NULL, NULL),
(596, 643, 2.21, '0.35', 0, NULL, NULL),
(597, 644, 2.21, '0.33', 1, 4, 2),
(598, 645, 2.88, '0.40', 1, 2, 3.5),
(599, 646, 3.74, '0.32', 0, NULL, NULL),
(600, 647, 2.4, '0.33', 0, NULL, NULL),
(601, 252, 2.01, '0.38', 0, NULL, NULL),
(601, 648, 2.01, '0.37', 0, NULL, NULL),
(601, 649, 2.3, '0.40', 0, NULL, NULL),
(602, 650, 2.3, '0.39', 0, NULL, NULL),
(602, 651, 2.21, '0.39', 0, NULL, NULL),
(603, 340, 2.01, '0.35', 0, NULL, NULL),
(603, 650, 2.11, '0.37', 0, NULL, NULL),
(603, 652, 2.21, '0.37', 0, NULL, NULL),
(604, 340, 1.82, '0.34', 0, NULL, NULL),
(604, 653, 1.92, '0.34', 0, NULL, NULL),
(604, 654, 2.4, '0.36', 0, NULL, NULL),
(605, 655, 1.92, '0.34', 0, NULL, NULL),
(605, 656, 2.4, '0.36', 0, NULL, NULL),
(613, 665, 1.8, '0.35', 0, NULL, NULL),
(659, 668, 1.7, '0.37', 0, NULL, NULL),
(659, 674, 1.9, '0.4', 0, NULL, NULL),
(659, 675, 1.7, '0.4', 0, NULL, NULL),
(660, 668, 1.7, '0.35', 0, NULL, NULL),
(660, 669, 2.7, '0.42', 0, NULL, NULL),
(660, 670, 2.3, '0.4', 0, NULL, NULL),
(660, 671, 3.7, '0.44', 0, NULL, NULL),
(670, 669, 2.59, '0.36', 0, NULL, NULL),
(670, 688, 2.59, '0.4', 1, 3, 7),
(670, 689, 2.59, '0.35', 0, NULL, NULL),
(672, 688, 2.3, '0.38', 1, 3, 7),
(672, 690, 2.3, '0.4', 1, 3, 7),
(672, 691, 2.11, '0.35', 1, 3, 5),
(672, 692, 2.21, '0.38', 1, 3, 7),
(673, 691, 1.63, '0.35', 1, 4, 4.5),
(673, 693, 2.59, '0.4', 1, 4, 8),
(673, 694, 2.4, '0.4', 1, 4, 6.6),
(674, 695, 2.21, '0.42', 1, 5, 8);
INSERT INTO `tank_has_gun` (`Tank_ID`, `Gun_idGun`, `Zamereni`, `Presnost`, `Autoloader`, `PocetRan`, `MeziNabijeni`) VALUES
(675, 603, 2.3, '0.38', 0, NULL, NULL),
(675, 604, 2.3, '0.38', 0, NULL, NULL),
(676, 696, 1.82, '0.34', 0, NULL, NULL);

-- --------------------------------------------------------

--
-- Struktura tabulky `tier`
--

DROP TABLE IF EXISTS `tier`;
CREATE TABLE IF NOT EXISTS `tier` (
  `idTier` int(11) NOT NULL AUTO_INCREMENT,
  `Tier` varchar(5) NOT NULL,
  PRIMARY KEY (`idTier`)
) ENGINE=InnoDB AUTO_INCREMENT=11 DEFAULT CHARSET=utf8;

--
-- Vypisuji data pro tabulku `tier`
--

INSERT INTO `tier` (`idTier`, `Tier`) VALUES
(1, 'I'),
(2, 'II'),
(3, 'III'),
(4, 'IV'),
(5, 'V'),
(6, 'VI'),
(7, 'VII'),
(8, 'VIII'),
(9, 'IX'),
(10, 'X');

--
-- Omezení pro exportované tabulky
--

--
-- Omezení pro tabulku `delo`
--
ALTER TABLE `delo`
  ADD CONSTRAINT `FK_delo_Tier` FOREIGN KEY (`GunTier`) REFERENCES `tier` (`idTier`) ON DELETE NO ACTION ON UPDATE NO ACTION;

--
-- Omezení pro tabulku `delo_has_naboj`
--
ALTER TABLE `delo_has_naboj`
  ADD CONSTRAINT `fk_Gun_has_Náboj_Gun1` FOREIGN KEY (`Delo_idDelo`) REFERENCES `delo` (`idGun`) ON DELETE NO ACTION ON UPDATE NO ACTION,
  ADD CONSTRAINT `fk_Gun_has_Náboj_Náboj1` FOREIGN KEY (`Naboj_idNaboj`) REFERENCES `naboj` (`idNaboj`) ON DELETE NO ACTION ON UPDATE NO ACTION;

--
-- Omezení pro tabulku `nabijeni`
--
ALTER TABLE `nabijeni`
  ADD CONSTRAINT `FK_gunId` FOREIGN KEY (`Tank_has_Gun_Gun_idGun`) REFERENCES `delo` (`idGun`) ON DELETE NO ACTION ON UPDATE NO ACTION,
  ADD CONSTRAINT `FK_tankId` FOREIGN KEY (`Tank_has_Gun_Tank_ID`) REFERENCES `tank` (`idTank`) ON DELETE NO ACTION ON UPDATE NO ACTION;

--
-- Omezení pro tabulku `tank`
--
ALTER TABLE `tank`
  ADD CONSTRAINT `fk_Tank_Kategorie1` FOREIGN KEY (`Kategorie`) REFERENCES `kategorie` (`idKategorie`) ON DELETE NO ACTION ON UPDATE NO ACTION,
  ADD CONSTRAINT `fk_Tank_Narod1` FOREIGN KEY (`Narod`) REFERENCES `narod` (`idNarod`) ON DELETE NO ACTION ON UPDATE NO ACTION,
  ADD CONSTRAINT `fk_Tank_Status1` FOREIGN KEY (`TankStatus`) REFERENCES `status` (`idStatus`) ON DELETE NO ACTION ON UPDATE NO ACTION,
  ADD CONSTRAINT `fk_Tank_Tier1` FOREIGN KEY (`TankTier`) REFERENCES `tier` (`idTier`) ON DELETE NO ACTION ON UPDATE NO ACTION;

--
-- Omezení pro tabulku `tank_has_gun`
--
ALTER TABLE `tank_has_gun`
  ADD CONSTRAINT `fk_Tank_has_Gun_Gun1` FOREIGN KEY (`Gun_idGun`) REFERENCES `delo` (`idGun`) ON DELETE NO ACTION ON UPDATE NO ACTION,
  ADD CONSTRAINT `fk_Tank_has_Gun_Tank` FOREIGN KEY (`Tank_ID`) REFERENCES `tank` (`idTank`) ON DELETE NO ACTION ON UPDATE NO ACTION;
COMMIT;

/*!40101 SET CHARACTER_SET_CLIENT=@OLD_CHARACTER_SET_CLIENT */;
/*!40101 SET CHARACTER_SET_RESULTS=@OLD_CHARACTER_SET_RESULTS */;
/*!40101 SET COLLATION_CONNECTION=@OLD_COLLATION_CONNECTION */;
